source_id,method,nodes,B_to_entry_chord_m,bridge_XY_length_m,length_chord_ratio,edge_lengths_m,maximum_turning_angle_rad,RMS_turning_angle_rad,reference_clearance_m,bridge_self_intersection,full_reference_self_intersection,max_bridge_node_XY_m,max_bridge_node_yaw_rad,max_complete_reference_XY_m,max_complete_reference_yaw_rad
OSA03_R00,HERMITE_BRIDGE,"[[19.203630553052257, 24.14333536015282, -1.5689760264727979], [19.246646553238477, 24.171950649998397, -1.3071717829249883], [19.29589449218289, 24.196826321126334, -1.0453675393771789]]",0.1066485694689392,0.10683830162206476,1.0017790407697948,"[0.05166440829979008, 0.05517389332227469]",0.11927542652600298,0.11927542652600298,0.22948689016047874,False,False,,,,
OSA03_R00,V2_GRAPH_BRIDGE,"[[19.203630553052257, 24.14333536015282, -1.5689760264727979], [19.24896253270143, 24.166268365412353, -1.3073180431113882], [19.29589449218289, 24.196826321126334, -1.0453675393771789]]",0.1066485694689392,0.10680621712697362,1.0014781975868914,"[0.05080266832703703, 0.05600354879993659]",0.10880777570314892,0.10880777570314892,0.22948689016047874,False,False,,,,
OSA03_R00,difference,,,,,,,,,,,0.006136132250009791,0.0001462601863999602,0.006136132250009791,0.0001462601863999602
episode_001_repeat_01/handoff_013,HERMITE_BRIDGE,"[[18.87406266585573, 9.874101626669443, -1.44686167546041], [18.812198060022766, 9.88413939468367, -1.577758413629508], [18.747621139721804, 9.891583390188735, -1.708655151798606]]",0.12764431670395746,0.12767820011640452,1.0002654517907417,"[0.06267364870162931, 0.06500455141477521]",0.04608527573818977,0.04608527573818977,0.7572532867773871,False,False,,,,
episode_001_repeat_01/handoff_013,V2_GRAPH_BRIDGE,"[[18.87406266585573, 9.874101626669443, -1.44686167546041], [18.81217257028359, 9.880600815932327, -1.5776668299536423], [18.747621139721804, 9.891583390188735, -1.708655151798606]]",0.12764431670395746,0.12770944144543747,1.0005102047875039,"[0.0622304056792437, 0.06547903576619378]",0.06389480631406297,0.06389480631406297,0.7572532867773871,False,False,,,,
episode_001_repeat_01/handoff_013,difference,,,,,,,,,,,0.0035386705563328607,9.158367586570293e-05,0.0035386705563328607,9.158367586570293e-05
episode_008_repeat_01/handoff_023,HERMITE_BRIDGE,"[[17.828542610626915, 31.820715881084176, -0.7099805094359564], [17.859429918969216, 31.905573691760832, -0.5171379937344605], [17.89727685765006, 31.99213199452277, -0.3242954780329643]]",0.1846831899774071,0.18477513216561747,1.0004978373409168,"[0.09030434014745671, 0.09447079201816076]",0.06311159166517921,0.06311159166517921,0.21148985508009666,False,False,,,,
episode_008_repeat_01/handoff_023,V2_GRAPH_BRIDGE,"[[17.828542610626915, 31.820715881084176, -0.7099805094359564], [17.865905785769044, 31.902046124197337, -0.5173952620484354], [17.89727685765006, 31.99213199452277, -0.3242954780329643]]",0.1846831899774071,0.1848939072093217,1.0011409659533193,"[0.08950204076750044, 0.09539186644182124]",0.09554228073632975,0.09554228073632975,0.21148985508009666,False,False,,,,
episode_008_repeat_01/handoff_023,difference,,,,,,,,,,,0.007374319204112393,0.00025726831397498984,0.007374319204112393,0.00025726831397498984
episode_013_repeat_00/handoff_020,HERMITE_BRIDGE,"[[19.668567955248744, 8.99227202834442, -1.3595769416513406], [19.596642023704597, 9.022162542651428, -1.612414353138149], [19.516333811852085, 9.044315276940615, -1.8652517646249573]]",0.16088422588979834,0.16119713089929538,1.001944907947106,"[0.07788955304808688, 0.08330757785120851]",0.1247063721757562,0.1247063721757562,0.8780011873414286,False,False,,,,
episode_013_repeat_00/handoff_020,V2_GRAPH_BRIDGE,"[[19.668567955248744, 8.99227202834442, -1.3595769416513406], [19.59497760717445, 9.013207022289528, -1.6120899155208004], [19.516333811852085, 9.044315276940615, -1.8652517646249573]]",0.16088422588979834,0.16108308525861798,1.0012360401880285,"[0.07651021697248982, 0.08457286828612817]",0.09951370299801532,0.09951370299801532,0.8780011873414286,False,False,,,,
episode_013_repeat_00/handoff_020,difference,,,,,,,,,,,0.009108876293935806,0.0003244376173485719,0.009108876293935806,0.0003244376173485719
