source_id,method,alpha,initial_position_error_m,initial_yaw_error_rad,max_position_error_05_m,initial_separation_growth_m,position_auc_03_m_s,position_auc_09_m_s,yaw_auc_03_rad_s,yaw_auc_09_rad_s,sustained_attachment_s,attachment_fractional_row,attachment_fractional_arc,remaining_arc_at_attachment_m,execution_clearance_lower_bound_m,endpoint_error_m,linear_command_TV,angular_command_TV,max_abs_omega_radps,termination_reason
OSA03_R00,M0_NATIVE,0.0,0.10664856928856484,0.5236084875992257,0.2152623766763289,0.10861380738776405,0.04792036229183012,0.16906563251616213,0.12276362452727693,0.1933680494136356,1.4666667431592941,8.71784637002957,0.9686051616830201,0.04248492430721584,0.1335610944454762,0.09643902136976042,0.7999999997658901,3.629555770574674,1.5483336579992208,OBSERVATION_CAP
OSA03_R00,HALF_TRANSPORT_LOCAL_SE2,0.5,0.10664856928856484,0.5236084875992257,0.21551694259718399,0.10886837330861915,0.04792038206827464,0.16921643301316514,0.12276667349448989,0.19395778273855133,1.4666667431592941,8.716429473448892,0.9684475055895405,0.042698271709436186,0.134292821442062,0.09570299320293842,0.8000000085177144,3.5852254182372567,1.5263818255483423,OBSERVATION_CAP
OSA03_R00,FULL_LOCAL_SE2,1.0,0.10664856928856484,0.5236084875992257,0.2161714436608281,0.10952287437226327,0.047920433030284385,0.16996395405612266,0.12277452644660163,0.19333482770260801,1.4833334106951952,8.781296839696594,0.975665206370524,0.032930950462033204,0.13370942329410734,0.0963354616970413,0.7999999985716932,3.5391089272561294,1.4999984464115965,OBSERVATION_CAP
episode_001_repeat_01/handoff_013,M0_NATIVE,0.0,0.12764430850410247,0.2617935311426791,0.16389494909820979,0.03625064059410732,0.04530249118981344,0.13183311076013646,0.045624119688067115,0.10710397794104336,1.0500000547617674,7.69045316001446,0.8544978777378022,0.1971214721883361,0.7572240410718714,0.07938236707141694,0.8060410689204651,2.5466262439950316,1.0528452887489315,OBSERVATION_CAP
episode_001_repeat_01/handoff_013,HALF_TRANSPORT_LOCAL_SE2,0.5,0.12764430850410247,0.2617935311426791,0.1640480251516063,0.03640371664750383,0.04530639336889555,0.13179152901785526,0.04576873429648391,0.10882440383430166,1.0333333872258663,7.601036944650594,0.8445601277630415,0.2105848078071415,0.7572248444848484,0.07843117267067931,0.8060410658730071,2.4909289282412654,1.0239224245926075,OBSERVATION_CAP
episode_001_repeat_01/handoff_013,FULL_LOCAL_SE2,1.0,0.12764430850410247,0.2617935311426791,0.1656017858934682,0.037957477389365724,0.045337745906310414,0.1366822700700247,0.04693106396240735,0.0989513627252467,1.200000062584877,8.102747579450794,0.9003161745210654,0.13504835617698663,0.7572254304222805,0.08609222434798797,1.3897862420368614,2.568850158914602,1.002828679234834,OBSERVATION_CAP
episode_008_repeat_01/handoff_023,M0_NATIVE,0.0,0.1846831899774071,0.3856850314029918,0.23911985817235987,0.05443666819495277,0.06436353657834624,0.18962412194700828,0.07619059023026732,0.17561604313820317,,,,,0.38078884775299965,0.11523801851986509,1.306411556506107,4.0914333000382594,1.9707427078228574,OBSERVATION_CAP
episode_008_repeat_01/handoff_023,HALF_TRANSPORT_LOCAL_SE2,0.5,0.1846831899774071,0.3856850314029918,0.2357085795690408,0.05102538959163369,0.06363427407636968,0.18932828558828327,0.07508813810022108,0.16392917416913858,,,,,0.38079453464536817,0.12031478329944348,1.306411557689291,3.699252517643175,1.7828150716488724,OBSERVATION_CAP
episode_008_repeat_01/handoff_023,FULL_LOCAL_SE2,1.0,0.1846831899774071,0.3856850314029918,0.24243246982332384,0.05774927984591674,0.06440230586038567,0.19996365934656624,0.07740262104835309,0.14726935108226893,,,,,0.380796174260458,0.1394062150960112,2.1064115221686177,3.5773505717199376,1.706990287445996,OBSERVATION_CAP
episode_013_repeat_00/handoff_020,M0_NATIVE,0.0,0.16088422588979834,0.5056748229736168,0.2527915142182419,0.09190728832844358,0.06119861699822398,0.19818921582078186,0.1206607843845138,0.23059946787853455,1.2833334002643824,7.788272228681691,0.9127535301115488,0.11196220914994415,0.870803817622617,0.08453931374996303,1.4535296655334558,4.825967444408142,2.2713469944920015,OBSERVATION_CAP
episode_013_repeat_00/handoff_020,HALF_TRANSPORT_LOCAL_SE2,0.5,0.16088422588979834,0.5056748229736168,0.2561231372305778,0.09523891134077944,0.06175522430677565,0.20446533570367695,0.12129757731054065,0.21519590542402975,,,,,0.8705815967983218,0.10196708851798625,1.5738337531802737,4.413874180878435,2.0389239366383434,OBSERVATION_CAP
episode_013_repeat_00/handoff_020,FULL_LOCAL_SE2,1.0,0.16088422588979834,0.5056748229736168,0.270607541138057,0.10972331524825868,0.06299592423363831,0.21733504721540395,0.12278904385945434,0.20096560469952657,,,,,0.8705837037136064,0.13231656121412125,1.4622118904320294,4.394972732538702,1.9630604490980759,OBSERVATION_CAP
