source_id,method,submit_tick,input_pose,nearest_row,selected_H5_rows,command,application_tick,withheld
OSA03_R00,M0_NATIVE,96,"[19.204616420161308, 24.090013606205353, -1.5356427948050633]",2,"[3, 4, 5, 6, 7]","[0.8, 0.999998454469043]",99,False
OSA03_R00,M0_NATIVE,102,"[19.20992345671464, 24.01020913693929, -1.460642945723111]",2,"[3, 4, 5, 6, 7]","[0.8, 1.499998460620002]",103,False
OSA03_R00,M0_NATIVE,108,"[19.22403747161974, 23.93153656020097, -1.3189764257084755]",3,"[4, 5, 6, 7, 8]","[0.8, 1.5483336579992208]",109,False
OSA03_R00,M0_NATIVE,114,"[19.249821558071034, 23.855889585443308, -1.1649486384983654]",3,"[4, 5, 6, 7, 8]","[0.8, 1.169034319129599]",115,False
OSA03_R00,M0_NATIVE,120,"[19.28603756070565, 23.784610177540166, -1.0417235445108908]",4,"[5, 6, 7, 8, 9]","[0.8, 0.7539042220930191]",121,False
OSA03_R00,M0_NATIVE,126,"[19.329406254569047, 23.71740999701059, -0.9594142830582175]",4,"[5, 6, 7, 8, 9]","[0.8, 0.443191499579851]",127,False
OSA03_R00,M0_NATIVE,132,"[19.377067674003943, 23.653166513771065, -0.9099165851435078]",5,"[6, 7, 8, 9, 9]","[0.8, 0.20312927949396314]",133,False
OSA03_R00,M0_NATIVE,138,"[19.4270399332937, 23.59069643771388, -0.8856026189246071]",5,"[6, 7, 8, 9, 9]","[0.8, 0.11039687811981966]",139,False
OSA03_R00,M0_NATIVE,144,"[19.478093939128442, 23.529105729613057, -0.8730173904333514]",6,"[7, 8, 9, 9, 9]","[0.8, 0.02547276116722044]",145,False
OSA03_R00,M0_NATIVE,150,"[19.529652747503604, 23.46793642233067, -0.8690547121607484]",6,"[7, 8, 9, 9, 9]","[0.8, 0.001930408066910951]",151,False
OSA03_R00,M0_NATIVE,156,"[19.581324518396958, 23.4068624617858, -0.8684692987718541]",7,"[8, 9, 9, 9, 9]","[0.8, -0.03962615048489392]",157,False
OSA03_R00,M0_NATIVE,162,"[19.632921883257563, 23.3457256857478, -0.8717393046816908]",7,"[8, 9, 9, 9, 9]","[0.8, -0.08420451205704496]",163,False
OSA03_R00,M0_NATIVE,168,"[19.68418500736569, 23.284308605444366, -0.8794167835949374]",8,"[9, 9, 9, 9, 9]","[0.7999999965240053, -0.1736633867964282]",169,False
OSA03_R00,M0_NATIVE,174,"[19.73474019523834, 23.22230840917521, -0.895292141856888]",8,"[9, 9, 9, 9, 9]","[0.6000000146653651, -0.2369820688626874]",175,False
OSA03_R00,M0_NATIVE,180,"[19.773825620094634, 23.17247616773463, -0.9179350385563048]",9,"[9, 9, 9, 9, 9]","[0.40000000874074587, -0.26818605282365987]",181,False
OSA03_R00,M0_NATIVE,186,"[19.79973008705532, 23.137739755526116, -0.9442335788108966]",9,"[9, 9, 9, 9, 9]","[0.2000000108922587, -0.2586204029781883]",187,False
OSA03_R00,M0_NATIVE,192,"[19.813192689506373, 23.118682768192695, -0.9702550479632652]",9,"[9, 9, 9, 9, 9]","[3.5451457660791056e-08, -0.19337851264486502]",193,False
OSA03_R00,M0_NATIVE,198,"[19.815070389014316, 23.115928614869176, -0.9906802651318989]",9,"[9, 9, 9, 9, 9]","[3.2302729849993054e-09, -0.14216772630892138]",199,False
OSA03_R00,M0_NATIVE,204,"[19.815070389482862, 23.115928614147972, -1.005750551654367]",9,"[9, 9, 9, 9, 9]","[2.2247067475084824e-09, -0.1043829977906687]",205,False
OSA03_R00,M0_NATIVE,210,"[19.81507038960985, 23.115928613945233, -1.0168185974859814]",9,"[9, 9, 9, 9, 9]","[1.589815915796902e-09, -0.07663282144510718]",211,False
OSA03_R00,M0_NATIVE,216,"[19.815070389698466, 23.11592861380067, -1.024944382993378]",9,"[9, 9, 9, 9, 9]","[1.1750411836304684e-09, -0.056259578960032544]",217,False
OSA03_R00,M0_NATIVE,222,"[19.81507038976274, 23.11592861369414, -1.0309098952419262]",9,"[9, 9, 9, 9, 9]","[8.900857366431607e-10, -0.041302646172539516]",223,False
OSA03_R00,M0_NATIVE,228,"[19.815070389810757, 23.115928613613615, -1.0352894423007166]",9,"[9, 9, 9, 9, 9]","[6.905395736635833e-10, -0.030322098601276982]",229,False
OSA03_R00,M0_NATIVE,234,"[19.815070389847588, 23.115928613551308, -1.0385046614547186]",9,"[9, 9, 9, 9, 9]","[5.489310914490403e-10, -0.022260793080057878]",235,False
OSA03_R00,M0_NATIVE,240,"[19.815070389876585, 23.11592861350194, -1.0408650959778525]",9,"[9, 9, 9, 9, 9]","[4.4748839934588623e-10, -0.016342632311738176]",241,False
OSA03_R00,M0_NATIVE,246,"[19.815070389900022, 23.11592861346185, -1.0425979953122102]",9,"[9, 9, 9, 9, 9]","[3.743287750326843e-10, -0.011997848858756719]",247,False
OSA03_R00,M0_NATIVE,252,"[19.81507038991948, 23.115928613428455, -1.0438701933219865]",9,"[9, 9, 9, 9, 9]","[3.2131072615227275e-10, -0.008808151250276657]",253,False
OSA03_R00,M0_NATIVE,258,"[19.815070389936068, 23.115928613399912, -1.044804170122533]",9,"[9, 9, 9, 9, 9]","[2.827542686768765e-10, -0.006466453224908332]",259,False
OSA03_R00,M0_NATIVE,264,"[19.81507038995058, 23.115928613374898, -1.0454898437812075]",9,"[9, 9, 9, 9, 9]","[2.546433042852837e-10, -0.0047473091822084834]",265,False
OSA03_R00,M0_NATIVE,270,"[19.815070389963584, 23.11592861335245, -1.0459932271263939]",9,"[9, 9, 9, 9, 9]","[2.341099603943037e-10, -0.003485209540245437]",271,False
OSA03_R00,HALF_TRANSPORT_LOCAL_SE2,96,"[19.204616420161308, 24.090013606205353, -1.5356427948050633]",1,"[2, 3, 4, 5, 6]","[0.8, 0.9999984524668863]",99,False
OSA03_R00,HALF_TRANSPORT_LOCAL_SE2,102,"[19.20992345671265, 24.010209136939107, -1.4606429458232189]",1,"[2, 3, 4, 5, 6]","[0.7999999953377556, 1.499998448907313]",103,False
OSA03_R00,HALF_TRANSPORT_LOCAL_SE2,108,"[19.224037471502598, 23.93153656057347, -1.3189764268180109]",2,"[3, 4, 5, 6, 7]","[0.8, 1.5263818255483423]",109,False
OSA03_R00,HALF_TRANSPORT_LOCAL_SE2,114,"[19.249764563423668, 23.85586798769064, -1.1667779592694256]",2,"[3, 4, 5, 6, 7]","[0.8, 1.161247311750612]",115,False
OSA03_R00,HALF_TRANSPORT_LOCAL_SE2,120,"[19.285807204476615, 23.784499971232467, -1.0445676464906382]",3,"[4, 5, 6, 7, 8]","[0.8, 0.7877432114995699]",121,False
OSA03_R00,HALF_TRANSPORT_LOCAL_SE2,126,"[19.329054786927987, 23.71722371976253, -0.9595682525701008]",4,"[5, 6, 7, 8, 9]","[0.8, 0.4314313772579882]",127,False
OSA03_R00,HALF_TRANSPORT_LOCAL_SE2,132,"[19.376713442482878, 23.652977878198573, -0.9104865817138013]",4,"[5, 6, 7, 8, 9]","[0.8, 0.25020827676124274]",133,False
OSA03_R00,HALF_TRANSPORT_LOCAL_SE2,138,"[19.426740543660713, 23.5905525846863, -0.8824453675669357]",5,"[6, 7, 8, 9, 9]","[0.8, 0.0939096446299239]",139,False
OSA03_R00,HALF_TRANSPORT_LOCAL_SE2,144,"[19.477997821096412, 23.52913083418739, -0.8704494252761172]",5,"[6, 7, 8, 9, 9]","[0.8, 0.04782735163006623]",145,False
OSA03_R00,HALF_TRANSPORT_LOCAL_SE2,150,"[19.529745501480715, 23.468121292985078, -0.8648986516069512]",6,"[7, 8, 9, 9, 9]","[0.8, -0.01656815587575924]",151,False
OSA03_R00,HALF_TRANSPORT_LOCAL_SE2,156,"[19.581652341318605, 23.407246999016067, -0.8654822087665304]",7,"[8, 9, 9, 9, 9]","[0.8, -0.054170685554746634]",157,False
OSA03_R00,HALF_TRANSPORT_LOCAL_SE2,162,"[19.63338402077207, 23.34622388990741, -0.8702725687438586]",7,"[8, 9, 9, 9, 9]","[0.8, -0.09322847363633661]",163,False
OSA03_R00,HALF_TRANSPORT_LOCAL_SE2,168,"[19.684704279536763, 23.284854613405876, -0.8789444534250723]",8,"[9, 9, 9, 9, 9]","[0.7999999983434648, -0.1783360583244428]",169,False
OSA03_R00,HALF_TRANSPORT_LOCAL_SE2,174,"[19.735270108828026, 23.22286316801688, -0.895359600368832]",8,"[9, 9, 9, 9, 9]","[0.6000000289951596, -0.23861096704155352]",175,False
OSA03_R00,HALF_TRANSPORT_LOCAL_SE2,180,"[19.774346014715594, 23.17302349119495, -0.9182161164530958]",9,"[9, 9, 9, 9, 9]","[0.4000000313194496, -0.2679652945774607]",181,False
OSA03_R00,HALF_TRANSPORT_LOCAL_SE2,186,"[19.8002401300701, 23.13827935833487, -0.9445234084906096]",9,"[9, 9, 9, 9, 9]","[0.20000003392470775, -0.25757238740818594]",187,False
OSA03_R00,HALF_TRANSPORT_LOCAL_SE2,192,"[19.81369786775619, 23.11921892581134, -0.9704538637032951]",9,"[9, 9, 9, 9, 9]","[5.139538031781758e-08, -0.19255869359617053]",193,False
OSA03_R00,HALF_TRANSPORT_LOCAL_SE2,198,"[19.815575044679544, 23.116464414180307, -0.9907932956872312]",9,"[9, 9, 9, 9, 9]","[4.182326337218582e-09, -0.14156299154585023]",199,False
OSA03_R00,HALF_TRANSPORT_LOCAL_SE2,204,"[19.815575045336168, 23.11646441316979, -1.0057995239919575]",9,"[9, 9, 9, 9, 9]","[3.0299639545300767e-09, -0.10393887213313746]",205,False
OSA03_R00,HALF_TRANSPORT_LOCAL_SE2,210,"[19.815575045507178, 23.116464412896715, -1.0168204804369378]",9,"[9, 9, 9, 9, 9]","[2.3120582583106115e-09, -0.0763067599841776]",211,False
OSA03_R00,HALF_TRANSPORT_LOCAL_SE2,216,"[19.815575045634258, 23.116464412689393, -1.0249116920598293]",9,"[9, 9, 9, 9, 9]","[1.8492723324593064e-09, -0.05602020235084387]",217,False
OSA03_R00,HALF_TRANSPORT_LOCAL_SE2,222,"[19.81557504573377, 23.116464412524447, -1.0308518218986062]",9,"[9, 9, 9, 9, 9]","[1.5324999345002696e-09, -0.04112690922543035]",223,False
OSA03_R00,HALF_TRANSPORT_LOCAL_SE2,228,"[19.815575045814963, 23.116464412388293, -1.0352127346006776]",9,"[9, 9, 9, 9, 9]","[1.311226692560558e-09, -0.030193082361124956]",229,False
OSA03_R00,HALF_TRANSPORT_LOCAL_SE2,234,"[19.815575045883573, 23.116464412272247, -1.038414273451501]",9,"[9, 9, 9, 9, 9]","[1.1544718308933693e-09, -0.022166076570903644]",235,False
OSA03_R00,HALF_TRANSPORT_LOCAL_SE2,240,"[19.815575045943376, 23.11646441217046, -1.0407646646610118]",9,"[9, 9, 9, 9, 9]","[1.0423163504177935e-09, -0.01627309674676263]",241,False
OSA03_R00,HALF_TRANSPORT_LOCAL_SE2,246,"[19.815575045996937, 23.11646441207887, -1.0424901907560837]",9,"[9, 9, 9, 9, 9]","[9.615014301805801e-10, -0.011946799734808472]",247,False
OSA03_R00,HALF_TRANSPORT_LOCAL_SE2,252,"[19.815575046046025, 23.116464411994635, -1.0437569757458327]",9,"[9, 9, 9, 9, 9]","[9.029724729591062e-10, -0.008770673837610403]",253,False
OSA03_R00,HALF_TRANSPORT_LOCAL_SE2,258,"[19.815575046091897, 23.116464411915725, -1.0446869786097182]",9,"[9, 9, 9, 9, 9]","[8.604276497581098e-10, -0.006438939403817222]",259,False
OSA03_R00,HALF_TRANSPORT_LOCAL_SE2,264,"[19.815575046135436, 23.116464411840692, -1.0453697348262718]",9,"[9, 9, 9, 9, 9]","[8.294190607197139e-10, -0.0047271100729779185]",265,False
OSA03_R00,HALF_TRANSPORT_LOCAL_SE2,270,"[19.815575046177276, 23.11646441176848, -1.0458709763485574]",9,"[9, 9, 9, 9, 9]","[8.067746194075228e-10, -0.0034703804835078057]",271,False
OSA03_R00,FULL_LOCAL_SE2,96,"[19.204616420161308, 24.090013606205353, -1.5356427948050633]",0,"[1, 2, 3, 4, 5]","[0.8, 0.999998451335104]",99,False
OSA03_R00,FULL_LOCAL_SE2,102,"[19.209923456711522, 24.010209136939, -1.4606429458798083]",1,"[2, 3, 4, 5, 6]","[0.8, 1.4999984464115965]",103,False
OSA03_R00,FULL_LOCAL_SE2,108,"[19.22403747156195, 23.93153656018954, -1.3189764271014393]",1,"[2, 3, 4, 5, 6]","[0.8, 1.4698408359078114]",109,False
OSA03_R00,FULL_LOCAL_SE2,114,"[19.24961763959266, 23.85581267615213, -1.171489708976897]",2,"[3, 4, 5, 6, 7]","[0.8, 1.141555703042884]",115,False
OSA03_R00,FULL_LOCAL_SE2,120,"[19.28521364592078, 23.784218872072994, -1.051862713552493]",2,"[3, 4, 5, 6, 7]","[0.8, 0.780471053671765]",121,False
OSA03_R00,FULL_LOCAL_SE2,126,"[19.327932127343814, 23.716604893279538, -0.9677975263114558]",3,"[4, 5, 6, 7, 8]","[0.8, 0.4910598370005131]",127,False
OSA03_R00,FULL_LOCAL_SE2,132,"[19.37518599542994, 23.652062913630512, -0.9138680195209066]",4,"[5, 6, 7, 8, 9]","[0.8, 0.2550909483737696]",133,False
OSA03_R00,FULL_LOCAL_SE2,138,"[19.425069224927107, 23.589522809112154, -0.8844261083375677]",4,"[5, 6, 7, 8, 9]","[0.8, 0.14891473797396065]",139,False
OSA03_R00,FULL_LOCAL_SE2,144,"[19.47632644872876, 23.528101591769065, -0.867765030164565]",5,"[6, 7, 8, 9, 9]","[0.8, 0.039711895128065854]",145,False
OSA03_R00,FULL_LOCAL_SE2,150,"[19.52827171351619, 23.467260180988035, -0.8619737929689566]",6,"[7, 8, 9, 9, 9]","[0.8, -0.023136860325419294]",151,False
OSA03_R00,FULL_LOCAL_SE2,156,"[19.580334993969842, 23.40651963893787, -0.863239999809978]",6,"[7, 8, 9, 9, 9]","[0.8, -0.043487612479419874]",157,False
OSA03_R00,FULL_LOCAL_SE2,162,"[19.63221986764475, 23.345626690836024, -0.8672495820644692]",7,"[8, 9, 9, 9, 9]","[0.8, -0.10037754697070166]",163,False
OSA03_R00,FULL_LOCAL_SE2,168,"[19.683720181957714, 23.284408484484878, -0.8763391716607445]",8,"[9, 9, 9, 9, 9]","[0.8, -0.184613753730599]",169,False
OSA03_R00,FULL_LOCAL_SE2,174,"[19.7344270548275, 23.222532450228663, -0.8933966111440865]",8,"[9, 9, 9, 9, 9]","[0.6000000223454415, -0.24315516713913432]",175,False
OSA03_R00,FULL_LOCAL_SE2,180,"[19.77358858357055, 23.172760102191837, -0.9167364388517911]",9,"[9, 9, 9, 9, 9]","[0.40000002660034345, -0.27130696510575836]",181,False
OSA03_R00,FULL_LOCAL_SE2,186,"[19.799528016267047, 23.13804983462989, -0.943397940120096]",9,"[9, 9, 9, 9, 9]","[0.20000003068214267, -0.26007197020179024]",187,False
OSA03_R00,FULL_LOCAL_SE2,192,"[19.813004862621945, 23.119002926540368, -0.9695923884214892]",9,"[9, 9, 9, 9, 9]","[5.64410769926696e-08, -0.19439638300415846]",193,False
OSA03_R00,FULL_LOCAL_SE2,198,"[19.814884354623878, 23.116249993658585, -0.9901266209128101]",9,"[9, 9, 9, 9, 9]","[5.42370944167719e-09, -0.14291227190255143]",199,False
OSA03_R00,FULL_LOCAL_SE2,204,"[19.81488435538311, 23.116249992491092, -1.0052759174115224]",9,"[9, 9, 9, 9, 9]","[4.022448159225669e-09, -0.10492944743466101]",205,False
OSA03_R00,FULL_LOCAL_SE2,210,"[19.814884355609166, 23.11624999213049, -1.0164019098097192]",9,"[9, 9, 9, 9, 9]","[3.166679731265743e-09, -0.0770339858003419]",211,False
OSA03_R00,FULL_LOCAL_SE2,216,"[19.814884355782212, 23.116249991848413, -1.0245702331763362]",9,"[9, 9, 9, 9, 9]","[2.627461564391783e-09, -0.05655409108898157]",217,False
OSA03_R00,FULL_LOCAL_SE2,222,"[19.81488435592266, 23.116249991615785, -1.0305669741765118]",9,"[9, 9, 9, 9, 9]","[2.260858024177772e-09, -0.041518860608279695]",223,False
OSA03_R00,FULL_LOCAL_SE2,228,"[19.814884356041638, 23.116249991416385, -1.034969447641625]",9,"[9, 9, 9, 9, 9]","[2.005945335128596e-09, -0.03048083123694317]",229,False
OSA03_R00,FULL_LOCAL_SE2,234,"[19.814884356145928, 23.11624999124008, -1.038201498090074]",9,"[9, 9, 9, 9, 9]","[1.825931442638951e-09, -0.022377325767954134]",235,False
OSA03_R00,FULL_LOCAL_SE2,240,"[19.81488435623997, 23.11624999108008, -1.0405742892151029]",9,"[9, 9, 9, 9, 9]","[1.6974221427933312e-09, -0.016428184139918818]",241,False
OSA03_R00,FULL_LOCAL_SE2,246,"[19.814884356326765, 23.116249990931713, -1.0423162600804123]",9,"[9, 9, 9, 9, 9]","[1.6049707675966528e-09, -0.012060656259557847]",247,False
OSA03_R00,FULL_LOCAL_SE2,252,"[19.814884356408374, 23.116249990791726, -1.0435951179044034]",9,"[9, 9, 9, 9, 9]","[1.5380909486326493e-09, -0.008854260955383483]",253,False
OSA03_R00,FULL_LOCAL_SE2,258,"[19.814884356486257, 23.116249990657803, -1.044533983970644]",9,"[9, 9, 9, 9, 9]","[1.4895161084367212e-09, -0.00650030440911956]",259,False
OSA03_R00,FULL_LOCAL_SE2,264,"[19.814884356561436, 23.116249990528278, -1.0452232470566072]",9,"[9, 9, 9, 9, 9]","[1.4541338439957654e-09, -0.00477216084122347]",265,False
OSA03_R00,FULL_LOCAL_SE2,270,"[19.814884356634654, 23.116249990401958, -1.0457292655599182]",9,"[9, 9, 9, 9, 9]","[1.4283067691199744e-09, -0.0035034542477385268]",271,False
episode_001_repeat_01/handoff_013,M0_NATIVE,1002,"[18.88091559905879, 9.807793015222233, -1.4887640776416609]",3,"[4, 5, 6, 7, 8]","[0.8, -1.0028287900554527]",1003,False
episode_001_repeat_01/handoff_013,M0_NATIVE,1008,"[18.884075946431057, 9.727886661111267, -1.580713628274332]",3,"[4, 5, 6, 7, 8]","[0.8, -1.0528452887489315]",1009,False
episode_001_repeat_01/handoff_013,M0_NATIVE,1014,"[18.879137726783195, 9.64807597082661, -1.685164554285207]",4,"[5, 6, 7, 8, 9]","[0.8, -0.6737347403636508]",1015,False
episode_001_repeat_01/handoff_013,M0_NATIVE,1020,"[18.86688097641195, 9.569037131954751, -1.758856541304663]",4,"[5, 6, 7, 8, 9]","[0.8, -0.3985263313144117]",1021,False
episode_001_repeat_01/handoff_013,M0_NATIVE,1026,"[18.85003402040869, 9.490837128525992, -1.8032959835712892]",5,"[6, 7, 8, 9, 9]","[0.8, -0.18763411465032517]",1027,False
episode_001_repeat_01/handoff_013,M0_NATIVE,1032,"[18.830621831522745, 9.413229495422348, -1.82557426647596]",5,"[6, 7, 8, 9, 9]","[0.8, -0.1038612784890388]",1033,False
episode_001_repeat_01/handoff_013,M0_NATIVE,1038,"[18.809958801282022, 9.33594447205816, -1.8373566088753828]",6,"[7, 8, 9, 9, 9]","[0.8, -0.024101620298241658]",1039,False
episode_001_repeat_01/handoff_013,M0_NATIVE,1044,"[18.788698646778155, 9.25882118548839, -1.8410960987367495]",6,"[7, 8, 9, 9, 9]","[0.8, -0.003022446223554737]",1045,False
episode_001_repeat_01/handoff_013,M0_NATIVE,1050,"[18.767300542585478, 9.18173602694881, -1.8417496629611023]",7,"[8, 9, 9, 9, 9]","[0.8, 0.03853987541532688]",1051,False
episode_001_repeat_01/handoff_013,M0_NATIVE,1056,"[18.74598815171204, 9.104627169756817, -1.8385883806153442]",7,"[8, 9, 9, 9, 9]","[0.7999999973936902, 0.08619322903445238]",1057,False
episode_001_repeat_01/handoff_013,M0_NATIVE,1062,"[18.72509643611149, 9.027403466928742, -1.830763279864107]",8,"[9, 9, 9, 9, 9]","[0.763243340866563, 0.16336369759288627]",1063,False
episode_001_repeat_01/handoff_013,M0_NATIVE,1068,"[18.705836519246155, 8.952917052354174, -1.8157130837958637]",8,"[9, 9, 9, 9, 9]","[0.5632433424185923, 0.2065852086257963]",1069,False
episode_001_repeat_01/handoff_013,M0_NATIVE,1074,"[18.69190459575499, 8.894910068171173, -1.7957749204106435]",9,"[9, 9, 9, 9, 9]","[0.36324333570094597, 0.22289205163096767]",1075,False
episode_001_repeat_01/handoff_013,M0_NATIVE,1080,"[18.683449568559094, 8.856165082502468, -1.7737574948160015]",9,"[9, 9, 9, 9, 9]","[0.1632433389783311, 0.2047768816878314]",1081,False
episode_001_repeat_01/handoff_013,M0_NATIVE,1086,"[18.67966159739077, 8.83687623398152, -1.7529778860644254]",9,"[9, 9, 9, 9, 9]","[0.0, 0.15267755962380064]",1087,False
episode_001_repeat_01/handoff_013,M0_NATIVE,1092,"[18.67917323621006, 8.834199701361428, -1.736841807226083]",9,"[9, 9, 9, 9, 9]","[1.523729055631328e-09, 0.11222063323510013]",1093,False
episode_001_repeat_01/handoff_013,M0_NATIVE,1098,"[18.67917323618998, 8.834199701236049, -1.7249454611756514]",9,"[9, 9, 9, 9, 9]","[1.0297603913817703e-09, 0.0823937145494556]",1099,False
episode_001_repeat_01/handoff_013,M0_NATIVE,1104,"[18.679173236173376, 8.834199701126085, -1.716208973953635]",9,"[9, 9, 9, 9, 9]","[7.037240658951487e-10, 0.06048930006917288]",1105,False
episode_001_repeat_01/handoff_013,M0_NATIVE,1110,"[18.67917323616263, 8.834199701051041, -1.7097949700375303]",9,"[9, 9, 9, 9, 9]","[4.773025385057178e-10, 0.044407893808040416]",1111,False
episode_001_repeat_01/handoff_013,M0_NATIVE,1116,"[18.67917323615561, 8.834199701000019, -1.7050861569734566]",9,"[9, 9, 9, 9, 9]","[3.17562087420354e-10, 0.03260179937759456]",1117,False
episode_001_repeat_01/handoff_013,M0_NATIVE,1122,"[18.67917323615106, 8.834199700965902, -1.7016292086148954]",9,"[9, 9, 9, 9, 9]","[2.0360762960771277e-10, 0.02393442222447237]",1123,False
episode_001_repeat_01/handoff_013,M0_NATIVE,1128,"[18.67917323614818, 8.83419970094383, -1.699091309974201]",9,"[9, 9, 9, 9, 9]","[1.2167093087846236e-10, 0.017571317423168503]",1129,False
episode_001_repeat_01/handoff_013,M0_NATIVE,1134,"[18.67917323614646, 8.834199700930409, -1.697228126388023]",9,"[9, 9, 9, 9, 9]","[6.24208680239646e-11, 0.012899880891399894]",1135,False
episode_001_repeat_01/handoff_013,M0_NATIVE,1140,"[18.679173236145548, 8.834199700923238, -1.6958602809520145]",9,"[9, 9, 9, 9, 9]","[1.9400056197317562e-11, 0.009470372823899889]",1141,False
episode_001_repeat_01/handoff_013,M0_NATIVE,1146,"[18.679173236145225, 8.834199700920598, -1.6948560851494596]",9,"[9, 9, 9, 9, 9]","[0.0, 0.0069526193440638245]",1147,False
episode_001_repeat_01/handoff_013,M0_NATIVE,1152,"[18.679173236145186, 8.834199700920276, -1.6941188606186062]",9,"[9, 9, 9, 9, 9]","[0.0, 0.005104225212835599]",1153,False
episode_001_repeat_01/handoff_013,M0_NATIVE,1158,"[18.679173236145186, 8.834199700920276, -1.6935776315002415]",9,"[9, 9, 9, 9, 9]","[0.0, 0.0037472373696552656]",1159,False
episode_001_repeat_01/handoff_013,M0_NATIVE,1164,"[18.679173236145186, 8.834199700920276, -1.6931802912785006]",9,"[9, 9, 9, 9, 9]","[0.0, 0.002751012606011489]",1165,False
episode_001_repeat_01/handoff_013,M0_NATIVE,1170,"[18.679173236145186, 8.834199700920276, -1.6928885862566256]",9,"[9, 9, 9, 9, 9]","[0.0, 0.002019639967213378]",1171,False
episode_001_repeat_01/handoff_013,M0_NATIVE,1176,"[18.679173236145186, 8.834199700920276, -1.6926744327047558]",9,"[9, 9, 9, 9, 9]","[0.0, 0.0014827069815074583]",,True
episode_001_repeat_01/handoff_013,HALF_TRANSPORT_LOCAL_SE2,1002,"[18.88091559905879, 9.807793015222233, -1.4887640776416609]",1,"[2, 3, 4, 5, 6]","[0.8, -1.0028287785689405]",1003,False
episode_001_repeat_01/handoff_013,HALF_TRANSPORT_LOCAL_SE2,1008,"[18.884075946462957, 9.727886661111839, -1.580713627317122]",2,"[3, 4, 5, 6, 7]","[0.8, -1.0239224245926075]",1009,False
episode_001_repeat_01/handoff_013,HALF_TRANSPORT_LOCAL_SE2,1014,"[18.879217766105764, 9.648069205883363, -1.682754314331158]",2,"[3, 4, 5, 6, 7]","[0.8, -0.683125360749162]",1015,False
episode_001_repeat_01/handoff_013,HALF_TRANSPORT_LOCAL_SE2,1020,"[18.86716075715724, 9.568999952539732, -1.7567468053291402]",3,"[4, 5, 6, 7, 8]","[0.8, -0.4244166028791892]",1021,False
episode_001_repeat_01/handoff_013,HALF_TRANSPORT_LOCAL_SE2,1026,"[18.8503974214388, 9.490782703265678, -1.803500280686609]",4,"[5, 6, 7, 8, 9]","[0.8, -0.2173318801289119]",1027,False
episode_001_repeat_01/handoff_013,HALF_TRANSPORT_LOCAL_SE2,1032,"[18.83085878327321, 9.413207248931327, -1.8286848820588175]",4,"[5, 6, 7, 8, 9]","[0.8, -0.12745345195238966]",1033,False
episode_001_repeat_01/handoff_013,HALF_TRANSPORT_LOCAL_SE2,1038,"[18.80985722484849, 9.336013733491521, -1.8429282017998458]",5,"[6, 7, 8, 9, 9]","[0.8, -0.030876244378680254]",1039,False
episode_001_repeat_01/handoff_013,HALF_TRANSPORT_LOCAL_SE2,1044,"[18.78812184361931, 9.259023048186398, -1.847625446608923]",6,"[7, 8, 9, 9, 9]","[0.8, 0.026781159987913285]",1045,False
episode_001_repeat_01/handoff_013,HALF_TRANSPORT_LOCAL_SE2,1050,"[18.766292558820016, 9.182058900037687, -1.8459082872600185]",6,"[7, 8, 9, 9, 9]","[0.8, 0.04149834204074198]",1051,False
episode_001_repeat_01/handoff_013,HALF_TRANSPORT_LOCAL_SE2,1056,"[18.74470267433004, 9.10502729071706, -1.8420037392198534]",7,"[8, 9, 9, 9, 9]","[0.7999999978053972, 0.10109743220386667]",1057,False
episode_001_repeat_01/handoff_013,HALF_TRANSPORT_LOCAL_SE2,1062,"[18.72359077384301, 9.027863580077248, -1.8328873136933934]",8,"[9, 9, 9, 9, 9]","[0.7704971405539199, 0.17205932079486647]",1063,False
episode_001_repeat_01/handoff_013,HALF_TRANSPORT_LOCAL_SE2,1068,"[18.7040604588639, 8.95282292414684, -1.8168640789214128]",8,"[9, 9, 9, 9, 9]","[0.570497153530391, 0.2102337209411834]",1069,False
episode_001_repeat_01/handoff_013,HALF_TRANSPORT_LOCAL_SE2,1074,"[18.689906533607335, 8.89412333360018, -1.796476945766461]",9,"[9, 9, 9, 9, 9]","[0.37049714675759726, 0.22397122607378342]",1075,False
episode_001_repeat_01/handoff_013,HALF_TRANSPORT_LOCAL_SE2,1080,"[18.681273180558552, 8.854674844299659, -1.7743087804217998]",9,"[9, 9, 9, 9, 9]","[0.17049714982497488, 0.2057833568204804]",1081,False
episode_001_repeat_01/handoff_013,HALF_TRANSPORT_LOCAL_SE2,1086,"[18.67733634056143, 8.834676014736129, -1.753427312496477]",9,"[9, 9, 9, 9, 9]","[2.0817140831006024e-09, 0.1534286392642849]",1087,False
episode_001_repeat_01/handoff_013,HALF_TRANSPORT_LOCAL_SE2,1092,"[18.676825045885604, 8.831880773934502, -1.7372118690984102]",9,"[9, 9, 9, 9, 9]","[1.4617293174309833e-09, 0.11277273795157396]",1093,False
episode_001_repeat_01/handoff_013,HALF_TRANSPORT_LOCAL_SE2,1098,"[18.676825045860596, 8.83188077378001, -1.7252569963245452]",9,"[9, 9, 9, 9, 9]","[9.777399299171362e-10, 0.08279907911866882]",1099,False
episode_001_repeat_01/handoff_013,HALF_TRANSPORT_LOCAL_SE2,1104,"[18.67682504584476, 8.83188077367536, -1.7164775269742454]",9,"[9, 9, 9, 9, 9]","[6.617604407765029e-10, 0.0607868983999406]",1105,False
episode_001_repeat_01/handoff_013,HALF_TRANSPORT_LOCAL_SE2,1110,"[18.67682504583461, 8.831880773604642, -1.7100319671194444]",9,"[9, 9, 9, 9, 9]","[4.421614073736932e-10, 0.04462637402705439]",1111,False
episode_001_repeat_01/handoff_013,HALF_TRANSPORT_LOCAL_SE2,1116,"[18.67682504582808, 8.831880773557215, -1.7052999873970658]",9,"[9, 9, 9, 9, 9]","[2.871511851083565e-10, 0.032762195370886864]",1117,False
episode_001_repeat_01/handoff_013,HALF_TRANSPORT_LOCAL_SE2,1122,"[18.676825045823936, 8.831880773526192, -1.7018260313678601]",9,"[9, 9, 9, 9, 9]","[1.765278349988262e-10, 0.02405217601319183]",1123,False
episode_001_repeat_01/handoff_013,HALF_TRANSPORT_LOCAL_SE2,1128,"[18.67682504582141, 8.831880773506862, -1.6992756466442331]",9,"[9, 9, 9, 9, 9]","[9.696351835822558e-11, 0.017657765684246447]",1129,False
episode_001_repeat_01/handoff_013,HALF_TRANSPORT_LOCAL_SE2,1134,"[18.676825045820003, 8.831880773495932, -1.697403296472675]",9,"[9, 9, 9, 9, 9]","[3.941690928546644e-11, 0.01296334638087357]",1135,False
episode_001_repeat_01/handoff_013,HALF_TRANSPORT_LOCAL_SE2,1140,"[18.676825045819392, 8.83188077349107, -1.6960287214411751]",9,"[9, 9, 9, 9, 9]","[0.0, 0.009516965644885541]",1141,False
episode_001_repeat_01/handoff_013,HALF_TRANSPORT_LOCAL_SE2,1146,"[18.67682504581931, 8.831880773490418, -1.6950195851451229]",9,"[9, 9, 9, 9, 9]","[0.0, 0.006986825193336673]",1147,False
episode_001_repeat_01/handoff_013,HALF_TRANSPORT_LOCAL_SE2,1152,"[18.67682504581931, 8.831880773490418, -1.6942787335796254]",9,"[9, 9, 9, 9, 9]","[0.0, 0.005129337238672309]",1153,False
episode_001_repeat_01/handoff_013,HALF_TRANSPORT_LOCAL_SE2,1158,"[18.67682504581931, 8.831880773490418, -1.6937348416948141]",9,"[9, 9, 9, 9, 9]","[0.0, 0.003765673217759679]",1159,False
episode_001_repeat_01/handoff_013,HALF_TRANSPORT_LOCAL_SE2,1164,"[18.67682504581931, 8.831880773490418, -1.6933355466185311]",9,"[9, 9, 9, 9, 9]","[0.0, 0.002764547176956497]",1165,False
episode_001_repeat_01/handoff_013,HALF_TRANSPORT_LOCAL_SE2,1170,"[18.67682504581931, 8.831880773490418, -1.6930424064515341]",9,"[9, 9, 9, 9, 9]","[0.0, 0.002029576293963187]",1171,False
episode_001_repeat_01/handoff_013,HALF_TRANSPORT_LOCAL_SE2,1176,"[18.67682504581931, 8.831880773490418, -1.6928271992961978]",9,"[9, 9, 9, 9, 9]","[0.0, 0.0014900016781535493]",,True
episode_001_repeat_01/handoff_013,FULL_LOCAL_SE2,1002,"[18.88091559905879, 9.807793015222233, -1.4887640776416609]",0,"[1, 2, 3, 4, 5]","[0.8, -1.002828679234834]",1003,False
episode_001_repeat_01/handoff_013,FULL_LOCAL_SE2,1008,"[18.884075946738786, 9.72788666111679, -1.5807136190392803]",0,"[1, 2, 3, 4, 5]","[0.8, -0.791456993078334]",1009,False
episode_001_repeat_01/handoff_013,FULL_LOCAL_SE2,1014,"[18.879861480927545, 9.648019503633144, -1.6633821840945564]",1,"[2, 3, 4, 5, 6]","[0.8, -0.6108599199689766]",1015,False
episode_001_repeat_01/handoff_013,FULL_LOCAL_SE2,1020,"[18.869818649280734, 9.568665471874294, -1.7274781306528069]",1,"[2, 3, 4, 5, 6]","[0.7999999802375527, -0.384741408137255]",1021,False
episode_001_repeat_01/handoff_013,FULL_LOCAL_SE2,1026,"[18.85554655819129, 9.489954321210453, -1.7697209155335272]",2,"[3, 4, 5, 6, 7]","[0.7999999788612792, -0.3118345068081441]",1027,False
episode_001_repeat_01/handoff_013,FULL_LOCAL_SE2,1032,"[18.83843023162423, 9.411810257610702, -1.8021194829262102]",3,"[4, 5, 6, 7, 8]","[0.7999999561812887, -0.24923422845786228]",1033,False
episode_001_repeat_01/handoff_013,FULL_LOCAL_SE2,1038,"[18.81904632784108, 9.33419633909194, -1.828086245098773]",3,"[4, 5, 6, 7, 8]","[0.5999999720818446, -0.047068097981922]",1039,False
episode_001_repeat_01/handoff_013,FULL_LOCAL_SE2,1044,"[18.802608276251274, 9.273033560727914, -1.8361624908261067]",4,"[5, 6, 7, 8, 9]","[0.5081274075704916, -0.09462749371101943]",1045,False
episode_001_repeat_01/handoff_013,FULL_LOCAL_SE2,1050,"[18.78868361760817, 9.222575916940304, -1.8448325840539048]",5,"[6, 7, 8, 9, 9]","[0.7081273156035822, -0.0467090395218167]",1051,False
episode_001_repeat_01/handoff_013,FULL_LOCAL_SE2,1056,"[18.77021591559536, 9.157672874133109, -1.8503021291944994]",6,"[7, 8, 9, 9, 9]","[0.7999999852799411, 0.03300216106575854]",1057,False
episode_001_repeat_01/handoff_013,FULL_LOCAL_SE2,1062,"[18.748601717318863, 9.08223963505873, -1.8483304329948849]",7,"[8, 9, 9, 9, 9]","[0.7999999958483152, 0.11501464168720155]",1063,False
episode_001_repeat_01/handoff_013,FULL_LOCAL_SE2,1068,"[18.727029300342803, 9.005203489520426, -1.8381958429746286]",8,"[9, 9, 9, 9, 9]","[0.7186673589974352, 0.19018107950314553]",1069,False
episode_001_repeat_01/handoff_013,FULL_LOCAL_SE2,1074,"[18.70826386913069, 8.934427742770747, -1.8204305080613785]",8,"[9, 9, 9, 9, 9]","[0.5186673613813131, 0.2283200428157956]",1075,False
episode_001_repeat_01/handoff_013,FULL_LOCAL_SE2,1080,"[18.69517731291421, 8.880802620524998, -1.7982341520107126]",9,"[9, 9, 9, 9, 9]","[0.31866735496789295, 0.23683262804377817]",1081,False
episode_001_repeat_01/handoff_013,FULL_LOCAL_SE2,1086,"[18.687610750299942, 8.846426326370237, -1.7746927643990218]",9,"[9, 9, 9, 9, 9]","[0.11866735022297724, 0.20636902414469888]",1087,False
episode_001_repeat_01/handoff_013,FULL_LOCAL_SE2,1092,"[18.68466488143856, 8.831514777778697, -1.7535481341501227]",9,"[9, 9, 9, 9, 9]","[2.5538471472736765e-09, 0.15335449159890072]",1093,False
episode_001_repeat_01/handoff_013,FULL_LOCAL_SE2,1098,"[18.68430879076694, 8.829569309498401, -1.7373291086019147]",9,"[9, 9, 9, 9, 9]","[2.2921933173941677e-09, 0.11268960361218497]",1099,False
episode_001_repeat_01/handoff_013,FULL_LOCAL_SE2,1104,"[18.68430879072964, 8.82956930926782, -1.7253823994845148]",9,"[9, 9, 9, 9, 9]","[1.6890558983420975e-09, 0.08273641306990888]",1105,False
episode_001_repeat_01/handoff_013,FULL_LOCAL_SE2,1110,"[18.68430879070286, 8.829569309090877, -1.7166095378776127]",9,"[9, 9, 9, 9, 9]","[1.2985158406388062e-09, 0.060740799565852606]",1111,False
episode_001_repeat_01/handoff_013,FULL_LOCAL_SE2,1116,"[18.684308790683485, 8.8295693089559, -1.710168864026719]",9,"[9, 9, 9, 9, 9]","[1.0291981695750488e-09, 0.04459252558647315]",1117,False
episode_001_repeat_01/handoff_013,FULL_LOCAL_SE2,1122,"[18.68430879066882, 8.829569308849495, -1.7054404733218103]",9,"[9, 9, 9, 9, 9]","[8.40114853968972e-10, 0.03273734546381132]",1123,False
episode_001_repeat_01/handoff_013,FULL_LOCAL_SE2,1128,"[18.68430879065727, 8.8295693087631, -1.701969152259008]",9,"[9, 9, 9, 9, 9]","[7.05687916647868e-10, 0.02403393260254353]",1129,False
episode_001_repeat_01/handoff_013,FULL_LOCAL_SE2,1134,"[18.68430879064784, 8.829569308690903, -1.69942070198482]",9,"[9, 9, 9, 9, 9]","[6.092656389826873e-10, 0.01764437240466466]",1135,False
episode_001_repeat_01/handoff_013,FULL_LOCAL_SE2,1140,"[18.68430879063988, 8.829569308628878, -1.6975497719768122]",9,"[9, 9, 9, 9, 9]","[5.396624010145355e-10, 0.012953513793483067]",1141,False
episode_001_repeat_01/handoff_013,FULL_LOCAL_SE2,1146,"[18.68430879063295, 8.82956930857419, -1.6961762395489757]",9,"[9, 9, 9, 9, 9]","[4.891879698147028e-10, 0.00950974711598833]",1147,False
episode_001_repeat_01/handoff_013,FULL_LOCAL_SE2,1152,"[18.684308790626755, 8.829569308524817, -1.6951678686734941]",9,"[9, 9, 9, 9, 9]","[4.524635524851494e-10, 0.006981525758111009]",1153,False
episode_001_repeat_01/handoff_013,FULL_LOCAL_SE2,1158,"[18.68430879062108, 8.829569308479309, -1.694427579036442]",9,"[9, 9, 9, 9, 9]","[4.2567887572725034e-10, 0.005125446693336068]",1159,False
episode_001_repeat_01/handoff_013,FULL_LOCAL_SE2,1164,"[18.684308790615788, 8.829569308436618, -1.6938840996876838]",9,"[9, 9, 9, 9, 9]","[4.0610927951839317e-10, 0.003762816999607248]",1165,False
episode_001_repeat_01/handoff_013,FULL_LOCAL_SE2,1170,"[18.68430879061077, 8.829569308395985, -1.6934851074720183]",9,"[9, 9, 9, 9, 9]","[3.91792831273801e-10, 0.002762450303264069]",1171,False
episode_001_repeat_01/handoff_013,FULL_LOCAL_SE2,1176,"[18.68430879060595, 8.829569308356866, -1.6931921896481426]",9,"[9, 9, 9, 9, 9]","[3.8130956036893114e-10, 0.0020280368879848918]",,True
episode_008_repeat_01/handoff_023,M0_NATIVE,1806,"[17.84115860483165, 31.810155537028734, -0.6838866723247516]",3,"[4, 5, 6, 7, 8]","[0.6935884577424892, 1.28281508141587]",1807,False
episode_008_repeat_01/handoff_023,M0_NATIVE,1812,"[17.89467533677304, 31.771555297158006, -0.5639384914091585]",3,"[4, 5, 6, 7, 8]","[0.8, 1.7828150828072173]",1813,False
episode_008_repeat_01/handoff_023,M0_NATIVE,1818,"[17.96394569777695, 31.73541913130142, -0.3939903076214719]",4,"[5, 6, 7, 8, 9]","[0.8, 1.9707427078228574]",1819,False
episode_008_repeat_01/handoff_023,M0_NATIVE,1824,"[18.040290161944082, 31.711943074373018, -0.2000481538079102]",4,"[5, 6, 7, 8, 9]","[0.8, 1.544798116572905]",1825,False
episode_008_repeat_01/handoff_023,M0_NATIVE,1830,"[18.11966744157844, 31.702669660238662, -0.03846925720279204]",5,"[6, 7, 8, 9, 9]","[0.8, 1.1919366039425476]",1831,False
episode_008_repeat_01/handoff_023,M0_NATIVE,1836,"[18.19958984275609, 31.704789616176445, 0.08660543492512174]",5,"[6, 7, 8, 9, 9]","[0.8, 0.7628775372099795]",1837,False
episode_008_repeat_01/handoff_023,M0_NATIVE,1842,"[18.278880269291783, 31.71526106412495, 0.170044177443331]",6,"[7, 8, 9, 9, 9]","[0.8, 0.5539997883781842]",1843,False
episode_008_repeat_01/handoff_023,M0_NATIVE,1848,"[18.357260090968843, 31.731225785402323, 0.228925455165911]",6,"[7, 8, 9, 9, 9]","[0.8, 0.33877106070522983]",1849,False
episode_008_repeat_01/handoff_023,M0_NATIVE,1854,"[18.434785759297633, 31.750951346197102, 0.26638970865156386]",6,"[7, 8, 9, 9, 9]","[0.8, 0.1627303305901295]",1855,False
episode_008_repeat_01/handoff_023,M0_NATIVE,1860,"[18.51173045475367, 31.772845362839085, 0.285596754880888]",7,"[8, 9, 9, 9, 9]","[0.8, 0.034913507757216224]",1861,False
episode_008_repeat_01/handoff_023,M0_NATIVE,1866,"[18.58840600463877, 31.79566748540714, 0.29121838633034924]",7,"[8, 9, 9, 9, 9]","[0.6315496330985156, -0.11636961253478677]",1867,False
episode_008_repeat_01/handoff_023,M0_NATIVE,1872,"[18.651653816219266, 31.814395014590154, 0.2821028099396572]",8,"[9, 9, 9, 9, 9]","[0.43154966075199624, -0.18625191371150687]",1873,False
episode_008_repeat_01/handoff_023,M0_NATIVE,1878,"[18.69640250533123, 31.826990824268808, 0.26464232267748233]",9,"[9, 9, 9, 9, 9]","[0.23154965746986894, -0.21700798476391228]",1879,False
episode_008_repeat_01/handoff_023,M0_NATIVE,1884,"[18.72203122715559, 31.833681790098172, 0.2434541242802477]",9,"[9, 9, 9, 9, 9]","[0.031549680168237684, -0.1746852054678728]",1885,False
episode_008_repeat_01/handoff_023,M0_NATIVE,1890,"[18.728336600900715, 31.83521121793261, 0.22528022313068474]",9,"[9, 9, 9, 9, 9]","[1.3926572564361349e-08, -0.1291190100520545]",1891,False
episode_008_repeat_01/handoff_023,M0_NATIVE,1896,"[18.728849313466938, 31.835327931115117, 0.21160888482220086]",9,"[9, 9, 9, 9, 9]","[9.188608323101589e-09, -0.09484177892212335]",1897,False
episode_008_repeat_01/handoff_023,M0_NATIVE,1902,"[18.728849314443526, 31.835327931319878, 0.20155341922005654]",9,"[9, 9, 9, 9, 9]","[7.3231747021127184e-09, -0.06963037996173917]",1903,False
episode_008_repeat_01/handoff_023,M0_NATIVE,1908,"[18.728849315192043, 31.83532793146991, 0.1941701908561444]",9,"[9, 9, 9, 9, 9]","[6.2367158175167376e-09, -0.05111890279616526]",1909,False
episode_008_repeat_01/handoff_023,M0_NATIVE,1914,"[18.728849315822103, 31.83532793159199, 0.1887497756744061]",9,"[9, 9, 9, 9, 9]","[5.530423628821295e-09, -0.037528656400109425]",1915,False
episode_008_repeat_01/handoff_023,M0_NATIVE,1920,"[18.728849316377094, 31.835327931696824, 0.18477040572025372]",9,"[9, 9, 9, 9, 9]","[5.0535827274993724e-09, -0.027551446788273863]",1921,False
episode_008_repeat_01/handoff_023,M0_NATIVE,1926,"[18.728849316881806, 31.83532793179037, 0.1818489740621967]",9,"[9, 9, 9, 9, 9]","[4.7235326447169634e-09, -0.02022673547653506]",1927,False
episode_008_repeat_01/handoff_023,M0_NATIVE,1932,"[18.728849317351877, 31.835327931876265, 0.17970422188082313]",9,"[9, 9, 9, 9, 9]","[4.491177164374569e-09, -0.014849340952723852]",1933,False
episode_008_repeat_01/handoff_023,M0_NATIVE,1938,"[18.72884931779764, 31.835327931956865, 0.1781296644613679]",9,"[9, 9, 9, 9, 9]","[4.325655257428243e-09, -0.010901557832681315]",1939,False
episode_008_repeat_01/handoff_023,M0_NATIVE,1944,"[18.72884931822612, 31.835327932033742, 0.17697371223247726]",9,"[9, 9, 9, 9, 9]","[4.2067545324047165e-09, -0.008003315669171937]",1945,False
episode_008_repeat_01/handoff_023,M0_NATIVE,1950,"[18.728849318642208, 31.83532793210797, 0.17612507658524157]",9,"[9, 9, 9, 9, 9]","[4.120832454893817e-09, -0.005875587935461764]",1951,False
episode_008_repeat_01/handoff_023,M0_NATIVE,1956,"[18.72884931904935, 31.83532793218029, 0.17550205563030774]",9,"[9, 9, 9, 9, 9]","[4.058474684035454e-09, -0.004313528918048574]",1957,False
episode_008_repeat_01/handoff_023,M0_NATIVE,1962,"[18.728849319450003, 31.835327932251236, 0.17504466839769117]",9,"[9, 9, 9, 9, 9]","[4.013077724772409e-09, -0.0031667523196057955]",1963,False
episode_008_repeat_01/handoff_023,M0_NATIVE,1968,"[18.728849319845935, 31.83532793232119, 0.1747088802049097]",9,"[9, 9, 9, 9, 9]","[3.9799536110181235e-09, -0.0023248529088387465]",1969,False
episode_008_repeat_01/handoff_023,M0_NATIVE,1974,"[18.72884932023842, 31.835327932390413, 0.17446236324432274]",9,"[9, 9, 9, 9, 9]","[3.955744602767978e-09, -0.0017067773231874514]",1975,False
episode_008_repeat_01/handoff_023,M0_NATIVE,1980,"[18.728849320628395, 31.835327932459112, 0.17428138424280437]",9,"[9, 9, 9, 9, 9]","[3.9380299675096904e-09, -0.0012530207049582028]",1981,False
episode_008_repeat_01/handoff_023,HALF_TRANSPORT_LOCAL_SE2,1806,"[17.84115860483165, 31.810155537028734, -0.6838866723247516]",1,"[2, 3, 4, 5, 6]","[0.5924611443647769, 1.2828150746961953]",1807,False
episode_008_repeat_01/handoff_023,HALF_TRANSPORT_LOCAL_SE2,1812,"[17.887807068541232, 31.77643159435283, -0.5639384919691306]",2,"[3, 4, 5, 6, 7]","[0.7924611506803001, 1.7828150716488724]",1813,False
episode_008_repeat_01/handoff_023,HALF_TRANSPORT_LOCAL_SE2,1818,"[17.955083342771758, 31.74146433281346, -0.39399030922329903]",2,"[3, 4, 5, 6, 7]","[0.7999999549176201, 1.740575477292647]",1819,False
episode_008_repeat_01/handoff_023,HALF_TRANSPORT_LOCAL_SE2,1824,"[18.031146099374137, 31.71741752373764, -0.21922875914023798]",3,"[4, 5, 6, 7, 8]","[0.8, 1.4934531678796488]",1825,False
episode_008_repeat_01/handoff_023,HALF_TRANSPORT_LOCAL_SE2,1830,"[18.110279222749888, 31.706202965520415, -0.06576472919161791]",4,"[5, 6, 7, 8, 9]","[0.8, 1.190987642753233]",1831,False
episode_008_repeat_01/handoff_023,HALF_TRANSPORT_LOCAL_SE2,1836,"[18.19023002459244, 31.706075526403367, 0.05837513364354274]",4,"[5, 6, 7, 8, 9]","[0.8, 0.772565247633104]",1837,False
episode_008_repeat_01/handoff_023,HALF_TRANSPORT_LOCAL_SE2,1842,"[18.269781309602124, 31.71433026458977, 0.14260536938513813]",5,"[6, 7, 8, 9, 9]","[0.8, 0.5832663206005314]",1843,False
episode_008_repeat_01/handoff_023,HALF_TRANSPORT_LOCAL_SE2,1848,"[18.34855243380793, 31.728230126278508, 0.20408698676891657]",5,"[6, 7, 8, 9, 9]","[0.8, 0.364933153888827]",1849,False
episode_008_repeat_01/handoff_023,HALF_TRANSPORT_LOCAL_SE2,1854,"[18.426519267477232, 31.74612974098059, 0.24421919036271733]",6,"[7, 8, 9, 9, 9]","[0.8, 0.2607052248184326]",1855,False
episode_008_repeat_01/handoff_023,HALF_TRANSPORT_LOCAL_SE2,1860,"[18.50385180949385, 31.766606403836107, 0.2720268464460154]",7,"[8, 9, 9, 9, 9]","[0.8, 0.10729960516741918]",1861,False
episode_008_repeat_01/handoff_023,HALF_TRANSPORT_LOCAL_SE2,1866,"[18.580741633787518, 31.78869439027264, 0.2853135679832315]",7,"[8, 9, 9, 9, 9]","[0.659743064458287, -0.07179514382149062]",1867,False
episode_008_repeat_01/handoff_023,HALF_TRANSPORT_LOCAL_SE2,1872,"[18.646307081726533, 31.80786928390061, 0.2811189658654647]",8,"[9, 9, 9, 9, 9]","[0.45974308234868655, -0.16284915478241932]",1873,False
episode_008_repeat_01/handoff_023,HALF_TRANSPORT_LOCAL_SE2,1878,"[18.69376438948437, 31.82124820981391, 0.26635161646639416]",9,"[9, 9, 9, 9, 9]","[0.2597430891829472, -0.20886609378118323]",1879,False
episode_008_repeat_01/handoff_023,HALF_TRANSPORT_LOCAL_SE2,1884,"[18.72210472285137, 31.8287134991408, 0.24623195502226558]",9,"[9, 9, 9, 9, 9]","[0.05974311017720175, -0.17962781929485497]",1885,False
episode_008_repeat_01/handoff_023,HALF_TRANSPORT_LOCAL_SE2,1890,"[18.731146427607484, 31.83092191054167, 0.22778186755576169]",9,"[9, 9, 9, 9, 9]","[1.0170032448814014e-08, -0.13336915855167075]",1891,False
episode_008_repeat_01/handoff_023,HALF_TRANSPORT_LOCAL_SE2,1896,"[18.732116762393357, 31.831145308820634, 0.2136739732857582]",9,"[9, 9, 9, 9, 9]","[7.243151077689067e-09, -0.09799737271451057]",1897,False
episode_008_repeat_01/handoff_023,HALF_TRANSPORT_LOCAL_SE2,1902,"[18.7321167631497, 31.831145308980663, 0.2032847057085121]",9,"[9, 9, 9, 9, 9]","[5.678639701857345e-09, -0.07194905358869895]",1903,False
episode_008_repeat_01/handoff_023,HALF_TRANSPORT_LOCAL_SE2,1908,"[18.732116763731867, 31.83114530909833, 0.19565566129966028]",9,"[9, 9, 9, 9, 9]","[4.750657751881912e-09, -0.05282125785424144]",1909,False
episode_008_repeat_01/handoff_023,HALF_TRANSPORT_LOCAL_SE2,1914,"[18.73211676421331, 31.831145309192316, 0.19005473862655098]",9,"[9, 9, 9, 9, 9]","[4.142024310464329e-09, -0.038778436807085044]",1915,False
episode_008_repeat_01/handoff_023,HALF_TRANSPORT_LOCAL_SE2,1920,"[18.73211676463018, 31.8311453092716, 0.185942847713938]",9,"[9, 9, 9, 9, 9]","[3.72877744179222e-09, -0.028468966060849994]",1921,False
episode_008_repeat_01/handoff_023,HALF_TRANSPORT_LOCAL_SE2,1926,"[18.732116765003507, 31.831145309341228, 0.18292412643797729]",9,"[9, 9, 9, 9, 9]","[3.4416602099741434e-09, -0.020900326858468023]",1927,False
episode_008_repeat_01/handoff_023,HALF_TRANSPORT_LOCAL_SE2,1932,"[18.732116765346706, 31.831145309404313, 0.18070794964984094]",9,"[9, 9, 9, 9, 9]","[3.23900475287492e-09, -0.015343854096929717]",1933,False
episode_008_repeat_01/handoff_023,HALF_TRANSPORT_LOCAL_SE2,1938,"[18.732116765668707, 31.831145309462862, 0.17908095627593568]",9,"[9, 9, 9, 9, 9]","[3.094378445240919e-09, -0.011264601745009501]",1939,False
episode_008_repeat_01/handoff_023,HALF_TRANSPORT_LOCAL_SE2,1944,"[18.7321167659756, 31.83114530951822, 0.17788650849993992]",9,"[9, 9, 9, 9, 9]","[2.990354539459365e-09, -0.008269842220212723]",1945,False
episode_008_repeat_01/handoff_023,HALF_TRANSPORT_LOCAL_SE2,1950,"[18.73211676627165, 31.831145309571305, 0.1770096115734372]",9,"[9, 9, 9, 9, 9]","[2.91511406065771e-09, -0.0060712568344362585]",1951,False
episode_008_repeat_01/handoff_023,HALF_TRANSPORT_LOCAL_SE2,1956,"[18.732116766559855, 31.83114530962276, 0.17636584276665568]",9,"[9, 9, 9, 9, 9]","[2.8604723868680897e-09, -0.0044571780890314385]",1957,False
episode_008_repeat_01/handoff_023,HALF_TRANSPORT_LOCAL_SE2,1962,"[18.732116766842378, 31.831145309673044, 0.17589322362068005]",9,"[9, 9, 9, 9, 9]","[2.8206738112205275e-09, -0.003272211513488595]",1963,False
episode_008_repeat_01/handoff_023,HALF_TRANSPORT_LOCAL_SE2,1968,"[18.732116767120758, 31.831145309722466, 0.17554625300830962]",9,"[9, 9, 9, 9, 9]","[2.7916245228585114e-09, -0.002402275155762267]",1969,False
episode_008_repeat_01/handoff_023,HALF_TRANSPORT_LOCAL_SE2,1974,"[18.732116767396107, 31.83114530977127, 0.17529152654015334]",9,"[9, 9, 9, 9, 9]","[2.770388285190854e-09, -0.0017636164104446565]",1975,False
episode_008_repeat_01/handoff_023,HALF_TRANSPORT_LOCAL_SE2,1980,"[18.73211676766926, 31.831145309819618, 0.17510452057693282]",9,"[9, 9, 9, 9, 9]","[2.7548460944298777e-09, -0.0012947487866156557]",1981,False
episode_008_repeat_01/handoff_023,FULL_LOCAL_SE2,1806,"[17.84115860483165, 31.810155537028734, -0.6838866723247516]",0,"[1, 2, 3, 4, 5]","[0.6935884541394287, 1.282815072036867]",1807,False
episode_008_repeat_01/handoff_023,FULL_LOCAL_SE2,1812,"[17.894675336515586, 31.771555297313103, -0.5639384921907422]",0,"[1, 2, 3, 4, 5]","[0.7999991467503125, 1.706990287445996]",1813,False
episode_008_repeat_01/handoff_023,FULL_LOCAL_SE2,1818,"[17.96385490558517, 31.73522921940033, -0.4003090418356883]",1,"[2, 3, 4, 5, 6]","[0.7999999945749298, 1.605434276351158]",1819,False
episode_008_repeat_01/handoff_023,FULL_LOCAL_SE2,1824,"[18.03974941728244, 31.710206079560187, -0.2380730055543916]",1,"[2, 3, 4, 5, 6]","[0.599999995798745, 1.1054344124857722]",1825,False
episode_008_repeat_01/handoff_023,FULL_LOCAL_SE2,1830,"[18.10204857289897, 31.699013054197945, -0.11919622704148569]",2,"[3, 4, 5, 6, 7]","[0.7958709751703298, 1.0824931837463352]",1831,False
episode_008_repeat_01/handoff_023,FULL_LOCAL_SE2,1836,"[18.178185406048495, 31.694226526245636, -0.01056454918894456]",3,"[4, 5, 6, 7, 8]","[0.8, 0.9606696545503717]",1837,False
episode_008_repeat_01/handoff_023,FULL_LOCAL_SE2,1842,"[18.258023406611706, 31.6973710068911, 0.08753281353553488]",3,"[4, 5, 6, 7, 8]","[0.6000000179139444, 0.6358797503674829]",1843,False
episode_008_repeat_01/handoff_023,FULL_LOCAL_SE2,1848,"[18.320867840441306, 31.705125782647617, 0.15653395724068853]",4,"[5, 6, 7, 8, 9]","[0.7999967027952186, 0.5421806295862333]",1849,False
episode_008_repeat_01/handoff_023,FULL_LOCAL_SE2,1854,"[18.396201732476197, 31.7193083755579, 0.2123136751214716]",5,"[6, 7, 8, 9, 9]","[0.8, 0.41427040526641123]",1855,False
episode_008_repeat_01/handoff_023,FULL_LOCAL_SE2,1860,"[18.47399735023134, 31.7379329615844, 0.2558725549918828]",6,"[7, 8, 9, 9, 9]","[0.7999999929225133, 0.2537513996597673]",1861,False
episode_008_repeat_01/handoff_023,FULL_LOCAL_SE2,1866,"[18.55107510524682, 31.759348900555363, 0.28392301318091606]",7,"[8, 9, 9, 9, 9]","[0.768287133960324, 0.05350227071936667]",1867,False
episode_008_repeat_01/handoff_023,FULL_LOCAL_SE2,1872,"[18.625210189212954, 31.781442110749627, 0.29261072618829154]",7,"[8, 9, 9, 9, 9]","[0.5682871283114087, -0.11926781485884073]",1873,False
episode_008_repeat_01/handoff_023,FULL_LOCAL_SE2,1878,"[18.68286848616254, 31.798616424909014, 0.283563445656859]",8,"[9, 9, 9, 9, 9]","[0.36828712271535763, -0.20248354845369831]",1879,False
episode_008_repeat_01/handoff_023,FULL_LOCAL_SE2,1884,"[18.721516831116027, 31.809536145252785, 0.26470201872103605]",9,"[9, 9, 9, 9, 9]","[0.16828711860972284, -0.22391221845742826]",1885,False
episode_008_repeat_01/handoff_023,FULL_LOCAL_SE2,1890,"[18.74102466331077, 31.81462867170521, 0.24266794022618754]",9,"[9, 9, 9, 9, 9]","[3.6210845376640573e-09, -0.16866762935203666]",1891,False
episode_008_repeat_01/handoff_023,FULL_LOCAL_SE2,1896,"[18.74374852107224, 31.81529756101937, 0.22488043321153572]",9,"[9, 9, 9, 9, 9]","[1.9584980039388653e-09, -0.12407019275338944]",1897,False
episode_008_repeat_01/handoff_023,FULL_LOCAL_SE2,1902,"[18.743748521290478, 31.81529756106787, 0.21173012264037716]",9,"[9, 9, 9, 9, 9]","[9.615381163481253e-10, -0.09109929268477598]",1903,False
episode_008_repeat_01/handoff_023,FULL_LOCAL_SE2,1908,"[18.743748521400835, 31.815297561091075, 0.20207067786697763]",9,"[9, 9, 9, 9, 9]","[3.3909188604839635e-10, -0.06688080838586641]",1909,False
episode_008_repeat_01/handoff_023,FULL_LOCAL_SE2,1914,"[18.743748521444243, 31.815297561099833, 0.1949789552535468]",9,"[9, 9, 9, 9, 9]","[0.0, -0.04910020326911705]",1915,False
episode_008_repeat_01/handoff_023,FULL_LOCAL_SE2,1920,"[18.74374852144979, 31.815297561100923, 0.1897725912364887]",9,"[9, 9, 9, 9, 9]","[0.0, -0.03604663253144326]",1921,False
episode_008_repeat_01/handoff_023,FULL_LOCAL_SE2,1926,"[18.74374852144979, 31.815297561100923, 0.1859503682717052]",9,"[9, 9, 9, 9, 9]","[0.0, -0.02646342672386327]",1927,False
episode_008_repeat_01/handoff_023,FULL_LOCAL_SE2,1932,"[18.74374852144979, 31.815297561100923, 0.18314430535617854]",9,"[9, 9, 9, 9, 9]","[0.0, -0.019427971521260454]",1933,False
episode_008_repeat_01/handoff_023,FULL_LOCAL_SE2,1938,"[18.74374852144979, 31.815297561100923, 0.1810842505099033]",9,"[9, 9, 9, 9, 9]","[0.0, -0.014262932807675101]",1939,False
episode_008_repeat_01/handoff_023,FULL_LOCAL_SE2,1944,"[18.74374852144979, 31.815297561100923, 0.17957187317169865]",9,"[9, 9, 9, 9, 9]","[0.0, -0.010471049539298383]",1945,False
episode_008_repeat_01/handoff_023,FULL_LOCAL_SE2,1950,"[18.74374852144979, 31.815297561100923, 0.1784615701053891]",9,"[9, 9, 9, 9, 9]","[0.0, -0.007687260391940771]",1951,False
episode_008_repeat_01/handoff_023,FULL_LOCAL_SE2,1956,"[18.74374852144979, 31.815297561100923, 0.1776464475378945]",9,"[9, 9, 9, 9, 9]","[0.0, -0.005643557707207159]",1957,False
episode_008_repeat_01/handoff_023,FULL_LOCAL_SE2,1962,"[18.74374852144979, 31.815297561100923, 0.17704803002455227]",9,"[9, 9, 9, 9, 9]","[0.0, -0.004143185214152129]",1963,False
episode_008_repeat_01/handoff_023,FULL_LOCAL_SE2,1968,"[18.74374852144979, 31.815297561100923, 0.17660870527200734]",9,"[9, 9, 9, 9, 9]","[0.0, -0.0030416954355432313]",1969,False
episode_008_repeat_01/handoff_023,FULL_LOCAL_SE2,1974,"[18.74374852144979, 31.815297561100923, 0.17628617754865594]",9,"[9, 9, 9, 9, 9]","[0.0, -0.002233043092256334]",1975,False
episode_008_repeat_01/handoff_023,FULL_LOCAL_SE2,1980,"[18.74374852144979, 31.815297561100923, 0.1760493956880267]",9,"[9, 9, 9, 9, 9]","[0.0, -0.0016393756565894603]",1981,False
episode_013_repeat_00/handoff_020,M0_NATIVE,1524,"[19.668567955248744, 8.99227202834442, -1.3595769416513406]",2,"[3, 4, 5, 6, 7]","[0.7055854373652094, -0.9630604604328946]",1525,False
episode_013_repeat_00/handoff_020,M0_NATIVE,1530,"[19.680042344044157, 8.925176867134407, -1.4475496588114387]",2,"[3, 4, 5, 6, 7]","[0.6000000022273335, -1.4630604693981166]",1531,False
episode_013_repeat_00/handoff_020,M0_NATIVE,1536,"[19.683703792146858, 8.863579567918839, -1.5855223794643347]",3,"[4, 5, 6, 7, 8]","[0.8, -1.9630604740636777]",1537,False
episode_013_repeat_00/handoff_020,M0_NATIVE,1542,"[19.675402928815032, 8.787477207532728, -1.7734951032631512]",3,"[4, 5, 6, 7, 8]","[0.8, -2.2713469944920015]",1543,False
episode_013_repeat_00/handoff_020,M0_NATIVE,1548,"[19.65093143589911, 8.711488904585368, -1.9954917056165704]",4,"[5, 6, 7, 8, 9]","[0.8, -1.9998171485685399]",1549,False
episode_013_repeat_00/handoff_020,M0_NATIVE,1554,"[19.61063776671362, 8.642534674940539, -2.199998928571364]",4,"[5, 6, 7, 8, 9]","[0.8, -1.5006078515967045]",1555,False
episode_013_repeat_00/handoff_020,M0_NATIVE,1560,"[19.558429780676544, 8.582022578637485, -2.3583798769407758]",5,"[6, 7, 8, 9, 9]","[0.8, -1.165726085256214]",1561,False
episode_013_repeat_00/handoff_020,M0_NATIVE,1566,"[19.498310837077373, 8.529314408416706, -2.4805338546095648]",5,"[6, 7, 8, 9, 9]","[0.8, -0.7239458897791289]",1567,False
episode_013_repeat_00/handoff_020,M0_NATIVE,1572,"[19.433128516440267, 8.482965712726042, -2.560291451005111]",6,"[7, 8, 9, 9, 9]","[0.8, -0.5944474850726236]",1573,False
episode_013_repeat_00/handoff_020,M0_NATIVE,1578,"[19.364920220451996, 8.44118434889822, -2.6218945094703314]",6,"[7, 8, 9, 9, 9]","[0.8, -0.38041958641503576]",1579,False
episode_013_repeat_00/handoff_020,M0_NATIVE,1584,"[19.294619020393576, 8.403014965131293, -2.663503601926211]",6,"[7, 8, 9, 9, 9]","[0.8, -0.22737916297457697]",1585,False
episode_013_repeat_00/handoff_020,M0_NATIVE,1590,"[19.223092839688178, 8.367186193339672, -2.688792193266578]",7,"[8, 9, 9, 9, 9]","[0.8, -0.20933916327099666]",1591,False
episode_013_repeat_00/handoff_020,M0_NATIVE,1596,"[19.150784316343834, 8.332962789231743, -2.7100267773628732]",7,"[8, 9, 9, 9, 9]","[0.7870846701290235, -0.045394656740511644]",1597,False
episode_013_repeat_00/handoff_020,M0_NATIVE,1602,"[19.078940534876594, 8.300291595696299, -2.7172986518583575]",8,"[9, 9, 9, 9, 9]","[0.5870846783944009, 0.02610959148594416]",1603,False
episode_013_repeat_00/handoff_020,M0_NATIVE,1608,"[19.022404644534724, 8.27474013740186, -2.7158794301061864]",9,"[9, 9, 9, 9, 9]","[0.3870846856061773, 0.09922616045017586]",1609,False
episode_013_repeat_00/handoff_020,M0_NATIVE,1614,"[18.98417744788178, 8.257242108789136, -2.7071754230899567]",9,"[9, 9, 9, 9, 9]","[0.18708468370842327, 0.12401454091808868]",1615,False
episode_013_repeat_00/handoff_020,M0_NATIVE,1620,"[18.9642303844142, 8.247863994438584, -2.695187108047374]",9,"[9, 9, 9, 9, 9]","[0.0, 0.09395703860246703]",1621,False
episode_013_repeat_00/handoff_020,M0_NATIVE,1626,"[18.961419256250725, 8.246514932986724, -2.685290445299049]",9,"[9, 9, 9, 9, 9]","[0.0, 0.06914379426486515]",1627,False
episode_013_repeat_00/handoff_020,M0_NATIVE,1632,"[18.961419256250725, 8.246514932986724, -2.6779625114180874]",9,"[9, 9, 9, 9, 9]","[0.0, 0.05077095202393468]",1633,False
episode_013_repeat_00/handoff_020,M0_NATIVE,1638,"[18.961419256250725, 8.246514932986724, -2.672579201897584]",9,"[9, 9, 9, 9, 9]","[0.0, 0.037273737364126855]",1639,False
episode_013_repeat_00/handoff_020,M0_NATIVE,1644,"[18.961419256250725, 8.246514932986724, -2.6686268743773778]",9,"[9, 9, 9, 9, 9]","[0.0, 0.027364328894851197]",1645,False
episode_013_repeat_00/handoff_020,M0_NATIVE,1650,"[18.961419256250725, 8.246514932986724, -2.665725284528742]",9,"[9, 9, 9, 9, 9]","[0.0, 0.02008936524962535]",1651,False
episode_013_repeat_00/handoff_020,M0_NATIVE,1656,"[18.961419256250725, 8.246514932986724, -2.663595098498594]",9,"[9, 9, 9, 9, 9]","[9.22158561238672e-09, 0.01474846955241799]",1657,False
episode_013_repeat_00/handoff_020,M0_NATIVE,1662,"[18.961419255568728, 8.24651493263258, -2.6620312365335046]",9,"[9, 9, 9, 9, 9]","[8.988738781885795e-09, 0.010827502568908166]",1663,False
episode_013_repeat_00/handoff_020,M0_NATIVE,1668,"[18.961419254768057, 8.246514932215579, -2.660883136767011]",9,"[9, 9, 9, 9, 9]","[8.821836844343444e-09, 0.007948948458735252]",1669,False
episode_013_repeat_00/handoff_020,M0_NATIVE,1674,"[18.961419253983568, 8.246514931806018, -2.6600402659753417]",9,"[9, 9, 9, 9, 9]","[8.701415040434987e-09, 0.00583567463354834]",1675,False
episode_013_repeat_00/handoff_020,M0_NATIVE,1680,"[18.961419253210735, 8.246514931401824, -2.6594214772492952]",9,"[9, 9, 9, 9, 9]","[8.614117626174693e-09, 0.004284226852502296]",1681,False
episode_013_repeat_00/handoff_020,M0_NATIVE,1686,"[18.961419252446337, 8.24651493100153, -2.658967197077334]",9,"[9, 9, 9, 9, 9]","[8.550616337469591e-09, 0.003145240417181727]",1687,False
episode_013_repeat_00/handoff_020,M0_NATIVE,1692,"[18.961419251688064, 8.246514930604066, -2.6586336899109675]",9,"[9, 9, 9, 9, 9]","[8.504309775099803e-09, 0.0023090600988932486]",1693,False
episode_013_repeat_00/handoff_020,M0_NATIVE,1698,"[18.961419250934267, 8.24651493020867, -2.6583888475496704]",9,"[9, 9, 9, 9, 9]","[8.4704807888499e-09, 0.001695183144127336]",1699,False
episode_013_repeat_00/handoff_020,HALF_TRANSPORT_LOCAL_SE2,1524,"[19.668567955248744, 8.99227202834442, -1.3595769416513406]",1,"[2, 3, 4, 5, 6]","[0.7576411334889295, -0.9630604597352043]",1525,False
episode_013_repeat_00/handoff_020,HALF_TRANSPORT_LOCAL_SE2,1530,"[19.680747719321523, 8.920897804880495, -1.4475496587532986]",1,"[2, 3, 4, 5, 6]","[0.5919036560250288, -1.4630604631817266]",1531,False
episode_013_repeat_00/handoff_020,HALF_TRANSPORT_LOCAL_SE2,1536,"[19.68447774663897, 8.85911222981116, -1.5855223788765331]",2,"[3, 4, 5, 6, 7]","[0.7919036619952837, -1.963060464287787]",1537,False
episode_013_repeat_00/handoff_020,HALF_TRANSPORT_LOCAL_SE2,1542,"[19.67626179958023, 8.783813779279196, -1.7734951017570846]",2,"[3, 4, 5, 6, 7]","[0.7999999920862285, -2.0389239366383434]",1543,False
episode_013_repeat_00/handoff_020,HALF_TRANSPORT_LOCAL_SE2,1548,"[19.652424411018647, 8.707732884260404, -1.9761231147829499]",3,"[4, 5, 6, 7, 8]","[0.8, -1.8592200441148734]",1549,False
episode_013_repeat_00/handoff_020,HALF_TRANSPORT_LOCAL_SE2,1554,"[19.614053929336485, 8.637668441042752, -2.1650401939226214]",3,"[4, 5, 6, 7, 8]","[0.8, -1.3603632434532955]",1555,False
episode_013_repeat_00/handoff_020,HALF_TRANSPORT_LOCAL_SE2,1560,"[19.564422758278017, 8.57500803153261, -2.3093908058074484]",4,"[5, 6, 7, 8, 9]","[0.8, -1.167645812509835]",1561,False
episode_013_repeat_00/handoff_020,HALF_TRANSPORT_LOCAL_SE2,1566,"[19.50707205963544, 8.519299422968809, -2.4293673504980875]",5,"[6, 7, 8, 9, 9]","[0.8, -0.9609360473659151]",1567,False
episode_013_repeat_00/handoff_020,HALF_TRANSPORT_LOCAL_SE2,1572,"[19.44394784026798, 8.47020512800568, -2.528906123178428]",5,"[6, 7, 8, 9, 9]","[0.8, -0.6157860701563781]",1573,False
episode_013_repeat_00/handoff_020,HALF_TRANSPORT_LOCAL_SE2,1578,"[19.376894724158454, 8.426596871779521, -2.5962372333258164]",6,"[7, 8, 9, 9, 9]","[0.8, -0.5415889867394065]",1579,False
episode_013_repeat_00/handoff_020,HALF_TRANSPORT_LOCAL_SE2,1584,"[19.307364551903035, 8.387049945461467, -2.6516327529458086]",6,"[7, 8, 9, 9, 9]","[0.8, -0.3413763549861888]",1585,False
episode_013_repeat_00/handoff_020,HALF_TRANSPORT_LOCAL_SE2,1590,"[19.236036792447894, 8.35083292700675, -2.689107267594762]",7,"[8, 9, 9, 9, 9]","[0.8, -0.27639772844185245]",1591,False
episode_013_repeat_00/handoff_020,HALF_TRANSPORT_LOCAL_SE2,1596,"[19.163579939668764, 8.316927423547067, -2.717830019046028]",7,"[8, 9, 9, 9, 9]","[0.7999999554080569, -0.0771772191230527]",1597,False
episode_013_repeat_00/handoff_020,HALF_TRANSPORT_LOCAL_SE2,1602,"[19.09043102948167, 8.284536226189068, -2.728868083355993]",8,"[9, 9, 9, 9, 9]","[0.6000000154201005, 0.02427851987667919]",1603,False
episode_013_repeat_00/handoff_020,HALF_TRANSPORT_LOCAL_SE2,1608,"[19.032406769643334, 8.25915324801061, -2.7281311603132212]",8,"[9, 9, 9, 9, 9]","[0.4000000240633768, 0.11634242691292641]",1609,False
episode_013_repeat_00/handoff_020,HALF_TRANSPORT_LOCAL_SE2,1614,"[18.99279658670725, 8.241580776453544, -2.7180313155457854]",9,"[9, 9, 9, 9, 9]","[0.20000002057589772, 0.150574178326133]",1615,False
episode_013_repeat_00/handoff_020,HALF_TRANSPORT_LOCAL_SE2,1620,"[18.971584725734633, 8.23186015028176, -2.7035444261478423]",9,"[9, 9, 9, 9, 9]","[1.7941102321661927e-08, 0.11425217573286334]",1621,False
episode_013_repeat_00/handoff_020,HALF_TRANSPORT_LOCAL_SE2,1626,"[18.968567896982663, 8.230442453920322, -2.691513841237224]",9,"[9, 9, 9, 9, 9]","[0.0, 0.08408869048245887]",1627,False
episode_013_repeat_00/handoff_020,HALF_TRANSPORT_LOCAL_SE2,1632,"[18.968567896713548, 8.230442453789982, -2.6826022469700286]",9,"[9, 9, 9, 9, 9]","[0.0, 0.06174524171721883]",1633,False
episode_013_repeat_00/handoff_020,HALF_TRANSPORT_LOCAL_SE2,1638,"[18.968567896713548, 8.230442453789982, -2.6760553316441036]",9,"[9, 9, 9, 9, 9]","[1.0099024094745689e-08, 0.04533057023279683]",1639,False
episode_013_repeat_00/handoff_020,HALF_TRANSPORT_LOCAL_SE2,1644,"[18.96856789596263, 8.230442453410001, -2.671248696512064]",9,"[9, 9, 9, 9, 9]","[9.195403168353096e-09, 0.03327921433909907]",1645,False
episode_013_repeat_00/handoff_020,HALF_TRANSPORT_LOCAL_SE2,1650,"[18.96856789513029, 8.230442452984928, -2.6677199189625522]",9,"[9, 9, 9, 9, 9]","[8.588354096647423e-09, 0.0244317455066024]",1651,False
episode_013_repeat_00/handoff_020,HALF_TRANSPORT_LOCAL_SE2,1656,"[18.968567894357623, 8.230442452587354, -2.665129286462906]",9,"[9, 9, 9, 9, 9]","[8.16962286410183e-09, 0.01793642520957252]",1657,False
episode_013_repeat_00/handoff_020,HALF_TRANSPORT_LOCAL_SE2,1662,"[18.968567893625824, 8.230442452208738, -2.6632273885044735]",9,"[9, 9, 9, 9, 9]","[7.87554669831554e-09, 0.013167923128670052]",1663,False
episode_013_repeat_00/handoff_020,HALF_TRANSPORT_LOCAL_SE2,1668,"[18.96856789292259, 8.230442451843436, -2.661831121084105]",9,"[9, 9, 9, 9, 9]","[7.666415192608285e-09, 0.009667154809323281]",1669,False
episode_013_repeat_00/handoff_020,HALF_TRANSPORT_LOCAL_SE2,1674,"[18.968567892239598, 8.230442451487605, -2.6608060594110556]",9,"[9, 9, 9, 9, 9]","[7.516371484760895e-09, 0.007097085934506446]",1675,False
episode_013_repeat_00/handoff_020,HALF_TRANSPORT_LOCAL_SE2,1680,"[18.968567891571098, 8.23044245113857, -2.6600535162971104]",9,"[9, 9, 9, 9, 9]","[7.4080395301259115e-09, 0.005210284693278002]",1681,False
episode_013_repeat_00/handoff_020,HALF_TRANSPORT_LOCAL_SE2,1686,"[18.968567890913036, 8.230442450794444, -2.6595010411116147]",9,"[9, 9, 9, 9, 9]","[7.32946767754438e-09, 0.0038251004459389304]",1687,False
episode_013_repeat_00/handoff_020,HALF_TRANSPORT_LOCAL_SE2,1692,"[18.96856789026253, 8.23044245045388, -2.6590954446417454]",9,"[9, 9, 9, 9, 9]","[7.272292978405839e-09, 0.00280817542191404]",1693,False
episode_013_repeat_00/handoff_020,HALF_TRANSPORT_LOCAL_SE2,1698,"[18.96856788961753, 8.230442450115909, -2.658797678333624]",9,"[9, 9, 9, 9, 9]","[7.230589030093822e-09, 0.002061605782607892]",1699,False
episode_013_repeat_00/handoff_020,FULL_LOCAL_SE2,1524,"[19.668567955248744, 8.99227202834442, -1.3595769416513406]",0,"[1, 2, 3, 4, 5]","[0.7576412289783683, -0.9630604578476603]",1525,False
episode_013_repeat_00/handoff_020,FULL_LOCAL_SE2,1530,"[19.68074772062035, 8.92089779703185, -1.4475496585960022]",0,"[1, 2, 3, 4, 5]","[0.7999999824495015, -1.4630604522986683]",1531,False
episode_013_repeat_00/handoff_020,FULL_LOCAL_SE2,1536,"[19.685278740658994, 8.841800117848669, -1.5855223777808563]",1,"[2, 3, 4, 5, 6]","[0.8, -1.9630604490980759]",1537,False
episode_013_repeat_00/handoff_020,FULL_LOCAL_SE2,1542,"[19.67688816319967, 8.76236571438889, -1.7734950992142149]",1,"[2, 3, 4, 5, 6]","[0.6900734473220025, -1.6009240402558982]",1543,False
episode_013_repeat_00/handoff_020,FULL_LOCAL_SE2,1548,"[19.656892773925918, 8.69449077826617, -1.9396231187180923]",2,"[3, 4, 5, 6, 7]","[0.8, -1.6376010512078438]",1549,False
episode_013_repeat_00/handoff_020,FULL_LOCAL_SE2,1554,"[19.62280696736783, 8.624240183126537, -2.1027719488318857]",3,"[4, 5, 6, 7, 8]","[0.8, -1.5640999499481092]",1555,False
episode_013_repeat_00/handoff_020,FULL_LOCAL_SE2,1560,"[19.576939236491775, 8.558795367297853, -2.2604069704023324]",3,"[4, 5, 6, 7, 8]","[0.8, -1.0641036105731323]",1561,False
episode_013_repeat_00/handoff_020,FULL_LOCAL_SE2,1566,"[19.52240911365279, 8.500314703475953, -2.375150609766909]",4,"[5, 6, 7, 8, 9]","[0.8, -1.019263619844986]",1567,False
episode_013_repeat_00/handoff_020,FULL_LOCAL_SE2,1572,"[19.462017157018686, 8.447900610801954, -2.4778243102850617]",5,"[6, 7, 8, 9, 9]","[0.8, -0.9062162147089137]",1573,False
episode_013_repeat_00/handoff_020,FULL_LOCAL_SE2,1578,"[19.396777989492207, 8.401647059513156, -2.5703300599994376]",5,"[6, 7, 8, 9, 9]","[0.8, -0.5931218025229975]",1579,False
episode_013_repeat_00/handoff_020,FULL_LOCAL_SE2,1584,"[19.328041875494698, 8.360740872546975, -2.634860483820359]",6,"[7, 8, 9, 9, 9]","[0.8, -0.5274945056751481]",1585,False
episode_013_repeat_00/handoff_020,FULL_LOCAL_SE2,1590,"[19.257066840226624, 8.323848685672912, -2.6887037254768145]",6,"[7, 8, 9, 9, 9]","[0.7999999860672365, -0.29435472434597343]",1591,False
episode_013_repeat_00/handoff_020,FULL_LOCAL_SE2,1596,"[19.18450702209821, 8.290165570209659, -2.7220248626713963]",7,"[8, 9, 9, 9, 9]","[0.7999999873276347, -0.16660202471378505]",1597,False
episode_013_repeat_00/handoff_020,FULL_LOCAL_SE2,1602,"[19.111115554140156, 8.25832963715254, -2.740814277783255]",8,"[9, 9, 9, 9, 9]","[0.6272519137791516, -0.011103831308667041]",1603,False
episode_013_repeat_00/handoff_020,FULL_LOCAL_SE2,1608,"[19.050636857949844, 8.232908147363114, -2.7445162976639486]",8,"[9, 9, 9, 9, 9]","[0.4272519216061705, 0.12293193440586846]",1609,False
episode_013_repeat_00/handoff_020,FULL_LOCAL_SE2,1614,"[19.00823003564974, 8.214935233201752, -2.734457033127306]",9,"[9, 9, 9, 9, 9]","[0.22725193470815613, 0.18062461431782037]",1615,False
episode_013_repeat_00/handoff_020,FULL_LOCAL_SE2,1620,"[18.984377216657695, 8.204443776498902, -2.7173561154688413]",9,"[9, 9, 9, 9, 9]","[0.02725194789006939, 0.14822501739634045]",1621,False
episode_013_repeat_00/handoff_020,FULL_LOCAL_SE2,1626,"[18.978866796913806, 8.201925773587678, -2.701993619645965]",9,"[9, 9, 9, 9, 9]","[9.176366471012873e-09, 0.10970766705462193]",1627,False
episode_013_repeat_00/handoff_020,FULL_LOCAL_SE2,1632,"[18.978456020424144, 8.201731969207353, -2.6903808964958236]",9,"[9, 9, 9, 9, 9]","[6.3847784165327955e-09, 0.08059186157978296]",1633,False
episode_013_repeat_00/handoff_020,FULL_LOCAL_SE2,1638,"[18.978456019808966, 8.201731968906047, -2.681836446467636]",9,"[9, 9, 9, 9, 9]","[5.1670210172532994e-09, 0.059168930496110966]",1639,False
episode_013_repeat_00/handoff_020,FULL_LOCAL_SE2,1644,"[18.978456019328494, 8.201731968666232, -2.675562504239418]",9,"[9, 9, 9, 9, 9]","[4.391241727946259e-09, 0.04343869242768442]",1645,False
episode_013_repeat_00/handoff_020,FULL_LOCAL_SE2,1650,"[18.97845601892513, 8.201731968462154, -2.670956464121951]",9,"[9, 9, 9, 9, 9]","[3.874303864684835e-09, 0.03189027433052044]",1651,False
episode_013_repeat_00/handoff_020,FULL_LOCAL_SE2,1656,"[18.978456018572455, 8.201731968281951, -2.667574962877588]",9,"[9, 9, 9, 9, 9]","[3.5196364884759838e-09, 0.023412061093276607]",1657,False
episode_013_repeat_00/handoff_020,FULL_LOCAL_SE2,1662,"[18.978456018254246, 8.201731968118185, -2.6650924530848332]",9,"[9, 9, 9, 9, 9]","[3.2714640677468257e-09, 0.017187829335672596]",1663,False
episode_013_repeat_00/handoff_020,FULL_LOCAL_SE2,1668,"[18.978456017960006, 8.201731967965959, -2.6632699328602536]",9,"[9, 9, 9, 9, 9]","[3.0954293072106543e-09, 0.012618345536921758]",1669,False
episode_013_repeat_00/handoff_020,FULL_LOCAL_SE2,1674,"[18.9784560176827, 8.201731967821935, -2.661931940173467]",9,"[9, 9, 9, 9, 9]","[2.9693614560788993e-09, 0.009263685418857552]",1675,False
episode_013_repeat_00/handoff_020,FULL_LOCAL_SE2,1680,"[18.978456017417482, 8.2017319676838, -2.6609496605783836]",9,"[9, 9, 9, 9, 9]","[2.8784593301187084e-09, 0.006800881087035516]",1681,False
episode_013_repeat_00/handoff_020,FULL_LOCAL_SE2,1686,"[18.97845601716096, 8.201731967549916, -2.6602285256932054]",9,"[9, 9, 9, 9, 9]","[2.812591600301394e-09, 0.004992827525789007]",1687,False
episode_013_repeat_00/handoff_020,FULL_LOCAL_SE2,1692,"[18.978456016910723, 8.201731967419123, -2.6596991086869934]",9,"[9, 9, 9, 9, 9]","[2.7646944257867737e-09, 0.0036654554577834355]",1693,False
episode_013_repeat_00/handoff_020,FULL_LOCAL_SE2,1698,"[18.978456016665056, 8.201731967290572, -2.6593104402531442]",9,"[9, 9, 9, 9, 9]","[2.729775264901193e-09, 0.0026909729290708543]",1699,False
