source_id,method,initial_position_error_m,initial_yaw_error_rad,max_position_error_05_m,initial_separation_growth_m,position_auc_03_m_s,position_auc_09_m_s,yaw_auc_03_rad_s,yaw_auc_09_rad_s,sustained_attachment_s,attachment_fractional_row,attachment_fractional_arc,remaining_arc_at_attachment_m,execution_clearance_lower_bound_m,endpoint_error_m,linear_command_TV,angular_command_TV,max_abs_omega_radps,termination_reason,original_FRESH_endpoint_dwell_s,endpoint_dwell_index,endpoint_observation_status,first_endpoint_tube_entry_s,T_post_attach_s,executed_path_length_to_endpoint_dwell_m,mean_abs_commanded_v_before_endpoint_dwell_mps,execution_observation_horizon_s,name,sampled_only,navigation_task_completion_claim,attachment_original_arc_m,endpoint_error_at_3s_cap_m,projected_original_row_at_3s_cap,projected_original_arc_at_3s_cap_m,projected_original_arc_fraction_at_3s_cap,remaining_original_arc_at_3s_cap_m,nominal_cap_s,actual_fixed_cap_s,fixed_cap_observed,endpoint_dwell_projected_original_row,endpoint_dwell_projected_original_arc_m,max_abs_v_mps,safety_abort_tick
OSA03_R00,M0_NATIVE,0.10664856928856484,0.5236084875992257,0.2152623766763289,0.10861380738776405,0.04792036229183012,0.16906563251616213,0.12276362452727693,0.1933680494136356,1.4666667431592941,8.71784637002957,0.9686051616830201,0.04248492430721584,0.1335610944454762,0.09643902136976042,0.7999999997658901,3.629555770574674,1.5483336579992208,OBSERVATION_CAP,1.5166667457669973,91,OBSERVED_ORIGINAL_FRESH_ENDPOINT_DWELL,1.5166667457669973,0.05000000260770321,1.180000062952091,0.778021978951843,3.0000001564621925,original-FRESH endpoint dwell time,True,False,1.3107605958086794,0.09643902136976042,9.0,1.3532455201158953,1.0,0.0,3.0,3.0000001564621925,True,8.871637710542263,1.3339175314875569,0.8,
OSA03_R00,C3_ENTRY_SUFFIX,0.10664856928856484,0.5236084875992257,0.2152623764864852,0.10861380719792035,0.047920362258848145,0.16906563238151354,0.12276362454336584,0.19336804936932495,1.4666667431592941,8.71784636691623,0.9686051613366033,0.04248492477600285,0.13356109465860008,0.09643902120903965,0.8000000158016153,3.6295557699405965,1.5483336579895224,OBSERVATION_CAP,1.5166667457669973,91,OBSERVED_ORIGINAL_FRESH_ENDPOINT_DWELL,1.5166667457669973,0.05000000260770321,1.1800000624175682,0.7780219785994104,3.0000001564621925,original-FRESH endpoint dwell time,True,False,1.3107605953398924,0.09643902120903965,9.0,1.3532455201158953,1.0,0.0,3.0,3.0000001564621925,True,8.871637707431509,1.3339175310191589,0.8,
OSA03_R00,HERMITE_BRIDGE,0.10664856928856484,0.5236084875992257,0.1922503916486996,0.08560182236013475,0.04619781052833998,0.15750397458408216,0.12498347582569014,0.19638078463535935,1.4666667431592941,7.714134143411832,0.8570967526547235,0.19338317928000914,0.15279068650318456,0.07738006685102067,2.000000060582689,3.803257745640961,1.2426492020733986,OBSERVATION_CAP,1.666666753590107,100,OBSERVED_ORIGINAL_FRESH_ENDPOINT_DWELL,1.666666753590107,0.20000001043081284,1.1435514988959203,0.6861308635530391,3.0000001564621925,original-FRESH endpoint dwell time,True,False,1.1598623408358861,0.07738006685102067,9.0,1.3532455201158953,1.0,0.0,3.0,3.0000001564621925,True,8.6621394731645,1.3023726005985863,0.8,
OSA03_R00,V2_GRAPH_BRIDGE,0.10664856928856484,0.5236084875992257,0.1922521200366747,0.08560355074810985,0.046197821500455906,0.1575056733868451,0.12498423238662629,0.1963842085140177,1.4666667431592941,7.714131619100954,0.8570964733079873,0.19338355730472845,0.1527881035724341,0.07738268177027466,2.000000060507388,3.803041013547748,1.24256462101667,OBSERVATION_CAP,1.666666753590107,100,OBSERVED_ORIGINAL_FRESH_ENDPOINT_DWELL,1.666666753590107,0.20000001043081284,1.143551728640797,0.686131001399958,3.0000001564621925,original-FRESH endpoint dwell time,True,False,1.1598619628111668,0.07738268177027466,9.0,1.3532455201158953,1.0,0.0,3.0,3.0000001564621925,True,8.662138026973786,1.3023723828402571,0.8,
OSA03_R00,B_ENTRY_STAGE,0.10664856928856484,0.5236084875992257,0.18646251911892478,0.07981394983035994,0.04616663195476125,0.1525501312408651,0.12279788301855551,0.1858397597001301,1.3666667379438877,7.190836423218148,0.7991872806185076,0.271748912885295,0.15918701209977898,0.07066250921247758,2.000000026284558,3.4132839718339394,1.4999984292818358,OBSERVATION_CAP,1.650000086054206,99,OBSERVED_ORIGINAL_FRESH_ENDPOINT_DWELL,1.650000086054206,0.2833333481103182,1.1333333893514577,0.6868686849960718,3.0000001564621925,original-FRESH endpoint dwell time,True,False,1.0814966072306003,0.07066250921247758,9.0,1.3532455201158953,1.0,0.0,3.0,3.0000001564621925,True,8.60215070011119,1.2933398673223222,0.8,
episode_001_repeat_01/handoff_013,M0_NATIVE,0.12764430850410247,0.2617935311426791,0.16389494909820979,0.03625064059410732,0.04530249118981344,0.13183311076013646,0.045624119688067115,0.10710397794104336,1.0500000547617674,7.69045316001446,0.8544978777378022,0.1971214721883361,0.7572240410718714,0.07938236707141694,0.8060410689204651,2.5466262439950316,1.0528452887489315,OBSERVATION_CAP,1.2500000651925802,75,OBSERVED_ORIGINAL_FRESH_ENDPOINT_DWELL,1.2500000651925802,0.20000001043081284,0.9844865522919273,0.7875892007575641,3.0000001564621925,original-FRESH endpoint dwell time,True,False,1.157645517623119,0.07938236707141694,9.0,1.3547669898114552,1.0,0.0,3.0,3.0000001564621925,True,8.64731474025702,1.301683193674144,0.8,
episode_001_repeat_01/handoff_013,C3_ENTRY_SUFFIX,0.12764430850410247,0.2617935311426791,0.16389494909820979,0.03625064059410732,0.04530249118981344,0.13183311076013646,0.045624119688067115,0.10710397794104336,1.0500000547617674,7.69045316001446,0.8544978777378022,0.1971214721883361,0.7572240410718714,0.07938236707141694,0.8060410689204651,2.5466262439950316,1.0528452887489315,OBSERVATION_CAP,1.2500000651925802,75,OBSERVED_ORIGINAL_FRESH_ENDPOINT_DWELL,1.2500000651925802,0.20000001043081284,0.9844865522919273,0.7875892007575641,3.0000001564621925,original-FRESH endpoint dwell time,True,False,1.157645517623119,0.07938236707141694,9.0,1.3547669898114552,1.0,0.0,3.0,3.0000001564621925,True,8.64731474025702,1.301683193674144,0.8,
episode_001_repeat_01/handoff_013,HERMITE_BRIDGE,0.12764430850410247,0.2617935311426791,0.16156839667655004,0.033924088172447575,0.044751346431050484,0.13299159686938003,0.049715664715162006,0.10378943881887834,1.1000000573694706,7.427727331015094,0.8252984356692386,0.23667991242373798,0.7572346053802522,0.07603700525578222,1.6060410988920044,2.8699344747615894,0.8967069813342794,OBSERVATION_CAP,1.3500000704079866,81,OBSERVED_ORIGINAL_FRESH_ENDPOINT_DWELL,1.3500000704079866,0.25000001303851604,0.9841106910190884,0.7289708442175696,3.0000001564621925,original-FRESH endpoint dwell time,True,False,1.1180870773877172,0.07603700525578222,9.0,1.3547669898114552,1.0,0.0,3.0,3.0000001564621925,True,8.645988531855991,1.3014835817696173,0.8,
episode_001_repeat_01/handoff_013,V2_GRAPH_BRIDGE,0.12764430850410247,0.2617935311426791,0.16156949475000726,0.03392518624590479,0.044751390653429125,0.13299262051158073,0.04971695747467681,0.10379051218623463,1.1000000573694706,7.427726863481597,0.8252983837073994,0.23667998281992242,0.7572346068003434,0.07603816219950964,1.606041098860791,2.8700021588405424,0.8966388169504756,OBSERVATION_CAP,1.3500000704079866,81,OBSERVED_ORIGINAL_FRESH_ENDPOINT_DWELL,1.3500000704079866,0.25000001303851604,0.9841108368568946,0.7289709522455685,3.0000001564621925,original-FRESH endpoint dwell time,True,False,1.1180870069915327,0.07603816219950964,9.0,1.3547669898114552,1.0,0.0,3.0,3.0000001564621925,True,8.645988841073956,1.3014836283110107,0.8,
episode_001_repeat_01/handoff_013,B_ENTRY_STAGE,0.12764430850410247,0.2617935311426791,0.15859738148573563,0.030953072981633162,0.04466001517841618,0.12911894991829162,0.04603823423011065,0.1036578055200923,1.0333333872258663,7.076302202237172,0.7862409218790233,0.2895937428108273,0.7572323945088267,0.07132435972196316,1.6060410917735566,2.4067914530419094,1.0028287994077167,OBSERVATION_CAP,1.3333334028720856,80,OBSERVED_ORIGINAL_FRESH_ENDPOINT_DWELL,1.3333334028720856,0.30000001564621925,0.974359720237018,0.7307697520651509,3.0000001564621925,original-FRESH endpoint dwell time,True,False,1.0651732470006279,0.07132435972196316,9.0,1.3547669898114552,1.0,0.0,3.0,3.0000001564621925,True,8.582275994209628,1.291894002204327,0.8,
episode_008_repeat_01/handoff_023,M0_NATIVE,0.1846831899774071,0.3856850314029918,0.23911985817235987,0.05443666819495277,0.06436353657834624,0.18962412194700828,0.07619059023026732,0.17561604313820317,,,,,0.38078884775299965,0.11523801851986509,1.306411556506107,4.0914333000382594,1.9707427078228574,OBSERVATION_CAP,,,NO_ENDPOINT_TUBE_ENTRY_OBSERVED,,,,,3.0000001564621925,original-FRESH endpoint dwell time,True,False,,0.11523801851986509,9.0,1.2613384789876216,1.0,0.0,3.0,3.0000001564621925,True,,,0.8,
episode_008_repeat_01/handoff_023,C3_ENTRY_SUFFIX,0.1846831899774071,0.3856850314029918,0.23502931875401276,0.05034612877660566,0.06369986861996725,0.18655395332828628,0.07497148880826777,0.17320823051065137,,,,,0.3807890594705927,0.11235439505980861,1.306411560904906,4.053281893828386,1.9631208752677916,OBSERVATION_CAP,,,NO_ENDPOINT_TUBE_ENTRY_OBSERVED,,,,,3.0000001564621925,original-FRESH endpoint dwell time,True,False,,0.11235439505980861,9.0,1.2613384789876216,1.0,0.0,3.0,3.0000001564621925,True,,,0.8,
episode_008_repeat_01/handoff_023,HERMITE_BRIDGE,0.1846831899774071,0.3856850314029918,0.2055914082333625,0.020908218255955402,0.06001953532418747,0.18225344050596992,0.07508777064824548,0.12398631203886781,1.4666667431592941,6.094899068650795,0.7679455563114381,0.2926991990444493,0.3808282389522194,0.0604422053494252,2.4356231921147593,4.117208335115368,1.2366414691290075,OBSERVATION_CAP,1.7666667588055134,106,OBSERVED_ORIGINAL_FRESH_ENDPOINT_DWELL,1.7666667588055134,0.30000001564621925,0.8182529282436825,0.4631620106991334,3.0000001564621925,original-FRESH endpoint dwell time,True,False,0.9686392799431723,0.0604422053494252,9.0,1.2613384789876216,1.0,0.0,3.0,3.0000001564621925,True,7.757671493738436,1.1899021138674197,0.8,
episode_008_repeat_01/handoff_023,V2_GRAPH_BRIDGE,0.1846831899774071,0.3856850314029918,0.2060701813642366,0.021386991386829507,0.06001960747878361,0.18190299536729632,0.07509343363625887,0.1305656585860875,1.4833334106951952,6.2043302178728785,0.7820157152470761,0.2749519661734575,0.38082989603483114,0.061520244210175545,2.5263248241083094,4.18440652525895,1.2364511817103945,OBSERVATION_CAP,1.7666667588055134,106,OBSERVED_ORIGINAL_FRESH_ENDPOINT_DWELL,1.7666667588055134,0.2833333481103182,0.822209652302792,0.4654016657101241,3.0000001564621925,original-FRESH endpoint dwell time,True,False,0.9863865128141641,0.061520244210175545,9.0,1.2613384789876216,1.0,0.0,3.0,3.0000001564621925,True,7.78888103435826,1.1929698893129073,0.8,
episode_008_repeat_01/handoff_023,B_ENTRY_STAGE,0.1846831899774071,0.3856850314029918,0.20945548383919135,0.024772293861784256,0.06030358221165628,0.17774746247128803,0.06759515854271285,0.1545844224196153,1.2333333976566792,6.353428899950828,0.8011861449541925,0.25077156552514435,0.38082715529425604,0.06521469445869597,1.9192612714175912,4.257962271297162,1.6676480467839594,OBSERVATION_CAP,1.4833334106951952,89,OBSERVED_ORIGINAL_FRESH_ENDPOINT_DWELL,1.4833334106951952,0.25000001303851604,0.8238677748368418,0.5554164484508705,3.0000001564621925,original-FRESH endpoint dwell time,True,False,1.0105669134624773,0.06521469445869597,9.0,1.2613384789876216,1.0,0.0,3.0,3.0000001564621925,True,7.779642650969976,1.1920617924568908,0.8,
episode_013_repeat_00/handoff_020,M0_NATIVE,0.16088422588979834,0.5056748229736168,0.2527915142182419,0.09190728832844358,0.06119861699822398,0.19818921582078186,0.1206607843845138,0.23059946787853455,1.2833334002643824,7.788272228681691,0.9127535301115488,0.11196220914994415,0.870803817622617,0.08453931374996303,1.4535296655334558,4.825967444408142,2.2713469944920015,OBSERVATION_CAP,1.4000000730156898,84,OBSERVED_ORIGINAL_FRESH_ENDPOINT_DWELL,1.4000000730156898,0.11666667275130749,1.0674848102239443,0.7624891103930542,3.0000001564621925,original-FRESH endpoint dwell time,True,False,1.1713242010978657,0.08453931374996303,9.0,1.2832864102478099,1.0,0.0,3.0,3.0000001564621925,True,8.48210143372689,1.2377560794849964,0.8,
episode_013_repeat_00/handoff_020,C3_ENTRY_SUFFIX,0.16088422588979834,0.5056748229736168,0.2527915142182419,0.09190728832844358,0.06119861699822398,0.19818921582078186,0.1206607843845138,0.23059946787853455,1.2833334002643824,7.788272228681691,0.9127535301115488,0.11196220914994415,0.870803817622617,0.08453931374996303,1.4535296655334558,4.825967444408142,2.2713469944920015,OBSERVATION_CAP,1.4000000730156898,84,OBSERVED_ORIGINAL_FRESH_ENDPOINT_DWELL,1.4000000730156898,0.11666667275130749,1.0674848102239443,0.7624891103930542,3.0000001564621925,original-FRESH endpoint dwell time,True,False,1.1713242010978657,0.08453931374996303,9.0,1.2832864102478099,1.0,0.0,3.0,3.0000001564621925,True,8.48210143372689,1.2377560794849964,0.8,
episode_013_repeat_00/handoff_020,HERMITE_BRIDGE,0.16088422588979834,0.5056748229736168,0.19142091878099018,0.030536692891191847,0.05438606448423744,0.1589733569363467,0.11238948760558878,0.20545714490493913,1.0500000547617674,5.2885398518983395,0.6373064861628691,0.46543965739221604,0.8729614222317119,0.03044875388692323,2.2221899329432206,4.116810389798104,1.62454283013749,OBSERVATION_CAP,1.5500000808387995,93,OBSERVED_ORIGINAL_FRESH_ENDPOINT_DWELL,1.5500000808387995,0.5000000260770321,0.9485750759353352,0.6119838880408338,3.0000001564621925,original-FRESH endpoint dwell time,True,False,0.8178467528555938,0.03044875388692323,9.0,1.2832864102478099,1.0,0.0,3.0,3.0000001564621925,True,7.969210775131091,1.191875681805047,0.8,
episode_013_repeat_00/handoff_020,V2_GRAPH_BRIDGE,0.16088422588979834,0.5056748229736168,0.1914699875662341,0.030585761676435758,0.05438773548457672,0.15900812387868654,0.11238724279897333,0.20535581192495814,1.0500000547617674,5.293086084431285,0.6378631918492661,0.46472524455035513,0.8729613334953351,0.030634981893754982,2.218303198633103,4.113035157719384,1.6261501784179961,OBSERVATION_CAP,1.5500000808387995,93,OBSERVED_ORIGINAL_FRESH_ENDPOINT_DWELL,1.5500000808387995,0.5000000260770321,0.9492929256974799,0.6124470168954828,3.0000001564621925,original-FRESH endpoint dwell time,True,False,0.8185611656974547,0.030634981893754982,9.0,1.2832864102478099,1.0,0.0,3.0,3.0000001564621925,True,7.974451673142585,1.1924709569218483,0.8,
episode_013_repeat_00/handoff_020,B_ENTRY_STAGE,0.16088422588979834,0.5056748229736168,0.20789690025398988,0.04701267436419154,0.05586283554108215,0.1666557171269603,0.11352541703926605,0.21459052578756702,1.0833333898335695,5.979903569580089,0.7219669407728879,0.35679604650577734,0.8728188751790363,0.04392891667908568,1.6180163927375737,4.317634753022049,1.9630604392300761,OBSERVATION_CAP,1.4666667431592941,88,OBSERVED_ORIGINAL_FRESH_ENDPOINT_DWELL,1.4666667431592941,0.3833333533257246,0.9758365787321956,0.6653430871625146,3.0000001564621925,original-FRESH endpoint dwell time,True,False,0.9264903637420325,0.04392891667908568,9.0,1.2832864102478099,1.0,0.0,3.0,3.0000001564621925,True,8.02510349373877,1.197579742417072,0.8,
