source_id,method,row_count,labels,nodes,total_XY_arc_m,min_segment_m,max_segment_m,reference_clearance_m,self_intersection,complete_reference_includes_B_to_entry
OSA03_R00,M0_NATIVE,10,"[""F_0"", ""F_1"", ""F_2"", ""F_3"", ""F_4"", ""F_5"", ""F_6"", ""F_7"", ""F_8"", ""F_9""]","[[19.203247924329446, 24.356659023345408, -1.2548024780981726], [19.278846499646342, 24.226227627630404, -1.0453647799723331], [19.354336910512455, 24.096035365800496, -1.045376998924512], [19.42987255365256, 23.965736881281778, -1.0454787440531437], [19.50546426473847, 23.835285791513932, -1.0458070464365665], [19.580832098216636, 23.705155027173276, -1.0458022780649845], [19.65600938471402, 23.575444606112452, -1.0456598229639713], [19.73120008209838, 23.44566882307013, -1.0459893770449344], [19.806251829041486, 23.316079528650203, -1.0462817974322025], [19.88161991957295, 23.185725783431817, -1.0473832912676517]]",1.3532455201158953,0.14975363083233198,0.15077000234301943,0.22948689016047874,False,False
OSA03_R00,C3_ENTRY_SUFFIX,9,"[""E*"", ""F_2"", ""F_3"", ""F_4"", ""F_5"", ""F_6"", ""F_7"", ""F_8"", ""F_9""]","[[19.29589449218289, 24.196826321126334, -1.0453675393771789], [19.354336910512455, 24.096035365800496, -1.045376998924512], [19.42987255365256, 23.965736881281778, -1.0454787440531437], [19.50546426473847, 23.835285791513932, -1.0458070464365665], [19.580832098216636, 23.705155027173276, -1.0458022780649845], [19.65600938471402, 23.575444606112452, -1.0456598229639713], [19.73120008209838, 23.44566882307013, -1.0459893770449344], [19.806251829041486, 23.316079528650203, -1.0462817974322025], [19.88161991957295, 23.185725783431817, -1.0473832912676517]]",1.1685027817185136,0.11650893929524483,0.15077000234301943,0.22948689016047874,False,False
OSA03_R00,HERMITE_BRIDGE,11,"[""B"", ""bridge_1"", ""E*"", ""F_2"", ""F_3"", ""F_4"", ""F_5"", ""F_6"", ""F_7"", ""F_8"", ""F_9""]","[[19.203630553052257, 24.14333536015282, -1.5689760264727979], [19.246646553238477, 24.171950649998397, -1.3071717829249883], [19.29589449218289, 24.196826321126334, -1.0453675393771789], [19.354336910512455, 24.096035365800496, -1.0453769989245123], [19.42987255365256, 23.965736881281778, -1.045478744053144], [19.50546426473847, 23.835285791513932, -1.0458070464365667], [19.580832098216636, 23.705155027173276, -1.0458022780649847], [19.65600938471402, 23.575444606112452, -1.0456598229639715], [19.73120008209838, 23.44566882307013, -1.0459893770449347], [19.806251829041486, 23.316079528650203, -1.0462817974322027], [19.88161991957295, 23.185725783431817, -1.047383291267652]]",1.2753410833405785,0.05166440829979008,0.15077000234301943,0.22948689016047874,False,True
OSA03_R00,V2_GRAPH_BRIDGE,11,"[""B"", ""bridge_1"", ""E*"", ""F_2"", ""F_3"", ""F_4"", ""F_5"", ""F_6"", ""F_7"", ""F_8"", ""F_9""]","[[19.203630553052257, 24.14333536015282, -1.5689760264727979], [19.24896253270143, 24.166268365412353, -1.3073180431113882], [19.29589449218289, 24.196826321126334, -1.0453675393771789], [19.354336910512455, 24.096035365800496, -1.0453769989245123], [19.42987255365256, 23.965736881281778, -1.045478744053144], [19.50546426473847, 23.835285791513932, -1.0458070464365667], [19.580832098216636, 23.705155027173276, -1.0458022780649847], [19.65600938471402, 23.575444606112452, -1.0456598229639715], [19.73120008209838, 23.44566882307013, -1.0459893770449347], [19.806251829041486, 23.316079528650203, -1.0462817974322027], [19.88161991957295, 23.185725783431817, -1.047383291267652]]",1.2753089988454873,0.05080266832703703,0.15077000234301943,0.22948689016047874,False,True
OSA03_R00,B_ENTRY_STAGE,10,"[""B"", ""E*"", ""F_2"", ""F_3"", ""F_4"", ""F_5"", ""F_6"", ""F_7"", ""F_8"", ""F_9""]","[[19.203630553052257, 24.14333536015282, -1.5689760264727979], [19.29589449218289, 24.196826321126334, -1.0453675393771789], [19.354336910512455, 24.096035365800496, -1.0453769989245123], [19.42987255365256, 23.965736881281778, -1.045478744053144], [19.50546426473847, 23.835285791513932, -1.0458070464365667], [19.580832098216636, 23.705155027173276, -1.0458022780649847], [19.65600938471402, 23.575444606112452, -1.0456598229639715], [19.73120008209838, 23.44566882307013, -1.0459893770449347], [19.806251829041486, 23.316079528650203, -1.0462817974322027], [19.88161991957295, 23.185725783431817, -1.047383291267652]]",1.2751513511874528,0.1066485694689392,0.15077000234301943,0.22948689016047874,False,True
episode_001_repeat_01/handoff_013,M0_NATIVE,10,"[""F_0"", ""F_1"", ""F_2"", ""F_3"", ""F_4"", ""F_5"", ""F_6"", ""F_7"", ""F_8"", ""F_9""]","[[18.792272327481577, 10.213078390995763, -1.7088611259609978], [18.771529204750887, 10.063743180419213, -1.7088156476170342], [18.75078243600864, 9.91438805569139, -1.708682729259185], [18.730123830346784, 9.765362925136044, -1.7085025146157067], [18.70951613903068, 9.616615885818659, -1.7084365322739403], [18.68889853997111, 9.467604414407955, -1.7082101836354058], [18.66824645369464, 9.318511531775568, -1.7082082464844506], [18.647749994388054, 9.169352353599015, -1.705777181640319], [18.627737511960234, 9.020118945321352, -1.702091766849212], [18.608737031748472, 8.870809826733302, -1.6920830592066567]]",1.3547669898114552,0.15016776833617648,0.15078919621679693,0.5805522856545122,False,False
episode_001_repeat_01/handoff_013,C3_ENTRY_SUFFIX,8,"[""E*"", ""F_3"", ""F_4"", ""F_5"", ""F_6"", ""F_7"", ""F_8"", ""F_9""]","[[18.747621139721804, 9.891583390188735, -1.708655151798606], [18.730123830346784, 9.765362925136044, -1.7085025146157067], [18.70951613903068, 9.616615885818659, -1.7084365322739403], [18.68889853997111, 9.467604414407955, -1.7082101836354058], [18.66824645369464, 9.318511531775568, -1.7082082464844506], [18.647749994388054, 9.169352353599015, -1.705777181640319], [18.627737511960234, 9.020118945321352, -1.702091766849212], [18.608737031748472, 8.870809826733302, -1.6920830592066567]]",1.030186083655538,0.12742747597548532,0.1505692850454283,0.8245290941513459,False,False
episode_001_repeat_01/handoff_013,HERMITE_BRIDGE,10,"[""B"", ""bridge_1"", ""E*"", ""F_3"", ""F_4"", ""F_5"", ""F_6"", ""F_7"", ""F_8"", ""F_9""]","[[18.87406266585573, 9.874101626669443, -1.44686167546041], [18.812198060022766, 9.88413939468367, -1.577758413629508], [18.747621139721804, 9.891583390188735, -1.708655151798606], [18.730123830346784, 9.765362925136044, -1.7085025146157067], [18.70951613903068, 9.616615885818659, -1.7084365322739403], [18.68889853997111, 9.467604414407955, -1.7082101836354058], [18.66824645369464, 9.318511531775568, -1.7082082464844506], [18.647749994388054, 9.169352353599015, -1.705777181640319], [18.627737511960234, 9.020118945321352, -1.702091766849212], [18.608737031748472, 8.870809826733302, -1.6920830592066567]]",1.1578642837719428,0.06267364870162931,0.1505692850454283,0.7572532867773871,False,True
episode_001_repeat_01/handoff_013,V2_GRAPH_BRIDGE,10,"[""B"", ""bridge_1"", ""E*"", ""F_3"", ""F_4"", ""F_5"", ""F_6"", ""F_7"", ""F_8"", ""F_9""]","[[18.87406266585573, 9.874101626669443, -1.44686167546041], [18.81217257028359, 9.880600815932327, -1.5776668299536423], [18.747621139721804, 9.891583390188735, -1.708655151798606], [18.730123830346784, 9.765362925136044, -1.7085025146157067], [18.70951613903068, 9.616615885818659, -1.7084365322739403], [18.68889853997111, 9.467604414407955, -1.7082101836354058], [18.66824645369464, 9.318511531775568, -1.7082082464844506], [18.647749994388054, 9.169352353599015, -1.705777181640319], [18.627737511960234, 9.020118945321352, -1.702091766849212], [18.608737031748472, 8.870809826733302, -1.6920830592066567]]",1.157895525100976,0.0622304056792437,0.1505692850454283,0.7572532867773871,False,True
episode_001_repeat_01/handoff_013,B_ENTRY_STAGE,9,"[""B"", ""E*"", ""F_3"", ""F_4"", ""F_5"", ""F_6"", ""F_7"", ""F_8"", ""F_9""]","[[18.87406266585573, 9.874101626669443, -1.44686167546041], [18.747621139721804, 9.891583390188735, -1.708655151798606], [18.730123830346784, 9.765362925136044, -1.7085025146157067], [18.70951613903068, 9.616615885818659, -1.7084365322739403], [18.68889853997111, 9.467604414407955, -1.7082101836354058], [18.66824645369464, 9.318511531775568, -1.7082082464844506], [18.647749994388054, 9.169352353599015, -1.705777181640319], [18.627737511960234, 9.020118945321352, -1.702091766849212], [18.608737031748472, 8.870809826733302, -1.6920830592066567]]",1.1578304003594955,0.12742747597548532,0.1505692850454283,0.7572532867773871,False,True
episode_008_repeat_01/handoff_023,M0_NATIVE,10,"[""F_0"", ""F_1"", ""F_2"", ""F_3"", ""F_4"", ""F_5"", ""F_6"", ""F_7"", ""F_8"", ""F_9""]","[[17.491339630068165, 32.209390561490075, -0.6507992021471369], [17.630758943839876, 32.118475227690524, -0.5285231642156947], [17.76207533399305, 32.046344954661286, -0.4590351156622279], [17.901087944699288, 31.990603828976287, -0.3204974107176173], [18.052570171332658, 31.951363573399217, -0.1958485416799891], [18.21014763932208, 31.92769816257525, -0.08916713518203379], [18.38134774036268, 31.91974766649089, 0.00676183181702017], [18.54343279144578, 31.925212743747625, 0.09483049589096426], [18.64116527631135, 31.935723709086425, 0.14986942487655996], [18.688197815447285, 31.943157687293645, 0.17378161626755118]]",1.2613384789876216,0.04761642331757588,0.1713846112820498,0.1313492849344136,False,False
episode_008_repeat_01/handoff_023,C3_ENTRY_SUFFIX,8,"[""E*"", ""F_3"", ""F_4"", ""F_5"", ""F_6"", ""F_7"", ""F_8"", ""F_9""]","[[17.89727685765006, 31.99213199452277, -0.3242954780329643], [17.901087944699288, 31.990603828976287, -0.3204974107176173], [18.052570171332658, 31.951363573399217, -0.1958485416799891], [18.21014763932208, 31.92769816257525, -0.08916713518203379], [18.38134774036268, 31.91974766649089, 0.00676183181702017], [18.54343279144578, 31.925212743747625, 0.09483049589096426], [18.64116527631135, 31.935723709086425, 0.14986942487655996], [18.688197815447285, 31.943157687293645, 0.17378161626755118]]",0.7994070998418922,0.004106053389114016,0.1713846112820498,0.21148985508009666,False,False
episode_008_repeat_01/handoff_023,HERMITE_BRIDGE,10,"[""B"", ""bridge_1"", ""E*"", ""F_3"", ""F_4"", ""F_5"", ""F_6"", ""F_7"", ""F_8"", ""F_9""]","[[17.828542610626915, 31.820715881084176, -0.7099805094359564], [17.859429918969216, 31.905573691760832, -0.5171379937344605], [17.89727685765006, 31.99213199452277, -0.3242954780329643], [17.901087944699288, 31.990603828976287, -0.3204974107176173], [18.052570171332658, 31.951363573399217, -0.1958485416799891], [18.21014763932208, 31.92769816257525, -0.08916713518203379], [18.38134774036268, 31.91974766649089, 0.0067618318170201705], [18.54343279144578, 31.925212743747625, 0.09483049589096426], [18.64116527631135, 31.935723709086425, 0.14986942487655996], [18.688197815447285, 31.943157687293645, 0.1737816162675512]]",0.9841822320075096,0.004106053389114016,0.1713846112820498,0.21148985508009666,False,True
episode_008_repeat_01/handoff_023,V2_GRAPH_BRIDGE,10,"[""B"", ""bridge_1"", ""E*"", ""F_3"", ""F_4"", ""F_5"", ""F_6"", ""F_7"", ""F_8"", ""F_9""]","[[17.828542610626915, 31.820715881084176, -0.7099805094359564], [17.865905785769044, 31.902046124197337, -0.5173952620484354], [17.89727685765006, 31.99213199452277, -0.3242954780329643], [17.901087944699288, 31.990603828976287, -0.3204974107176173], [18.052570171332658, 31.951363573399217, -0.1958485416799891], [18.21014763932208, 31.92769816257525, -0.08916713518203379], [18.38134774036268, 31.91974766649089, 0.0067618318170201705], [18.54343279144578, 31.925212743747625, 0.09483049589096426], [18.64116527631135, 31.935723709086425, 0.14986942487655996], [18.688197815447285, 31.943157687293645, 0.1737816162675512]]",0.9843010070512138,0.004106053389114016,0.1713846112820498,0.21148985508009666,False,True
episode_008_repeat_01/handoff_023,B_ENTRY_STAGE,9,"[""B"", ""E*"", ""F_3"", ""F_4"", ""F_5"", ""F_6"", ""F_7"", ""F_8"", ""F_9""]","[[17.828542610626915, 31.820715881084176, -0.7099805094359564], [17.89727685765006, 31.99213199452277, -0.3242954780329643], [17.901087944699288, 31.990603828976287, -0.3204974107176173], [18.052570171332658, 31.951363573399217, -0.1958485416799891], [18.21014763932208, 31.92769816257525, -0.08916713518203379], [18.38134774036268, 31.91974766649089, 0.0067618318170201705], [18.54343279144578, 31.925212743747625, 0.09483049589096426], [18.64116527631135, 31.935723709086425, 0.14986942487655996], [18.688197815447285, 31.943157687293645, 0.1737816162675512]]",0.9840902898192992,0.004106053389114016,0.1846831899774071,0.21148985508009666,False,True
episode_013_repeat_00/handoff_020,M0_NATIVE,10,"[""F_0"", ""F_1"", ""F_2"", ""F_3"", ""F_4"", ""F_5"", ""F_6"", ""F_7"", ""F_8"", ""F_9""]","[[19.58011869493645, 9.376912477706295, -1.6882168896564147], [19.560294721628573, 9.227292099989302, -1.7314926333793303], [19.52727520683788, 9.076320463744977, -1.838077897585263], [19.477663716327225, 8.93119956979153, -1.9612921722301146], [19.409100015727887, 8.79222697663467, -2.0945940859683656], [19.323270879196297, 8.658734596986658, -2.2310262568362855], [19.21994416970937, 8.540337783293683, -2.3562155015834474], [19.108076724956195, 8.437222374894915, -2.4870991952785158], [19.01504735085889, 8.372056775572236, -2.6028548725017213], [18.938960248875233, 8.328016395013512, -2.6577127225764894]]",1.28328641024781,0.08791360650109084,0.15870367387633805,0.918436077894875,False,False
episode_013_repeat_00/handoff_020,C3_ENTRY_SUFFIX,8,"[""E*"", ""F_3"", ""F_4"", ""F_5"", ""F_6"", ""F_7"", ""F_8"", ""F_9""]","[[19.516333811852085, 9.044315276940615, -1.8652517646249573], [19.477663716327225, 8.93119956979153, -1.9612921722301146], [19.409100015727887, 8.79222697663467, -2.0945940859683656], [19.323270879196297, 8.658734596986658, -2.2310262568362855], [19.21994416970937, 8.540337783293683, -2.3562155015834474], [19.108076724956195, 8.437222374894915, -2.4870991952785158], [19.01504735085889, 8.372056775572236, -2.6028548725017213], [18.938960248875233, 8.328016395013512, -2.6577127225764894]]",0.9439943440438671,0.08791360650109084,0.15870367387633805,1.0295768055711656,False,False
episode_013_repeat_00/handoff_020,HERMITE_BRIDGE,10,"[""B"", ""bridge_1"", ""E*"", ""F_3"", ""F_4"", ""F_5"", ""F_6"", ""F_7"", ""F_8"", ""F_9""]","[[19.668567955248744, 8.99227202834442, -1.3595769416513406], [19.596642023704597, 9.022162542651428, -1.612414353138149], [19.516333811852085, 9.044315276940615, -1.8652517646249573], [19.477663716327225, 8.93119956979153, -1.9612921722301146], [19.409100015727887, 8.79222697663467, -2.0945940859683656], [19.323270879196297, 8.658734596986658, -2.2310262568362855], [19.21994416970937, 8.540337783293683, -2.3562155015834474], [19.108076724956195, 8.437222374894915, -2.4870991952785158], [19.01504735085889, 8.372056775572236, -2.6028548725017213], [18.938960248875233, 8.328016395013512, -2.6577127225764894]]",1.1051914749431624,0.07788955304808688,0.15870367387633805,0.8780011873414286,False,True
episode_013_repeat_00/handoff_020,V2_GRAPH_BRIDGE,10,"[""B"", ""bridge_1"", ""E*"", ""F_3"", ""F_4"", ""F_5"", ""F_6"", ""F_7"", ""F_8"", ""F_9""]","[[19.668567955248744, 8.99227202834442, -1.3595769416513406], [19.59497760717445, 9.013207022289528, -1.6120899155208004], [19.516333811852085, 9.044315276940615, -1.8652517646249573], [19.477663716327225, 8.93119956979153, -1.9612921722301146], [19.409100015727887, 8.79222697663467, -2.0945940859683656], [19.323270879196297, 8.658734596986658, -2.2310262568362855], [19.21994416970937, 8.540337783293683, -2.3562155015834474], [19.108076724956195, 8.437222374894915, -2.4870991952785158], [19.01504735085889, 8.372056775572236, -2.6028548725017213], [18.938960248875233, 8.328016395013512, -2.6577127225764894]]",1.105077429302485,0.07651021697248982,0.15870367387633805,0.8780011873414286,False,True
episode_013_repeat_00/handoff_020,B_ENTRY_STAGE,9,"[""B"", ""E*"", ""F_3"", ""F_4"", ""F_5"", ""F_6"", ""F_7"", ""F_8"", ""F_9""]","[[19.668567955248744, 8.99227202834442, -1.3595769416513406], [19.516333811852085, 9.044315276940615, -1.8652517646249573], [19.477663716327225, 8.93119956979153, -1.9612921722301146], [19.409100015727887, 8.79222697663467, -2.0945940859683656], [19.323270879196297, 8.658734596986658, -2.2310262568362855], [19.21994416970937, 8.540337783293683, -2.3562155015834474], [19.108076724956195, 8.437222374894915, -2.4870991952785158], [19.01504735085889, 8.372056775572236, -2.6028548725017213], [18.938960248875233, 8.328016395013512, -2.6577127225764894]]",1.1048785699336654,0.08791360650109084,0.16088422588979834,0.8780011873414286,False,True
