source,variant,historical,converged,stable,termination_reason,iterations,accepted_steps,rejected_steps,final_damping,final_gradient_inf,final_step_norm,unsafe_improving_proposals,wall_s,numerical_collapse,rho_min
S1,A2,True,False,False,maximum_iterations,80,44,36,9847709021.836098,2819.94272327599,5.612034455767e-09,0,0.1947720530006336,True,4.335775364461494e-05
S1,A3,False,False,False,maximum_iterations,80,45,35,295431270.655083,2063.2517637472615,2.477454652188221e-08,0,0.3280364219972398,True,6.784343771623188e-05
S1,V2,False,True,True,cost_tolerance,3,3,0,2.6999999999999996e-05,1.105738208859175e-05,4.764199386539231e-08,0,0.01664193900069222,False,0.9833204327483501
S1,V3,False,True,True,cost_tolerance,6,6,0,7.289999999999998e-07,6.926462484346807e-06,8.247012593073371e-08,0,0.036242753005353734,False,0.9814628198935075
S2,A2,True,False,False,maximum_iterations,80,44,36,9847709021.836102,3687.5641780983337,5.255050686426668e-09,0,0.15604608399735298,True,2.957921784281827e-05
S2,A3,False,False,False,maximum_iterations,80,45,35,295431270.65508294,2312.560625696504,3.8924493481053373e-07,0,0.2846584200015059,True,5.106205442197268e-05
S2,V2,False,True,True,cost_tolerance,3,3,0,2.6999999999999996e-05,1.1269450413131654e-06,5.258119523900264e-09,0,0.012924170994665474,False,0.9929277610037393
S2,V3,False,True,True,cost_tolerance,6,6,0,7.289999999999998e-07,2.1021611349980596e-06,2.36994075417154e-08,0,0.029516291004256345,False,0.9801202999621359
S3,A2,True,False,False,maximum_iterations,80,44,36,9847709021.836102,1180.3144342879023,3.528374950511e-09,0,0.1618540870003926,True,2.5632702807228963e-05
S3,A3,False,False,False,maximum_iterations,80,45,35,295431270.6550829,343.9686861558222,2.6130778605263175e-08,0,0.28985718700278085,True,3.0262230604620922e-05
S3,V2,False,True,True,cost_tolerance,3,3,0,2.6999999999999996e-05,7.096880599938293e-06,3.5477790546570655e-08,0,0.013282904998050071,False,0.9911156055329544
S3,V3,False,True,True,cost_tolerance,6,6,0,7.289999999999998e-07,4.983348677878308e-06,6.294290534029037e-08,0,0.030369207001058385,False,0.9820695016601768
S4,A2,True,False,False,maximum_iterations,80,44,36,9847709021.836102,3647.1923404811264,1.2348653844804095e-07,0,0.15947995099850232,True,3.266431941181349e-05
S4,A3,False,False,False,maximum_iterations,80,45,35,295431270.65508276,4174.452849184047,3.6725750368370057e-08,0,0.27712438700837083,True,4.33980960224076e-05
S4,V2,False,True,True,step_tolerance,4,3,0,2.6999999999999996e-05,9.23949817766001e-08,5.294610473925347e-10,0,0.013842897998983972,False,0.9822911286351136
S4,V3,False,True,True,cost_tolerance,7,7,0,2.1869999999999994e-07,1.0451914523867956e-06,1.4083904838132141e-08,0,0.0330665810033679,False,0.980054164965266
