source,variant,edge,initial_length_m,final_length_m,rho,length_over_fd,below_or_at_numerical_threshold,stable
S1,A2,0,0.05166440829979008,2.2400526872570977e-06,4.335775364461494e-05,2.240052687257098,True,False
S1,A2,1,0.05517389332227469,0.10664968921195844,1.9329737814406158,106649.68921195845,False,False
S1,A3,0,0.03183971105522159,0.060646224122836885,1.904735379591051,60646.22412283689,False,False
S1,A3,1,0.04125674769473997,0.14199385870761486,3.441712365653058,141993.85870761485,False,False
S1,A3,2,0.036041923861897376,2.4452080166978062e-06,6.784343771623188e-05,2.4452080166978063,True,False
S1,V2,0,0.05166440829979008,0.05080266832703703,0.9833204327483501,50802.668327037034,False,True
S1,V2,1,0.05517389332227469,0.05600354879993659,1.0150371022906761,56003.548799936594,False,True
S1,V3,0,0.03183971105522159,0.031249492596852266,0.9814628198935075,31249.492596852266,False,True
S1,V3,1,0.04125674769473997,0.04053171261502459,0.9824262667265986,40531.7126150246,False,True
S1,V3,2,0.036041923861897376,0.03568319965661576,0.9900470294910964,35683.19965661576,False,True
S2,A2,0,0.06267364870162931,1.8538375079497577e-06,2.957921784281827e-05,1.8538375079497578,True,False
S2,A2,1,0.06500455141477521,0.127644795462172,1.963628587292412,127644.79546217201,False,False
S2,A3,0,0.03967144788870333,0.03707102709239155,0.9344510741426136,37071.02709239155,False,False
S2,A3,1,0.049004216469224045,0.1394795211845418,2.8462759173414933,139479.5211845418,False,False
S2,A3,2,0.04229770609672202,2.159807770635425e-06,5.106205442197268e-05,2.159807770635425,True,False
S2,V2,0,0.06267364870162931,0.0622304056792437,0.9929277610037393,62230.405679243704,False,True
S2,V2,1,0.06500455141477521,0.06547903576619378,1.0072992481463494,65479.03576619378,False,True
S2,V3,0,0.03967144788870333,0.03888279140460815,0.9801202999621359,38882.79140460816,False,True
S2,V3,1,0.049004216469224045,0.048091426134390186,0.9813732286606988,48091.42613439019,False,True
S2,V3,2,0.04229770609672202,0.041707262027241204,0.9860407543583889,41707.26202724121,False,True
S3,A2,0,0.09030434014745671,2.3147443132026727e-06,2.5632702807228963e-05,2.314744313202673,True,False
S3,A2,1,0.09447079201816076,0.18468394207866845,1.9549316580638532,184683.94207866845,False,False
S3,A3,0,0.0567577370254314,0.08652997747138061,1.5245494624390887,86529.97747138061,False,False
S3,A3,1,0.07106336154013204,0.20743039647284767,2.9189499620800268,207430.39647284767,False,False
S3,A3,2,0.061533085369001796,1.862128419250558e-06,3.0262230604620922e-05,1.862128419250558,True,False
S3,V2,0,0.09030434014745671,0.08950204076750044,0.9911156055329544,89502.04076750045,False,True
S3,V2,1,0.09447079201816076,0.09539186644182124,1.0097498327682424,95391.86644182124,False,True
S3,V3,0,0.0567577370254314,0.05578297429648438,0.9828259056820701,55782.97429648438,False,True
S3,V3,1,0.07106336154013204,0.06978916005401445,0.9820695016601768,69789.16005401446,False,True
S3,V3,2,0.061533085369001796,0.060663558588280084,0.985868955286293,60663.55858828009,False,True
S4,A2,0,0.07788955304808688,2.544209239606101e-06,3.266431941181349e-05,2.544209239606101,True,False
S4,A2,1,0.08330757785120851,0.1608855331912106,1.9312232733324715,160885.53319121062,False,False
S4,A3,0,0.04792306237454295,0.09038713803920424,1.886088525244549,90387.13803920425,False,False
S4,A3,1,0.062262925258993365,0.20051726281788265,3.2204921626119645,200517.26281788267,False,False
S4,A3,2,0.054433590639548175,2.362314193419539e-06,4.33980960224076e-05,2.362314193419539,True,False
S4,V2,0,0.07788955304808688,0.07651021697248982,0.9822911286351136,76510.21697248983,False,True
S4,V2,1,0.08330757785120851,0.08457286828612817,1.015188179365622,84572.86828612817,False,True
S4,V3,0,0.04792306237454295,0.04696719687806104,0.980054164965266,46967.19687806105,False,True
S4,V3,1,0.062262925258993365,0.06115530615210064,0.9822106156707961,61155.30615210064,False,True
S4,V3,2,0.054433590639548175,0.05394685350988895,0.9910581476632264,53946.853509888955,False,True
