source,variant,factor,initial,final,final_state_label
S1,A2,E_in,67.81909104605714,2.875873681946988e-07,UNCONVERGED DIAGNOSTIC — NOT A RETURNED REFERENCE
S1,A2,E_out,33.40227711281312,35.99816799480677,UNCONVERGED DIAGNOSTIC — NOT A RETURNED REFERENCE
S1,A2,E_smooth,0.01867846241253389,0.5043773891103691,UNCONVERGED DIAGNOSTIC — NOT A RETURNED REFERENCE
S1,A2,E_space,0.0005460688408814568,0.5042681678295504,UNCONVERGED DIAGNOSTIC — NOT A RETURNED REFERENCE
S1,A2,total,101.24059269012368,37.00681383933406,UNCONVERGED DIAGNOSTIC — NOT A RETURNED REFERENCE
S1,A3,E_in,59.233499610420566,0.20134400383833134,UNCONVERGED DIAGNOSTIC — NOT A RETURNED REFERENCE
S1,A3,E_out,26.190901103948466,1.680239284294999e-07,UNCONVERGED DIAGNOSTIC — NOT A RETURNED REFERENCE
S1,A3,E_smooth,0.035285702547916305,2.402329030096121,UNCONVERGED DIAGNOSTIC — NOT A RETURNED REFERENCE
S1,A3,E_space,0.0051374810352699885,1.1872849181614629,UNCONVERGED DIAGNOSTIC — NOT A RETURNED REFERENCE
S1,A3,total,85.46482389795221,3.7909581201198437,UNCONVERGED DIAGNOSTIC — NOT A RETURNED REFERENCE
S1,V2,E_in,0.36742079608933015,0.3374547701921657,STABLE PLANNING REFERENCE
S1,V2,E_out,0.25435830397354553,0.28818119946375015,STABLE PLANNING REFERENCE
S1,V2,E_smooth,0.01867846241253389,0.00414343766076677,STABLE PLANNING REFERENCE
S1,V2,E_space,0.0005460688408814568,0.001199262779996584,STABLE PLANNING REFERENCE
S1,V2,total,0.641003631316291,0.6309786700966792,STABLE PLANNING REFERENCE
S1,V3,E_in,0.12851584385482043,0.12048738435174768,STABLE PLANNING REFERENCE
S1,V3,E_out,0.08881719154697401,0.10981081590598607,STABLE PLANNING REFERENCE
S1,V3,E_smooth,0.035285702547916305,0.013907639925692175,STABLE PLANNING REFERENCE
S1,V3,E_space,0.0051374810352699885,0.004862272456948542,STABLE PLANNING REFERENCE
S1,V3,total,0.25775621898498075,0.24906811264037446,STABLE PLANNING REFERENCE
S2,A2,E_in,50.2382565471807,2.899503662910502e-07,UNCONVERGED DIAGNOSTIC — NOT A RETURNED REFERENCE
S2,A2,E_out,34.9543640368474,35.984215140629935,UNCONVERGED DIAGNOSTIC — NOT A RETURNED REFERENCE
S2,A2,E_smooth,0.005858112709940274,0.7192162451245596,UNCONVERGED DIAGNOSTIC — NOT A RETURNED REFERENCE
S2,A2,E_space,0.00023982749289256654,0.7191910616874685,UNCONVERGED DIAGNOSTIC — NOT A RETURNED REFERENCE
S2,A2,total,85.19871852423093,37.42262273739233,UNCONVERGED DIAGNOSTIC — NOT A RETURNED REFERENCE
S2,A3,E_in,41.47443787952151,0.07433220225447458,UNCONVERGED DIAGNOSTIC — NOT A RETURNED REFERENCE
S2,A3,E_out,27.466022893502327,1.9107301204413247e-06,UNCONVERGED DIAGNOSTIC — NOT A RETURNED REFERENCE
S2,A3,E_smooth,0.046002836061664366,1.9414195426033096,UNCONVERGED DIAGNOSTIC — NOT A RETURNED REFERENCE
S2,A3,E_space,0.005830162583192956,1.3216707206442673,UNCONVERGED DIAGNOSTIC — NOT A RETURNED REFERENCE
S2,A3,total,68.9922937716687,3.337424376232172,UNCONVERGED DIAGNOSTIC — NOT A RETURNED REFERENCE
S2,V2,E_in,0.4442131425842029,0.4223578112262001,STABLE PLANNING REFERENCE
S2,V2,E_out,0.36447890974857855,0.38734692365092976,STABLE PLANNING REFERENCE
S2,V2,E_smooth,0.005858112709940274,0.0012719276603791563,STABLE PLANNING REFERENCE
S2,V2,E_space,0.00023982749289256654,0.0004658554676064972,STABLE PLANNING REFERENCE
S2,V2,total,0.8147899925356143,0.8114425180051155,STABLE PLANNING REFERENCE
S2,V3,E_in,0.15491509843046647,0.15373899200279897,STABLE PLANNING REFERENCE
S2,V3,E_out,0.12676104388755807,0.146134567677322,STABLE PLANNING REFERENCE
S2,V3,E_smooth,0.046002836061664366,0.017410430624037545,STABLE PLANNING REFERENCE
S2,V3,E_space,0.005830162583192956,0.005542298220034905,STABLE PLANNING REFERENCE
S2,V3,total,0.33350914096288187,0.3228262885241934,STABLE PLANNING REFERENCE
S3,A2,E_in,54.57562150903136,6.866574335058164e-08,UNCONVERGED DIAGNOSTIC — NOT A RETURNED REFERENCE
S3,A2,E_out,34.600094962092975,36.00054332772422,UNCONVERGED DIAGNOSTIC — NOT A RETURNED REFERENCE
S3,A2,E_smooth,0.023409068625076572,1.3930152300970409,UNCONVERGED DIAGNOSTIC — NOT A RETURNED REFERENCE
S3,A2,E_space,0.000708929650544302,1.3928931014957917,UNCONVERGED DIAGNOSTIC — NOT A RETURNED REFERENCE
S3,A2,total,89.19983446939996,38.7864517279828,UNCONVERGED DIAGNOSTIC — NOT A RETURNED REFERENCE
S3,A3,E_in,45.71687287026288,1.194897974874024,UNCONVERGED DIAGNOSTIC — NOT A RETURNED REFERENCE
S3,A3,E_out,27.182539458068234,5.323507002121631e-07,UNCONVERGED DIAGNOSTIC — NOT A RETURNED REFERENCE
S3,A3,E_smooth,0.092208579695923,4.31041881183186,UNCONVERGED DIAGNOSTIC — NOT A RETURNED REFERENCE
S3,A3,E_space,0.012066857005168892,2.354077769359665,UNCONVERGED DIAGNOSTIC — NOT A RETURNED REFERENCE
S3,A3,total,73.00368776503221,7.85939508841625,UNCONVERGED DIAGNOSTIC — NOT A RETURNED REFERENCE
S3,V2,E_in,0.9027324326789129,0.8436851830478059,STABLE PLANNING REFERENCE
S3,V2,E_out,0.7064661926380985,0.7701170359657824,STABLE PLANNING REFERENCE
S3,V2,E_smooth,0.023409068625076572,0.004706350520234659,STABLE PLANNING REFERENCE
S3,V2,E_space,0.000708929650544302,0.0014166914854366942,STABLE PLANNING REFERENCE
S3,V2,total,1.6333166235926322,1.6199252610192596,STABLE PLANNING REFERENCE
S3,V3,E_in,0.3152214343868756,0.3050488269886942,STABLE PLANNING REFERENCE
S3,V3,E_out,0.24604225384704248,0.2918750792587585,STABLE PLANNING REFERENCE
S3,V3,E_smooth,0.092208579695923,0.035038991767194355,STABLE PLANNING REFERENCE
S3,V3,E_space,0.012066857005168892,0.011412328648198924,STABLE PLANNING REFERENCE
S3,V3,total,0.66553912493501,0.643375226662846,STABLE PLANNING REFERENCE
S4,A2,E_in,69.05700847085156,6.7063868420568674e-06,UNCONVERGED DIAGNOSTIC — NOT A RETURNED REFERENCE
S4,A2,E_out,33.29109955499714,36.00062184691767,UNCONVERGED DIAGNOSTIC — NOT A RETURNED REFERENCE
S4,A2,E_smooth,0.04075360960699951,1.11825829969553,UNCONVERGED DIAGNOSTIC — NOT A RETURNED REFERENCE
S4,A2,E_space,0.0012681924185379435,1.1182101431356262,UNCONVERGED DIAGNOSTIC — NOT A RETURNED REFERENCE
S4,A2,total,102.39012982787423,38.23709699613566,UNCONVERGED DIAGNOSTIC — NOT A RETURNED REFERENCE
S4,A3,E_in,60.537779250909566,1.561459334350982,UNCONVERGED DIAGNOSTIC — NOT A RETURNED REFERENCE
S4,A3,E_out,26.097581702913253,6.967050034279232e-07,UNCONVERGED DIAGNOSTIC — NOT A RETURNED REFERENCE
S4,A3,E_smooth,0.07739568369728385,4.5717455690770805,UNCONVERGED DIAGNOSTIC — NOT A RETURNED REFERENCE
S4,A3,E_space,0.011531898264100903,2.2609675129143176,UNCONVERGED DIAGNOSTIC — NOT A RETURNED REFERENCE
S4,A3,total,86.7242885357842,8.394173113047383,UNCONVERGED DIAGNOSTIC — NOT A RETURNED REFERENCE
S4,V2,E_in,0.8222360266216552,0.7564456665134632,STABLE PLANNING REFERENCE
S4,V2,E_out,0.5635457673309872,0.637594948303054,STABLE PLANNING REFERENCE
S4,V2,E_smooth,0.04075360960699951,0.009353302461722716,STABLE PLANNING REFERENCE
S4,V2,E_space,0.0012681924185379435,0.002808399786302527,STABLE PLANNING REFERENCE
S4,V2,total,1.4278035959781799,1.4062023170645424,STABLE PLANNING REFERENCE
S4,V3,E_in,0.28762625116747925,0.2699324242888403,STABLE PLANNING REFERENCE
S4,V3,E_out,0.19680954818999657,0.24282192305117217,STABLE PLANNING REFERENCE
S4,V3,E_smooth,0.07739568369728385,0.030880673918823986,STABLE PLANNING REFERENCE
S4,V3,E_space,0.011531898264100903,0.010941504374778132,STABLE PLANNING REFERENCE
S4,V3,total,0.5733633813188606,0.5545765256336146,STABLE PLANNING REFERENCE
