source,variant,historical,M,editable_nodes,converged,stable,stability_gates,termination_reason,iterations,accepted_steps,rejected_steps,unsafe_improving_proposals,final_damping,final_gradient_inf,final_step_norm,gradient_step_semantics,wall_s,initial_costs,final_costs,geometry,initial_edge_lengths_m,final_edge_lengths_m,first_edge_m,outgoing_edge_m,rho,rho_min,min_edge_over_fd,numerical_collapse_threshold_m,numerical_collapse,first_direction_mismatch_rad,outgoing_direction_mismatch_rad,Jacobian_column_norm_min,Jacobian_column_norm_max,normal_condition_number,optional_linearization_diagnostics,final_state_label,B,E,trace_path,trace_sha256,solver_result_sha256
S1,A2,True,2,1,False,False,"{""converged"": false, ""finite"": true, ""B_bit_exact"": true, ""E_bit_exact"": true, ""suffix_bit_exact"": true, ""reference_safe"": true, ""no_bridge_self_intersection"": true, ""numerically_noncollapsed"": false}",maximum_iterations,80,44,36,0,9847709021.836098,2819.94272327599,5.612034455767e-09,last logged linearization; not recomputed at final accepted state,0.1947720530006336,"{""E_in"": 67.81909104605714, ""E_out"": 33.40227711281312, ""E_smooth"": 0.01867846241253389, ""E_space"": 0.0005460688408814568, ""total"": 101.24059269012368}","{""E_in"": 2.875873681946988e-07, ""E_out"": 35.99816799480677, ""E_smooth"": 0.5043773891103691, ""E_space"": 0.5042681678295504, ""total"": 37.00681383933406}","{""M"": 2, ""d_F_m"": 0.1501826264886162, ""bridge_XY_length_m"": 0.1066519292646457, ""B_to_entry_chord_m"": 0.1066485694689392, ""length_chord_ratio"": 1.000031503429659, ""maximum_turning_angle_rad"": 2.09425815643693, ""RMS_turning_angle_rad"": 2.09425815643693, ""segment_length_min_m"": 2.2400526872570977e-06, ""segment_length_max_m"": 0.10664968921195844, ""turning_angles_rad"": [2.09425815643693], ""segment_lengths_m"": [2.2400526872570977e-06, 0.10664968921195844], ""factor_costs"": {""E_in"": 2.875873681946988e-07, ""E_out"": 35.99816799480677, ""E_smooth"": 0.5043773891103691, ""E_space"": 0.5042681678295504, ""total"": 37.00681383933406}, ""reference_clearance_m"": 0.22948689016047874, ""reference_safe"": true, ""bridge_self_intersection"": false, ""full_reference_self_intersection"": false}","[0.05166440829979008, 0.05517389332227469]","[2.2400526872570977e-06, 0.10664968921195844]",2.2400526872570977e-06,0.10664968921195844,"[4.335775364461494e-05, 1.9329737814406158]",4.335775364461494e-05,2.240052687257098,1e-05,True,0.00014039561055856353,1.5707563581332291,,,,N/A: unchanged solver trace does not retain Jacobian or normal matrix,UNCONVERGED DIAGNOSTIC — NOT A RETURNED REFERENCE,"[19.203630553052257, 24.14333536015282, -1.5689760264727979]","[19.29589449218289, 24.196826321126334, -1.0453675393771789]",/home/gpuadmin/Workspace/se-3-reconciliation/data/b_to_entry_bridge_01/primary_20261002T020000Z/sources/OSA03_R00/planning/SE2_GRAPH_BRIDGE/trace.json,e09127d7ee2635d1bb6cebd11f3d07cf7527edd043b1b9c763d311d2483a3f6e,4adc45beae3358f46a58e84c46ec054256d15f04be2762afa6e275dc27ae603f
S1,A3,False,3,2,False,False,"{""converged"": false, ""finite"": true, ""B_bit_exact"": true, ""E_bit_exact"": true, ""suffix_bit_exact"": true, ""reference_safe"": true, ""no_bridge_self_intersection"": true, ""numerically_noncollapsed"": false}",maximum_iterations,80,45,35,0,295431270.655083,2063.2517637472615,2.477454652188221e-08,last logged linearization; not recomputed at final accepted state,0.3280364219972398,"{""E_in"": 59.233499610420566, ""E_out"": 26.190901103948466, ""E_smooth"": 0.035285702547916305, ""E_space"": 0.0051374810352699885, ""total"": 85.46482389795221}","{""E_in"": 0.20134400383833134, ""E_out"": 1.680239284294999e-07, ""E_smooth"": 2.402329030096121, ""E_space"": 1.1872849181614629, ""total"": 3.7909581201198437}","{""M"": 3, ""d_F_m"": 0.1501826264886162, ""bridge_XY_length_m"": 0.20264252803846844, ""B_to_entry_chord_m"": 0.1066485694689392, ""length_chord_ratio"": 1.9000960729950245, ""maximum_turning_angle_rad"": 2.380128132226238, ""RMS_turning_angle_rad"": 2.186543779995512, ""segment_length_min_m"": 2.4452080166978062e-06, ""segment_length_max_m"": 0.14199385870761486, ""turning_angles_rad"": [2.380128132226238, -1.9740662293498072], ""segment_lengths_m"": [0.060646224122836885, 0.14199385870761486, 2.4452080166978062e-06], ""factor_costs"": {""E_in"": 0.20134400383833134, ""E_out"": 1.680239284294999e-07, ""E_smooth"": 2.402329030096121, ""E_space"": 1.1872849181614629, ""total"": 3.7909581201198437}, ""reference_clearance_m"": 0.22948689016047874, ""reference_safe"": true, ""bridge_self_intersection"": false, ""full_reference_self_intersection"": false}","[0.03183971105522159, 0.04125674769473997, 0.036041923861897376]","[0.060646224122836885, 0.14199385870761486, 2.4452080166978062e-06]",0.060646224122836885,2.4452080166978062e-06,"[1.904735379591051, 3.441712365653058, 6.784343771623188e-05]",6.784343771623188e-05,2.4452080166978063,1e-05,True,0.11747297757876263,-0.00010731345906567213,,,,N/A: unchanged solver trace does not retain Jacobian or normal matrix,UNCONVERGED DIAGNOSTIC — NOT A RETURNED REFERENCE,"[19.203630553052257, 24.14333536015282, -1.5689760264727979]","[19.29589449218289, 24.196826321126334, -1.0453675393771789]",/home/gpuadmin/Workspace/se-3-reconciliation/data/b_to_entry_graph_formulation_diag02/primary_20261003T000000Z/sources/S1/planning/A3/trace.json,ed4a1b6c6eed19591ca9b3b99ef81b32abd52f1dfa69e96abd5b69666d762b95,c27baac23c2b218e50760c3460079e689ad180b2a799c27405ddb7215cb44855
S1,V2,False,2,1,True,True,"{""converged"": true, ""finite"": true, ""B_bit_exact"": true, ""E_bit_exact"": true, ""suffix_bit_exact"": true, ""reference_safe"": true, ""no_bridge_self_intersection"": true, ""numerically_noncollapsed"": true}",cost_tolerance,3,3,0,0,2.6999999999999996e-05,1.105738208859175e-05,4.764199386539231e-08,last logged linearization; not recomputed at final accepted state,0.01664193900069222,"{""E_in"": 0.36742079608933015, ""E_out"": 0.25435830397354553, ""E_smooth"": 0.01867846241253389, ""E_space"": 0.0005460688408814568, ""total"": 0.641003631316291}","{""E_in"": 0.3374547701921657, ""E_out"": 0.28818119946375015, ""E_smooth"": 0.00414343766076677, ""E_space"": 0.001199262779996584, ""total"": 0.6309786700966792}","{""M"": 2, ""d_F_m"": 0.1501826264886162, ""bridge_XY_length_m"": 0.10680621712697362, ""B_to_entry_chord_m"": 0.1066485694689392, ""length_chord_ratio"": 1.0014781975868914, ""maximum_turning_angle_rad"": 0.10880777570314892, ""RMS_turning_angle_rad"": 0.10880777570314892, ""segment_length_min_m"": 0.05080266832703703, ""segment_length_max_m"": 0.05600354879993659, ""turning_angles_rad"": [0.10880777570314892], ""segment_lengths_m"": [0.05080266832703703, 0.05600354879993659], ""factor_costs"": {""E_in"": 0.3374547701921657, ""E_out"": 0.28818119946375015, ""E_smooth"": 0.00414343766076677, ""E_space"": 0.001199262779996584, ""total"": 0.6309786700966792}, ""reference_clearance_m"": 0.22948689016047874, ""reference_safe"": true, ""bridge_self_intersection"": false, ""full_reference_self_intersection"": false}","[0.05166440829979008, 0.05517389332227469]","[0.05080266832703703, 0.05600354879993659]",0.05080266832703703,0.05600354879993659,"[0.9833204327483501, 1.0150371022906761]",0.9833204327483501,50802.668327037034,1e-05,False,2.0373246894377743,1.6224902712266642,,,,N/A: unchanged solver trace does not retain Jacobian or normal matrix,STABLE PLANNING REFERENCE,"[19.203630553052257, 24.14333536015282, -1.5689760264727979]","[19.29589449218289, 24.196826321126334, -1.0453675393771789]",/home/gpuadmin/Workspace/se-3-reconciliation/data/b_to_entry_graph_formulation_diag02/primary_20261003T000000Z/sources/S1/planning/V2/trace.json,1d655ff10c543ae30887db3512d78601769c46d1e7da4bab7d12bb795112d911,6dc41513ce9dc5c1bb06f4e7e5267c976a96daafe2822a35685674267a4233db
S1,V3,False,3,2,True,True,"{""converged"": true, ""finite"": true, ""B_bit_exact"": true, ""E_bit_exact"": true, ""suffix_bit_exact"": true, ""reference_safe"": true, ""no_bridge_self_intersection"": true, ""numerically_noncollapsed"": true}",cost_tolerance,6,6,0,0,7.289999999999998e-07,6.926462484346807e-06,8.247012593073371e-08,last logged linearization; not recomputed at final accepted state,0.036242753005353734,"{""E_in"": 0.12851584385482043, ""E_out"": 0.08881719154697401, ""E_smooth"": 0.035285702547916305, ""E_space"": 0.0051374810352699885, ""total"": 0.25775621898498075}","{""E_in"": 0.12048738435174768, ""E_out"": 0.10981081590598607, ""E_smooth"": 0.013907639925692175, ""E_space"": 0.004862272456948542, ""total"": 0.24906811264037446}","{""M"": 3, ""d_F_m"": 0.1501826264886162, ""bridge_XY_length_m"": 0.10746440486849262, ""B_to_entry_chord_m"": 0.1066485694689392, ""length_chord_ratio"": 1.0076497547376013, ""maximum_turning_angle_rad"": 0.29742446867536687, ""RMS_turning_angle_rad"": 0.24770486086482063, ""segment_length_min_m"": 0.031249492596852266, ""segment_length_max_m"": 0.04053171261502459, ""turning_angles_rad"": [0.29742446867536687, -0.18507858229761753], ""segment_lengths_m"": [0.031249492596852266, 0.04053171261502459, 0.03568319965661576], ""factor_costs"": {""E_in"": 0.12048738435174768, ""E_out"": 0.10981081590598607, ""E_smooth"": 0.013907639925692175, ""E_space"": 0.004862272456948542, ""total"": 0.24906811264037446}, ""reference_clearance_m"": 0.22948689016047874, ""reference_safe"": true, ""bridge_self_intersection"": false, ""full_reference_self_intersection"": false}","[0.03183971105522159, 0.04125674769473997, 0.036041923861897376]","[0.031249492596852266, 0.04053171261502459, 0.03568319965661576]",0.031249492596852266,0.03568319965661576,"[0.9814628198935075, 0.9824262667265986, 0.9900470294910964]",0.9814628198935075,31249.492596852266,1e-05,False,1.9449375422141388,1.5336412346776287,,,,N/A: unchanged solver trace does not retain Jacobian or normal matrix,STABLE PLANNING REFERENCE,"[19.203630553052257, 24.14333536015282, -1.5689760264727979]","[19.29589449218289, 24.196826321126334, -1.0453675393771789]",/home/gpuadmin/Workspace/se-3-reconciliation/data/b_to_entry_graph_formulation_diag02/primary_20261003T000000Z/sources/S1/planning/V3/trace.json,dd8d20a0579a71a08fd4444edb60e661dfbfb5b11f4a380a6e65c0739a00e595,fa6db5c7b47a38f2c4c477c452aad41e9892f575766cc5e6aeaec7f035400f67
S2,A2,True,2,1,False,False,"{""converged"": false, ""finite"": true, ""B_bit_exact"": true, ""E_bit_exact"": true, ""suffix_bit_exact"": true, ""reference_safe"": true, ""no_bridge_self_intersection"": true, ""numerically_noncollapsed"": false}",maximum_iterations,80,44,36,0,9847709021.836102,3687.5641780983337,5.255050686426668e-09,last logged linearization; not recomputed at final accepted state,0.15604608399735298,"{""E_in"": 50.2382565471807, ""E_out"": 34.9543640368474, ""E_smooth"": 0.005858112709940274, ""E_space"": 0.00023982749289256654, ""total"": 85.19871852423093}","{""E_in"": 2.899503662910502e-07, ""E_out"": 35.984215140629935, ""E_smooth"": 0.7192162451245596, ""E_space"": 0.7191910616874685, ""total"": 37.42262273739233}","{""M"": 2, ""d_F_m"": 0.15051322580364157, ""bridge_XY_length_m"": 0.12764664929967995, ""B_to_entry_chord_m"": 0.12764431670395746, ""length_chord_ratio"": 1.0000182741839412, ""maximum_turning_angle_rad"": 1.8320162696719056, ""RMS_turning_angle_rad"": 1.8320162696719056, ""segment_length_min_m"": 1.8538375079497577e-06, ""segment_length_max_m"": 0.127644795462172, ""turning_angles_rad"": [-1.8320162696719056], ""segment_lengths_m"": [1.8538375079497577e-06, 0.127644795462172], ""factor_costs"": {""E_in"": 2.899503662910502e-07, ""E_out"": 35.984215140629935, ""E_smooth"": 0.7192162451245596, ""E_space"": 0.7191910616874685, ""total"": 37.42262273739233}, ""reference_clearance_m"": 0.7572532867773871, ""reference_safe"": true, ""bridge_self_intersection"": false, ""full_reference_self_intersection"": false}","[0.06267364870162931, 0.06500455141477521]","[1.8538375079497577e-06, 0.127644795462172]",1.8538375079497577e-06,0.127644795462172,"[2.957921784281827e-05, 1.963628587292412]",2.957921784281827e-05,1.8538375079497578,1e-05,True,-0.0001409712197588675,-1.5704519168275777,,,,N/A: unchanged solver trace does not retain Jacobian or normal matrix,UNCONVERGED DIAGNOSTIC — NOT A RETURNED REFERENCE,"[18.87406266585573, 9.874101626669443, -1.44686167546041]","[18.747621139721804, 9.891583390188735, -1.708655151798606]",/home/gpuadmin/Workspace/se-3-reconciliation/data/b_to_entry_bridge_01/primary_20261002T020000Z/sources/episode_001_repeat_01__handoff_013/planning/SE2_GRAPH_BRIDGE/trace.json,62aa510f2d60930498a1ac27655a3b96867da4c79062c390d4568c89d1955318,15ae9a32f63b881af646e5b18f03126029814fb16825b4c43da3658f0fc97141
S2,A3,False,3,2,False,False,"{""converged"": false, ""finite"": true, ""B_bit_exact"": true, ""E_bit_exact"": true, ""suffix_bit_exact"": true, ""reference_safe"": true, ""no_bridge_self_intersection"": true, ""numerically_noncollapsed"": false}",maximum_iterations,80,45,35,0,295431270.65508294,2312.560625696504,3.8924493481053373e-07,last logged linearization; not recomputed at final accepted state,0.2846584200015059,"{""E_in"": 41.47443787952151, ""E_out"": 27.466022893502327, ""E_smooth"": 0.046002836061664366, ""E_space"": 0.005830162583192956, ""total"": 68.9922937716687}","{""E_in"": 0.07433220225447458, ""E_out"": 1.9107301204413247e-06, ""E_smooth"": 1.9414195426033096, ""E_space"": 1.3216707206442673, ""total"": 3.337424376232172}","{""M"": 3, ""d_F_m"": 0.15051322580364157, ""bridge_XY_length_m"": 0.17655270808470397, ""B_to_entry_chord_m"": 0.12764431670395746, ""length_chord_ratio"": 1.3831615276235025, ""maximum_turning_angle_rad"": 2.0248401094647557, ""RMS_turning_angle_rad"": 1.9321928146930363, ""segment_length_min_m"": 2.159807770635425e-06, ""segment_length_max_m"": 0.1394795211845418, ""turning_angles_rad"": [-2.0248401094647557, 1.8348734772200377], ""segment_lengths_m"": [0.03707102709239155, 0.1394795211845418, 2.159807770635425e-06], ""factor_costs"": {""E_in"": 0.07433220225447458, ""E_out"": 1.9107301204413247e-06, ""E_smooth"": 1.9414195426033096, ""E_space"": 1.3216707206442673, ""total"": 3.337424376232172}, ""reference_clearance_m"": 0.7572532867773871, ""reference_safe"": true, ""bridge_self_intersection"": false, ""full_reference_self_intersection"": false}","[0.03967144788870333, 0.049004216469224045, 0.04229770609672202]","[0.03707102709239155, 0.1394795211845418, 2.159807770635425e-06]",0.03707102709239155,2.159807770635425e-06,"[0.9344510741426136, 2.8462759173414933, 5.106205442197268e-05]",5.106205442197268e-05,2.159807770635425,1e-05,True,-0.07137680871970886,0.00036188309965989873,,,,N/A: unchanged solver trace does not retain Jacobian or normal matrix,UNCONVERGED DIAGNOSTIC — NOT A RETURNED REFERENCE,"[18.87406266585573, 9.874101626669443, -1.44686167546041]","[18.747621139721804, 9.891583390188735, -1.708655151798606]",/home/gpuadmin/Workspace/se-3-reconciliation/data/b_to_entry_graph_formulation_diag02/primary_20261003T000000Z/sources/S2/planning/A3/trace.json,7b8941e140ac575573930739c9786ff30ce28b4af38c6e20084b78aaa5ca962f,4a4fc9da7ffee02c19c0aeba30cc6014f6f9103b2ffb9d7e7a9b0e9e8e4b7128
S2,V2,False,2,1,True,True,"{""converged"": true, ""finite"": true, ""B_bit_exact"": true, ""E_bit_exact"": true, ""suffix_bit_exact"": true, ""reference_safe"": true, ""no_bridge_self_intersection"": true, ""numerically_noncollapsed"": true}",cost_tolerance,3,3,0,0,2.6999999999999996e-05,1.1269450413131654e-06,5.258119523900264e-09,last logged linearization; not recomputed at final accepted state,0.012924170994665474,"{""E_in"": 0.4442131425842029, ""E_out"": 0.36447890974857855, ""E_smooth"": 0.005858112709940274, ""E_space"": 0.00023982749289256654, ""total"": 0.8147899925356143}","{""E_in"": 0.4223578112262001, ""E_out"": 0.38734692365092976, ""E_smooth"": 0.0012719276603791563, ""E_space"": 0.0004658554676064972, ""total"": 0.8114425180051155}","{""M"": 2, ""d_F_m"": 0.15051322580364157, ""bridge_XY_length_m"": 0.12770944144543747, ""B_to_entry_chord_m"": 0.12764431670395746, ""length_chord_ratio"": 1.0005102047875039, ""maximum_turning_angle_rad"": 0.06389480631406297, ""RMS_turning_angle_rad"": 0.06389480631406297, ""segment_length_min_m"": 0.0622304056792437, ""segment_length_max_m"": 0.06547903576619378, ""turning_angles_rad"": [-0.06389480631406297], ""segment_lengths_m"": [0.0622304056792437, 0.06547903576619378], ""factor_costs"": {""E_in"": 0.4223578112262001, ""E_out"": 0.38734692365092976, ""E_smooth"": 0.0012719276603791563, ""E_space"": 0.0004658554676064972, ""total"": 0.8114425180051155}, ""reference_clearance_m"": 0.7572532867773871, ""reference_safe"": true, ""bridge_self_intersection"": false, ""full_reference_self_intersection"": false}","[0.06267364870162931, 0.06500455141477521]","[0.0622304056792437, 0.06547903576619378]",0.0622304056792437,0.06547903576619378,"[0.9929277610037393, 1.0072992481463494]",0.9929277610037393,62230.405679243704,1e-05,False,-1.7993828631940536,-1.6015723454440298,,,,N/A: unchanged solver trace does not retain Jacobian or normal matrix,STABLE PLANNING REFERENCE,"[18.87406266585573, 9.874101626669443, -1.44686167546041]","[18.747621139721804, 9.891583390188735, -1.708655151798606]",/home/gpuadmin/Workspace/se-3-reconciliation/data/b_to_entry_graph_formulation_diag02/primary_20261003T000000Z/sources/S2/planning/V2/trace.json,7c7567c80ea2a0fabb003eb4a64f247951d289a895c79dc90d9af9f457ba5361,782c3cf8011f860fd42f8882e7dfcf2174e0bee5ba25ff37bd5f099740f5305d
S2,V3,False,3,2,True,True,"{""converged"": true, ""finite"": true, ""B_bit_exact"": true, ""E_bit_exact"": true, ""suffix_bit_exact"": true, ""reference_safe"": true, ""no_bridge_self_intersection"": true, ""numerically_noncollapsed"": true}",cost_tolerance,6,6,0,0,7.289999999999998e-07,2.1021611349980596e-06,2.36994075417154e-08,last logged linearization; not recomputed at final accepted state,0.029516291004256345,"{""E_in"": 0.15491509843046647, ""E_out"": 0.12676104388755807, ""E_smooth"": 0.046002836061664366, ""E_space"": 0.005830162583192956, ""total"": 0.33350914096288187}","{""E_in"": 0.15373899200279897, ""E_out"": 0.146134567677322, ""E_smooth"": 0.017410430624037545, ""E_space"": 0.005542298220034905, ""total"": 0.3228262885241934}","{""M"": 3, ""d_F_m"": 0.15051322580364157, ""bridge_XY_length_m"": 0.12868147956623954, ""B_to_entry_chord_m"": 0.12764431670395746, ""length_chord_ratio"": 1.0081254135637512, ""maximum_turning_angle_rad"": 0.29284978011553964, ""RMS_turning_angle_rad"": 0.2598795438926369, ""segment_length_min_m"": 0.03888279140460815, ""segment_length_max_m"": 0.048091426134390186, ""turning_angles_rad"": [-0.29284978011553964, 0.22206701905949489], ""segment_lengths_m"": [0.03888279140460815, 0.048091426134390186, 0.041707262027241204], ""factor_costs"": {""E_in"": 0.15373899200279897, ""E_out"": 0.146134567677322, ""E_smooth"": 0.017410430624037545, ""E_space"": 0.005542298220034905, ""total"": 0.3228262885241934}, ""reference_clearance_m"": 0.7572532867773871, ""reference_safe"": true, ""bridge_self_intersection"": false, ""full_reference_self_intersection"": false}","[0.03967144788870333, 0.049004216469224045, 0.04229770609672202]","[0.03888279140460815, 0.048091426134390186, 0.041707262027241204]",0.03888279140460815,0.041707262027241204,"[0.9801202999621359, 0.9813732286606988, 0.9860407543583889]",0.9801202999621359,38882.79140460816,1e-05,False,-1.6998851763059761,-1.5089626132979337,,,,N/A: unchanged solver trace does not retain Jacobian or normal matrix,STABLE PLANNING REFERENCE,"[18.87406266585573, 9.874101626669443, -1.44686167546041]","[18.747621139721804, 9.891583390188735, -1.708655151798606]",/home/gpuadmin/Workspace/se-3-reconciliation/data/b_to_entry_graph_formulation_diag02/primary_20261003T000000Z/sources/S2/planning/V3/trace.json,dbc5fffe7fbbc4eeab46ae5a4115afb7737a679b75f7b6e2ebbaad76315aba67,863c753ef436d7fcc51610d23705b70b851abc6ba6d7e6c216a168266d85e002
S3,A2,True,2,1,False,False,"{""converged"": false, ""finite"": true, ""B_bit_exact"": true, ""E_bit_exact"": true, ""suffix_bit_exact"": true, ""reference_safe"": true, ""no_bridge_self_intersection"": true, ""numerically_noncollapsed"": false}",maximum_iterations,80,44,36,0,9847709021.836102,1180.3144342879023,3.528374950511e-09,last logged linearization; not recomputed at final accepted state,0.1618540870003926,"{""E_in"": 54.57562150903136, ""E_out"": 34.600094962092975, ""E_smooth"": 0.023409068625076572, ""E_space"": 0.000708929650544302, ""total"": 89.19983446939996}","{""E_in"": 6.866574335058164e-08, ""E_out"": 36.00054332772422, ""E_smooth"": 1.3930152300970409, ""E_space"": 1.3928931014957917, ""total"": 38.7864517279828}","{""M"": 2, ""d_F_m"": 0.15648214800275878, ""bridge_XY_length_m"": 0.18468625682298165, ""B_to_entry_chord_m"": 0.1846831899774071, ""length_chord_ratio"": 1.0000166059811666, ""maximum_turning_angle_rad"": 1.9017268961830656, ""RMS_turning_angle_rad"": 1.9017268961830656, ""segment_length_min_m"": 2.3147443132026727e-06, ""segment_length_max_m"": 0.18468394207866845, ""turning_angles_rad"": [1.9017268961830656], ""segment_lengths_m"": [2.3147443132026727e-06, 0.18468394207866845], ""factor_costs"": {""E_in"": 6.866574335058164e-08, ""E_out"": 36.00054332772422, ""E_smooth"": 1.3930152300970409, ""E_space"": 1.3928931014957917, ""total"": 38.7864517279828}, ""reference_clearance_m"": 0.21148985508009666, ""reference_safe"": true, ""bridge_self_intersection"": false, ""full_reference_self_intersection"": false}","[0.09030434014745671, 0.09447079201816076]","[2.3147443132026727e-06, 0.18468394207866845]",2.3147443132026727e-06,0.18468394207866845,"[2.5632702807228963e-05, 1.9549316580638532]",2.5632702807228963e-05,2.314744313202673,1e-05,True,6.860230209415619e-05,1.5708081803223033,,,,N/A: unchanged solver trace does not retain Jacobian or normal matrix,UNCONVERGED DIAGNOSTIC — NOT A RETURNED REFERENCE,"[17.828542610626915, 31.820715881084176, -0.7099805094359564]","[17.89727685765006, 31.99213199452277, -0.3242954780329643]",/home/gpuadmin/Workspace/se-3-reconciliation/data/b_to_entry_bridge_01/primary_20261002T020000Z/sources/episode_008_repeat_01__handoff_023/planning/SE2_GRAPH_BRIDGE/trace.json,9a6ad984464f8a7aac0efc73f07eab2d686bfece0ca82a47a181e5b7833eabf3,7f33e89525dcd7498147619fdc33399facf83392f36a9456b75b032a4fefeb9f
S3,A3,False,3,2,False,False,"{""converged"": false, ""finite"": true, ""B_bit_exact"": true, ""E_bit_exact"": true, ""suffix_bit_exact"": true, ""reference_safe"": true, ""no_bridge_self_intersection"": true, ""numerically_noncollapsed"": false}",maximum_iterations,80,45,35,0,295431270.6550829,343.9686861558222,2.6130778605263175e-08,last logged linearization; not recomputed at final accepted state,0.28985718700278085,"{""E_in"": 45.71687287026288, ""E_out"": 27.182539458068234, ""E_smooth"": 0.092208579695923, ""E_space"": 0.012066857005168892, ""total"": 73.00368776503221}","{""E_in"": 1.194897974874024, ""E_out"": 5.323507002121631e-07, ""E_smooth"": 4.31041881183186, ""E_space"": 2.354077769359665, ""total"": 7.85939508841625}","{""M"": 3, ""d_F_m"": 0.15648214800275878, ""bridge_XY_length_m"": 0.2939622360726475, ""B_to_entry_chord_m"": 0.1846831899774071, ""length_chord_ratio"": 1.5917108433561757, ""maximum_turning_angle_rad"": 2.045465503935528, ""RMS_turning_angle_rad"": 2.0232786306257933, ""segment_length_min_m"": 1.862128419250558e-06, ""segment_length_max_m"": 0.20743039647284767, ""turning_angles_rad"": [2.045465503935528, -2.0008457478036], ""segment_lengths_m"": [0.08652997747138061, 0.20743039647284767, 1.862128419250558e-06], ""factor_costs"": {""E_in"": 1.194897974874024, ""E_out"": 5.323507002121631e-07, ""E_smooth"": 4.31041881183186, ""E_space"": 2.354077769359665, ""total"": 7.85939508841625}, ""reference_clearance_m"": 0.2114889923819378, ""reference_safe"": true, ""bridge_self_intersection"": false, ""full_reference_self_intersection"": false}","[0.0567577370254314, 0.07106336154013204, 0.061533085369001796]","[0.08652997747138061, 0.20743039647284767, 1.862128419250558e-06]",0.08652997747138061,1.862128419250558e-06,"[1.5245494624390887, 2.9189499620800268, 3.0262230604620922e-05]",3.0262230604620922e-05,1.862128419250558,1e-05,True,0.28617654700072803,-0.00019101503019935961,,,,N/A: unchanged solver trace does not retain Jacobian or normal matrix,UNCONVERGED DIAGNOSTIC — NOT A RETURNED REFERENCE,"[17.828542610626915, 31.820715881084176, -0.7099805094359564]","[17.89727685765006, 31.99213199452277, -0.3242954780329643]",/home/gpuadmin/Workspace/se-3-reconciliation/data/b_to_entry_graph_formulation_diag02/primary_20261003T000000Z/sources/S3/planning/A3/trace.json,ade95a83da2d726eaa1eabfce6eb0d31c2aef1a71db6b49245bfc91d85f5fbed,f47e6bee62cdf0368617514e00b114ad7ade5450d3f0c51cedf0f567659500eb
S3,V2,False,2,1,True,True,"{""converged"": true, ""finite"": true, ""B_bit_exact"": true, ""E_bit_exact"": true, ""suffix_bit_exact"": true, ""reference_safe"": true, ""no_bridge_self_intersection"": true, ""numerically_noncollapsed"": true}",cost_tolerance,3,3,0,0,2.6999999999999996e-05,7.096880599938293e-06,3.5477790546570655e-08,last logged linearization; not recomputed at final accepted state,0.013282904998050071,"{""E_in"": 0.9027324326789129, ""E_out"": 0.7064661926380985, ""E_smooth"": 0.023409068625076572, ""E_space"": 0.000708929650544302, ""total"": 1.6333166235926322}","{""E_in"": 0.8436851830478059, ""E_out"": 0.7701170359657824, ""E_smooth"": 0.004706350520234659, ""E_space"": 0.0014166914854366942, ""total"": 1.6199252610192596}","{""M"": 2, ""d_F_m"": 0.15648214800275878, ""bridge_XY_length_m"": 0.1848939072093217, ""B_to_entry_chord_m"": 0.1846831899774071, ""length_chord_ratio"": 1.0011409659533193, ""maximum_turning_angle_rad"": 0.09554228073632975, ""RMS_turning_angle_rad"": 0.09554228073632975, ""segment_length_min_m"": 0.08950204076750044, ""segment_length_max_m"": 0.09539186644182124, ""turning_angles_rad"": [0.09554228073632975], ""segment_lengths_m"": [0.08950204076750044, 0.09539186644182124], ""factor_costs"": {""E_in"": 0.8436851830478059, ""E_out"": 0.7701170359657824, ""E_smooth"": 0.004706350520234659, ""E_space"": 0.0014166914854366942, ""total"": 1.6199252610192596}, ""reference_clearance_m"": 0.21148985508009666, ""reference_safe"": true, ""bridge_self_intersection"": false, ""full_reference_self_intersection"": false}","[0.09030434014745671, 0.09447079201816076]","[0.08950204076750044, 0.09539186644182124]",0.08950204076750044,0.09539186644182124,"[0.9911156055329544, 1.0097498327682424]",0.9911156055329544,89502.04076750045,1e-05,False,1.8524895896231452,1.617044552196619,,,,N/A: unchanged solver trace does not retain Jacobian or normal matrix,STABLE PLANNING REFERENCE,"[17.828542610626915, 31.820715881084176, -0.7099805094359564]","[17.89727685765006, 31.99213199452277, -0.3242954780329643]",/home/gpuadmin/Workspace/se-3-reconciliation/data/b_to_entry_graph_formulation_diag02/primary_20261003T000000Z/sources/S3/planning/V2/trace.json,33b78d551cde5c66005dbe2823f89bcd37c89ac03622d1c773726ab52b413a25,35a1102cb9d0fad3b9a8df4db0cb460af183f851163ce0dcedcffbc8e8638c41
S3,V3,False,3,2,True,True,"{""converged"": true, ""finite"": true, ""B_bit_exact"": true, ""E_bit_exact"": true, ""suffix_bit_exact"": true, ""reference_safe"": true, ""no_bridge_self_intersection"": true, ""numerically_noncollapsed"": true}",cost_tolerance,6,6,0,0,7.289999999999998e-07,4.983348677878308e-06,6.294290534029037e-08,last logged linearization; not recomputed at final accepted state,0.030369207001058385,"{""E_in"": 0.3152214343868756, ""E_out"": 0.24604225384704248, ""E_smooth"": 0.092208579695923, ""E_space"": 0.012066857005168892, ""total"": 0.66553912493501}","{""E_in"": 0.3050488269886942, ""E_out"": 0.2918750792587585, ""E_smooth"": 0.035038991767194355, ""E_space"": 0.011412328648198924, ""total"": 0.643375226662846}","{""M"": 3, ""d_F_m"": 0.15648214800275878, ""bridge_XY_length_m"": 0.1862356929387789, ""B_to_entry_chord_m"": 0.1846831899774071, ""length_chord_ratio"": 1.0084063035816184, ""maximum_turning_angle_rad"": 0.3082472721259464, ""RMS_turning_angle_rad"": 0.26001435441095294, ""segment_length_min_m"": 0.05578297429648438, ""segment_length_max_m"": 0.06978916005401445, ""turning_angles_rad"": [0.3082472721259464, -0.2004957561306524], ""segment_lengths_m"": [0.05578297429648438, 0.06978916005401445, 0.060663558588280084], ""factor_costs"": {""E_in"": 0.3050488269886942, ""E_out"": 0.2918750792587585, ""E_smooth"": 0.035038991767194355, ""E_space"": 0.011412328648198924, ""total"": 0.643375226662846}, ""reference_clearance_m"": 0.21148985508009666, ""reference_safe"": true, ""bridge_self_intersection"": false, ""full_reference_self_intersection"": false}","[0.0567577370254314, 0.07106336154013204, 0.061533085369001796]","[0.05578297429648438, 0.06978916005401445, 0.060663558588280084]",0.05578297429648438,0.060663558588280084,"[0.9828259056820701, 0.9820695016601768, 0.985868955286293]",0.9820695016601768,55782.97429648438,1e-05,False,1.7512442170235154,1.5280084148559538,,,,N/A: unchanged solver trace does not retain Jacobian or normal matrix,STABLE PLANNING REFERENCE,"[17.828542610626915, 31.820715881084176, -0.7099805094359564]","[17.89727685765006, 31.99213199452277, -0.3242954780329643]",/home/gpuadmin/Workspace/se-3-reconciliation/data/b_to_entry_graph_formulation_diag02/primary_20261003T000000Z/sources/S3/planning/V3/trace.json,3f62b35f2ae9f71f88fe17a1dafd00e81ac0e115ca11f6e6409ab9c0584100d3,9179f0c9e9c13a32edf32fcad71b3e8a7e9abe8e6b2dee47a0ee5d56429ab057
S4,A2,True,2,1,False,False,"{""converged"": false, ""finite"": true, ""B_bit_exact"": true, ""E_bit_exact"": true, ""suffix_bit_exact"": true, ""reference_safe"": true, ""no_bridge_self_intersection"": true, ""numerically_noncollapsed"": false}",maximum_iterations,80,44,36,0,9847709021.836102,3647.1923404811264,1.2348653844804095e-07,last logged linearization; not recomputed at final accepted state,0.15947995099850232,"{""E_in"": 69.05700847085156, ""E_out"": 33.29109955499714, ""E_smooth"": 0.04075360960699951, ""E_space"": 0.0012681924185379435, ""total"": 102.39012982787423}","{""E_in"": 6.7063868420568674e-06, ""E_out"": 36.00062184691767, ""E_smooth"": 1.11825829969553, ""E_space"": 1.1182101431356262, ""total"": 38.23709699613566}","{""M"": 2, ""d_F_m"": 0.15214175181339587, ""bridge_XY_length_m"": 0.16088807740045022, ""B_to_entry_chord_m"": 0.16088422588979834, ""length_chord_ratio"": 1.000023939641258, ""maximum_turning_angle_rad"": 2.110451148496452, ""RMS_turning_angle_rad"": 2.110451148496452, ""segment_length_min_m"": 2.544209239606101e-06, ""segment_length_max_m"": 0.1608855331912106, ""turning_angles_rad"": [-2.110451148496452], ""segment_lengths_m"": [2.544209239606101e-06, 0.1608855331912106], ""factor_costs"": {""E_in"": 6.7063868420568674e-06, ""E_out"": 36.00062184691767, ""E_smooth"": 1.11825829969553, ""E_space"": 1.1182101431356262, ""total"": 38.23709699613566}, ""reference_clearance_m"": 0.8780007436815849, ""reference_safe"": true, ""bridge_self_intersection"": false, ""full_reference_self_intersection"": false}","[0.07788955304808688, 0.08330757785120851]","[2.544209239606101e-06, 0.1608855331912106]",2.544209239606101e-06,0.1608855331912106,"[3.266431941181349e-05, 1.9312232733324715]",3.266431941181349e-05,2.544209239606101,1e-05,True,-0.0006779738251450063,-1.5708098933315071,,,,N/A: unchanged solver trace does not retain Jacobian or normal matrix,UNCONVERGED DIAGNOSTIC — NOT A RETURNED REFERENCE,"[19.668567955248744, 8.99227202834442, -1.3595769416513406]","[19.516333811852085, 9.044315276940615, -1.8652517646249573]",/home/gpuadmin/Workspace/se-3-reconciliation/data/b_to_entry_bridge_01/primary_20261002T020000Z/sources/episode_013_repeat_00__handoff_020/planning/SE2_GRAPH_BRIDGE/trace.json,489952911baf9b8283ece51511053637cb41dbc595f7bf3d0451834564a7f681,e62f019e986ba375e5558b5b67652408244c2a5db69f44bef30844f41f813b75
S4,A3,False,3,2,False,False,"{""converged"": false, ""finite"": true, ""B_bit_exact"": true, ""E_bit_exact"": true, ""suffix_bit_exact"": true, ""reference_safe"": true, ""no_bridge_self_intersection"": true, ""numerically_noncollapsed"": false}",maximum_iterations,80,45,35,0,295431270.65508276,4174.452849184047,3.6725750368370057e-08,last logged linearization; not recomputed at final accepted state,0.27712438700837083,"{""E_in"": 60.537779250909566, ""E_out"": 26.097581702913253, ""E_smooth"": 0.07739568369728385, ""E_space"": 0.011531898264100903, ""total"": 86.7242885357842}","{""E_in"": 1.561459334350982, ""E_out"": 6.967050034279232e-07, ""E_smooth"": 4.5717455690770805, ""E_space"": 2.2609675129143176, ""total"": 8.394173113047383}","{""M"": 3, ""d_F_m"": 0.15214175181339587, ""bridge_XY_length_m"": 0.29090676317128034, ""B_to_entry_chord_m"": 0.16088422588979834, ""length_chord_ratio"": 1.8081745526161415, ""maximum_turning_angle_rad"": 2.240217399703318, ""RMS_turning_angle_rad"": 2.1363923631000943, ""segment_length_min_m"": 2.362314193419539e-06, ""segment_length_max_m"": 0.20051726281788265, ""turning_angles_rad"": [-2.240217399703318, 2.027256930014377], ""segment_lengths_m"": [0.09038713803920424, 0.20051726281788265, 2.362314193419539e-06], ""factor_costs"": {""E_in"": 1.561459334350982, ""E_out"": 6.967050034279232e-07, ""E_smooth"": 4.5717455690770805, ""E_space"": 2.2609675129143176, ""total"": 8.394173113047383}, ""reference_clearance_m"": 0.8780011873414286, ""reference_safe"": true, ""bridge_self_intersection"": false, ""full_reference_self_intersection"": false}","[0.04792306237454295, 0.062262925258993365, 0.054433590639548175]","[0.09038713803920424, 0.20051726281788265, 2.362314193419539e-06]",0.09038713803920424,2.362314193419539e-06,"[1.886088525244549, 3.2204921626119645, 4.33980960224076e-05]",4.33980960224076e-05,2.362314193419539,1e-05,True,-0.3271402383453772,0.00021852095577257202,,,,N/A: unchanged solver trace does not retain Jacobian or normal matrix,UNCONVERGED DIAGNOSTIC — NOT A RETURNED REFERENCE,"[19.668567955248744, 8.99227202834442, -1.3595769416513406]","[19.516333811852085, 9.044315276940615, -1.8652517646249573]",/home/gpuadmin/Workspace/se-3-reconciliation/data/b_to_entry_graph_formulation_diag02/primary_20261003T000000Z/sources/S4/planning/A3/trace.json,591435f751a97246c87292458d69a3d0f1bf380b9806ca6e4e455c477338162e,97387ff958a8218cee4c3892b8bc6c95118647ef8802dc4dd7c362b30cf8d2d2
S4,V2,False,2,1,True,True,"{""converged"": true, ""finite"": true, ""B_bit_exact"": true, ""E_bit_exact"": true, ""suffix_bit_exact"": true, ""reference_safe"": true, ""no_bridge_self_intersection"": true, ""numerically_noncollapsed"": true}",step_tolerance,4,3,0,0,2.6999999999999996e-05,9.23949817766001e-08,5.294610473925347e-10,last logged linearization; not recomputed at final accepted state,0.013842897998983972,"{""E_in"": 0.8222360266216552, ""E_out"": 0.5635457673309872, ""E_smooth"": 0.04075360960699951, ""E_space"": 0.0012681924185379435, ""total"": 1.4278035959781799}","{""E_in"": 0.7564456665134632, ""E_out"": 0.637594948303054, ""E_smooth"": 0.009353302461722716, ""E_space"": 0.002808399786302527, ""total"": 1.4062023170645424}","{""M"": 2, ""d_F_m"": 0.15214175181339587, ""bridge_XY_length_m"": 0.16108308525861798, ""B_to_entry_chord_m"": 0.16088422588979834, ""length_chord_ratio"": 1.0012360401880285, ""maximum_turning_angle_rad"": 0.09951370299801532, ""RMS_turning_angle_rad"": 0.09951370299801532, ""segment_length_min_m"": 0.07651021697248982, ""segment_length_max_m"": 0.08457286828612817, ""turning_angles_rad"": [-0.09951370299801532], ""segment_lengths_m"": [0.07651021697248982, 0.08457286828612817], ""factor_costs"": {""E_in"": 0.7564456665134632, ""E_out"": 0.637594948303054, ""E_smooth"": 0.009353302461722716, ""E_space"": 0.002808399786302527, ""total"": 1.4062023170645424}, ""reference_clearance_m"": 0.8780011873414286, ""reference_safe"": true, ""bridge_self_intersection"": false, ""full_reference_self_intersection"": false}","[0.07788955304808688, 0.08330757785120851]","[0.07651021697248982, 0.08457286828612817]",0.07651021697248982,0.08457286828612817,"[0.9822911286351136, 1.015188179365622]",0.9822911286351136,76510.21697248983,1e-05,False,-2.0588661849335184,-1.6180606589414435,,,,N/A: unchanged solver trace does not retain Jacobian or normal matrix,STABLE PLANNING REFERENCE,"[19.668567955248744, 8.99227202834442, -1.3595769416513406]","[19.516333811852085, 9.044315276940615, -1.8652517646249573]",/home/gpuadmin/Workspace/se-3-reconciliation/data/b_to_entry_graph_formulation_diag02/primary_20261003T000000Z/sources/S4/planning/V2/trace.json,6cda74babf391153b5db63d08d43d9ba07a8294b75bb9f06f54b9a0d2dbc77c8,58630628f4108a8271bb3e2fa26c8e78331696d1d2cfb342f936606b57851215
S4,V3,False,3,2,True,True,"{""converged"": true, ""finite"": true, ""B_bit_exact"": true, ""E_bit_exact"": true, ""suffix_bit_exact"": true, ""reference_safe"": true, ""no_bridge_self_intersection"": true, ""numerically_noncollapsed"": true}",cost_tolerance,7,7,0,0,2.1869999999999994e-07,1.0451914523867956e-06,1.4083904838132141e-08,last logged linearization; not recomputed at final accepted state,0.0330665810033679,"{""E_in"": 0.28762625116747925, ""E_out"": 0.19680954818999657, ""E_smooth"": 0.07739568369728385, ""E_space"": 0.011531898264100903, ""total"": 0.5733633813188606}","{""E_in"": 0.2699324242888403, ""E_out"": 0.24282192305117217, ""E_smooth"": 0.030880673918823986, ""E_space"": 0.010941504374778132, ""total"": 0.5545765256336146}","{""M"": 3, ""d_F_m"": 0.15214175181339587, ""bridge_XY_length_m"": 0.16206935654005064, ""B_to_entry_chord_m"": 0.16088422588979834, ""length_chord_ratio"": 1.0073663570415168, ""maximum_turning_angle_rad"": 0.2893496913585336, ""RMS_turning_angle_rad"": 0.24487708438035932, ""segment_length_min_m"": 0.04696719687806104, ""segment_length_max_m"": 0.06115530615210064, ""turning_angles_rad"": [-0.2893496913585336, 0.19027960747272044], ""segment_lengths_m"": [0.04696719687806104, 0.06115530615210064, 0.05394685350988895], ""factor_costs"": {""E_in"": 0.2699324242888403, ""E_out"": 0.24282192305117217, ""E_smooth"": 0.030880673918823986, ""E_space"": 0.010941504374778132, ""total"": 0.5545765256336146}, ""reference_clearance_m"": 0.8780011873414286, ""reference_safe"": true, ""bridge_self_intersection"": false, ""full_reference_self_intersection"": false}","[0.04792306237454295, 0.062262925258993365, 0.054433590639548175]","[0.04696719687806104, 0.06115530615210064, 0.05394685350988895]",0.04696719687806104,0.05394685350988895,"[0.980054164965266, 0.9822106156707961, 0.9910581476632264]",0.980054164965266,46967.19687806105,1e-05,False,-1.9690131922044358,-1.5277640471001588,,,,N/A: unchanged solver trace does not retain Jacobian or normal matrix,STABLE PLANNING REFERENCE,"[19.668567955248744, 8.99227202834442, -1.3595769416513406]","[19.516333811852085, 9.044315276940615, -1.8652517646249573]",/home/gpuadmin/Workspace/se-3-reconciliation/data/b_to_entry_graph_formulation_diag02/primary_20261003T000000Z/sources/S4/planning/V3/trace.json,45201a6566bc0143d15d2ca9dcef71e6cc9c0d4d8ed2f16238e263c49f478a43,55d846f971e6e673b1c2cc66c6682457d8c470f1b909e77a9c5f09f8b751abc7
