chunk,status,A,B,observation_sim_s,ready_sim_s,install_sim_s,application_sim_s,cart_pixels,N,arc_m,raw_sha256,clearance_m,legacy_5cm_pass,inference_active_chunk,endpoint_local,request_host_s,receipt_host_s,active_duration_s
chunk_000,APPLIED,"[19.20129863861204, 25.42333325575427, -1.5689742328041627]","[19.20129863861204, 25.42333325575427, -1.5689742328041627]",0.7833333741873503,1.0333333872258663,1.0333333872258663,1.1166667249053717,0,10,1.351820588145103,6d53cfff6ca770055ca6563548fc80b6696e2336fd4343f35c2c4e01da1bd5ae,1.0170210191133011,True,,"[1.501985788345337, 3.947936875192681e-06, 8.423162398685236e-06]",,,0.4500000234693289
chunk_001,APPLIED,"[19.201407937708954, 25.363333351859286, -1.5689749934176171]","[19.20161431701553, 25.250000200523026, -1.5689755606609315]",1.2833334002643824,1.5166667457669973,1.5166667457669973,1.5666667483747005,1494,10,1.357452563638003,6f6b97c922b9e6cf8d455cf4cc4b1686375b93a40a0a67f557278137a751450b,0.821280919083059,True,chunk_000,"[1.4947317838668823, -0.13291215896606445, -0.25827035307884216]",,,0.5000000260770321
chunk_002,APPLIED,"[19.20137427327621, 25.163334122679647, -1.5773308765452005]","[19.200148261966227, 25.05000809379713, -1.589632898016459]",1.7833334263414145,2.0333334393799305,2.0333334393799305,2.0666667744517326,1703,10,1.35238771575834,641bd0b4c77c65d0351506dee584639529db857715fe0078bf95da256fb5d25f,0.6694778631978933,True,chunk_001,"[1.417783260345459, 0.38496825098991394, 0.5225185751914978]",,,0.5000000260770321
chunk_003,APPLIED,"[19.202021578622336, 24.963382215646583, -1.5155987442959007]","[19.211629399142247, 24.85047677502895, -1.4474301054362901]",2.2833334524184465,2.5333334654569626,2.5333334654569626,2.5666668005287647,2065,10,1.3547012508155925,0c43ff4629f9ce25df390104813258ac8fbe611b8ad8a71706623b5e13c2b39e,0.6419784789026293,True,chunk_002,"[1.3555278778076172, 0.6297799944877625, 0.5259516835212708]",,,0.5000000260770321
chunk_004,APPLIED,"[19.23045766339444, 24.76602784226726, -1.2555844659456998]","[19.27389403118432, 24.661447483473033, -1.1106901492252321]",2.7833334784954786,3.0333334915339947,3.0333334915339947,3.066666826605797,3053,10,1.3554215288880984,65f5227e962784fee02ac43559ccf2ed6323fdd8916edadc124089ba756ef4b9,0.4603106284900796,True,chunk_003,"[1.4774906635284424, 0.2404809594154358, -0.11331233382225037]",,,0.5833333637565374
chunk_005,APPLIED,"[19.31537929222634, 24.58537456142413, -1.042210094933905]","[19.391835629986183, 24.46021740723268, -1.0157335574895257]",3.2833335045725107,3.550000185146928,3.550000185146928,3.6500001903623343,5909,10,1.3560843483747134,8224b6f6d5456f4f58b4d065e2bf617ecfd3fdf2745abea8740813468587e6ad,0.30327110499381643,True,chunk_004,"[1.4917658567428589, -0.13928474485874176, -0.296600341796875]",,,0.5000000260770321
chunk_006,APPLIED,"[19.419507276626742, 24.414625279192347, -1.0339144511119294]","[19.49227873662385, 24.287294703852076, -1.0709447759986226]",3.783333530649543,4.05000021122396,4.05000021122396,4.150000216439366,8754,10,1.1778944976723271,5426ff4e99097821e56dade5f7039886fc128e47056a6e8eae09e0c618ee20b8,0.2865552982537243,True,chunk_005,"[1.2833104133605957, -0.17393547296524048, -0.6308086514472961]",,,0.5000000260770321
chunk_007,APPLIED,"[19.51856517286296, 24.24089159568664, -1.041234916070099]","[19.594178723299457, 24.115223153802393, -1.0431171499844467]",4.283333556726575,4.550000237300992,4.550000237300992,4.650000242516398,10446,10,1.3598750709556582,fb8d3dca48d4c825cccb836468378cfdbc2a48427f1a8f3ac4c1d824712af353,0.14294672979704753,True,chunk_006,"[1.4440888166427612, -0.325979620218277, -0.512310266494751]",,,0.5000000260770321
chunk_008,APPLIED,"[19.62026185370495, 24.068705780759256, -1.0745814019413018]","[19.6856688723953, 23.937472338905074, -1.1522804733807532]",4.783333582803607,5.050000263378024,5.050000263378024,5.1500002685934305,11959,10,1.3609431265119973,ccc1c8613424d4d1a32fe8e98f2ceaad1d39cf17010fbe2f5a89ebe2877250a1,0.1353835372894981,True,chunk_007,"[1.4347742795944214, -0.3930123448371887, -0.5260758399963379]",,,0.5000000260770321
chunk_009,APPLIED,"[19.706538691916546, 23.888394303268907, -1.1831769918483561]","[19.757482233022174, 23.750897469161924, -1.2594372560698994]",5.283333608880639,5.550000289455056,5.550000289455056,5.650000294670463,14457,10,1.3609431265119973,ccc1c8613424d4d1a32fe8e98f2ceaad1d39cf17010fbe2f5a89ebe2877250a1,0.06382605574432249,True,chunk_008,"[1.4347742795944214, -0.3930123448371887, -0.5260758399963379]",,,0.5000000260770321
chunk_010,APPLIED,"[19.77296666244312, 23.699863895566263, -1.2909558125803564]","[19.80875441379089, 23.557668078097482, -1.3680537791296452]",5.783333634957671,6.050000315532088,6.050000315532088,6.150000320747495,17551,10,1.3760534514211218,f9b6029bd888f6df3de916a449ce436c0e3256b650bf4ea2aa8e2e75e2dc686a,0.14716198061991126,True,chunk_009,"[1.505447268486023, -0.19841521978378296, -0.2557354271411896]",,,0.5000000260770321
chunk_011,APPLIED,"[19.819712707861573, 23.50547283007218, -1.3597090546721613]","[19.850725453528458, 23.362124000413758, -1.368135140793049]",6.283333661034703,6.55000034160912,6.55000034160912,6.650000346824527,20593,10,1.3760534514211218,f9b6029bd888f6df3de916a449ce436c0e3256b650bf4ea2aa8e2e75e2dc686a,0.1200884126801039,True,chunk_010,"[1.505447268486023, -0.19841521978378296, -0.2557354271411896]",,,0.10000000521540642
