chunk,A,B,observation_sim_s,observation_host_monotonic_ns,request_host_monotonic_ns,request_host_utc,receipt_host_monotonic_ns,receipt_host_utc,ready_seen_sim_s,install_sim_s,application_sim_s,inference_active_chunk,raw_sha256
chunk_000,"[19.20129863861204, 25.42333325575427, -1.5689742328041627]","[19.20129863861204, 25.42333325575427, -1.5689742328041627]",0.7833333741873503,452691581551028,452691669519490,2026-10-07T07:19:16.582330Z,452691885854091,2026-10-07T07:19:16.798655Z,1.0333333872258663,1.0333333872258663,1.1166667249053717,,6d53cfff6ca770055ca6563548fc80b6696e2336fd4343f35c2c4e01da1bd5ae
chunk_001,"[19.201407937708954, 25.363333351859286, -1.5689749934176171]","[19.20161431701553, 25.250000200523026, -1.5689755606609315]",1.2833334002643824,452692228807268,452692328649469,2026-10-07T07:19:17.241461Z,452692542768553,2026-10-07T07:19:17.455572Z,1.5166667457669973,1.5166667457669973,1.5666667483747005,chunk_000,6f6b97c922b9e6cf8d455cf4cc4b1686375b93a40a0a67f557278137a751450b
chunk_002,"[19.20137427327621, 25.163334122679647, -1.5773308765452005]","[19.200148261966227, 25.05000809379713, -1.589632898016459]",1.7833334263414145,452692887770286,452692977515074,2026-10-07T07:19:17.890322Z,452693199754551,2026-10-07T07:19:18.112555Z,2.0333334393799305,2.0333334393799305,2.0666667744517326,chunk_001,641bd0b4c77c65d0351506dee584639529db857715fe0078bf95da256fb5d25f
chunk_003,"[19.202021578622336, 24.963382215646583, -1.5155987442959007]","[19.211629399142247, 24.85047677502895, -1.4474301054362901]",2.2833334524184465,452693535693938,452693622946721,2026-10-07T07:19:18.535758Z,452693846450094,2026-10-07T07:19:18.759251Z,2.5333334654569626,2.5333334654569626,2.5666668005287647,chunk_002,0c43ff4629f9ce25df390104813258ac8fbe611b8ad8a71706623b5e13c2b39e
chunk_004,"[19.23045766339444, 24.76602784226726, -1.2555844659456998]","[19.27389403118432, 24.661447483473033, -1.1106901492252321]",2.7833334784954786,452694183189129,452694271895832,2026-10-07T07:19:19.184707Z,452694500278932,2026-10-07T07:19:19.413079Z,3.0333334915339947,3.0333334915339947,3.066666826605797,chunk_003,65f5227e962784fee02ac43559ccf2ed6323fdd8916edadc124089ba756ef4b9
chunk_005,"[19.31537929222634, 24.58537456142413, -1.042210094933905]","[19.391835629986183, 24.46021740723268, -1.0157335574895257]",3.2833335045725107,452694835032621,452694924557738,2026-10-07T07:19:19.837369Z,452695159375237,2026-10-07T07:19:20.072178Z,3.550000185146928,3.550000185146928,3.6500001903623343,chunk_004,8224b6f6d5456f4f58b4d065e2bf617ecfd3fdf2745abea8740813468587e6ad
chunk_006,"[19.419507276626742, 24.414625279192347, -1.0339144511119294]","[19.49227873662385, 24.287294703852076, -1.0709447759986226]",3.783333530649543,452695495475258,452695583654853,2026-10-07T07:19:20.496462Z,452695824674718,2026-10-07T07:19:20.737476Z,4.05000021122396,4.05000021122396,4.150000216439366,chunk_005,5426ff4e99097821e56dade5f7039886fc128e47056a6e8eae09e0c618ee20b8
chunk_007,"[19.51856517286296, 24.24089159568664, -1.041234916070099]","[19.594178723299457, 24.115223153802393, -1.0431171499844467]",4.283333556726575,452696158863675,452696248428558,2026-10-07T07:19:21.161239Z,452696484838419,2026-10-07T07:19:21.397636Z,4.550000237300992,4.550000237300992,4.650000242516398,chunk_006,fb8d3dca48d4c825cccb836468378cfdbc2a48427f1a8f3ac4c1d824712af353
chunk_008,"[19.62026185370495, 24.068705780759256, -1.0745814019413018]","[19.6856688723953, 23.937472338905074, -1.1522804733807532]",4.783333582803607,452696819085076,452696908063838,2026-10-07T07:19:21.820875Z,452697160265757,2026-10-07T07:19:22.073065Z,5.050000263378024,5.050000263378024,5.1500002685934305,chunk_007,ccc1c8613424d4d1a32fe8e98f2ceaad1d39cf17010fbe2f5a89ebe2877250a1
chunk_009,"[19.706538691916546, 23.888394303268907, -1.1831769918483561]","[19.757482233022174, 23.750897469161924, -1.2594372560698994]",5.283333608880639,452697492833473,452697580720637,2026-10-07T07:19:22.493532Z,452697842729943,2026-10-07T07:19:22.755530Z,5.550000289455056,5.550000289455056,5.650000294670463,chunk_008,ccc1c8613424d4d1a32fe8e98f2ceaad1d39cf17010fbe2f5a89ebe2877250a1
chunk_010,"[19.77296666244312, 23.699863895566263, -1.2909558125803564]","[19.80875441379089, 23.557668078097482, -1.3680537791296452]",5.783333634957671,452698183290157,452698273227962,2026-10-07T07:19:23.186039Z,452698546457695,2026-10-07T07:19:23.459256Z,6.050000315532088,6.050000315532088,6.150000320747495,chunk_009,f9b6029bd888f6df3de916a449ce436c0e3256b650bf4ea2aa8e2e75e2dc686a
chunk_011,"[19.819712707861573, 23.50547283007218, -1.3597090546721613]","[19.850725453528458, 23.362124000413758, -1.368135140793049]",6.283333661034703,452698883770580,452698974976779,2026-10-07T07:19:23.887788Z,452699275421717,2026-10-07T07:19:24.188221Z,6.55000034160912,6.55000034160912,6.650000346824527,chunk_010,f9b6029bd888f6df3de916a449ce436c0e3256b650bf4ea2aa8e2e75e2dc686a
