source,method,first_new_applied_command,first_new_application_tick,delta_from_physical_u_minus,delta_from_previous_control,physical_u_minus,previous_control,already_applied_u_B_plus,early_03_complete,early_03_max_abs_v_mps,early_03_max_abs_omega_radps,early_03_linear_TV,early_03_angular_TV,observed_early_prefix_TV,convention
E1,B_FULL_RAW,"[0.5999999917310953,1.0623181857788069]",193,"[-0.20000000826890474,0.9452849380790761]","[-0.20000000826890474,0.4452849324878797]","[0.8,0.11703324769973082]","[0.8,0.6170332532909272]","[0.8,0.6170332532909272]",True,0.8,1.1801896898344162,0.6000000252425339,1.3274132983725804,"[0.6000000252425339,1.3274132983725804]","held command intervals starting in [0,.3); TV between held interval commands, includes initial u_B_plus, excludes u_minus-to-u_B_plus jump; incomplete window null"
E1,B_ENTRY_STAGE,"[0.5999999907905508,1.1170331826757105]",193,"[-0.20000000920944927,0.9999999349759797]","[-0.20000000920944927,0.4999999293847833]","[0.8,0.11703324769973082]","[0.8,0.6170332532909272]","[0.8,0.6170332532909272]",True,0.8,1.2063405391649222,0.6000000251545561,1.295659564721964,"[0.6000000251545561,1.295659564721964]","held command intervals starting in [0,.3); TV between held interval commands, includes initial u_B_plus, excludes u_minus-to-u_B_plus jump; incomplete window null"
E1,B_CANONICAL,"[0.8,1.1170330383534237]",193,"[0.0,0.9999997906536929]","[0.0,0.49999978506249654]","[0.8,0.11703324769973082]","[0.8,0.6170332532909272]","[0.8,0.6170332532909272]",True,0.8,1.1700811017338277,0.0,0.9366546485424305,"[0.0,0.9366546485424305]","held command intervals starting in [0,.3); TV between held interval commands, includes initial u_B_plus, excludes u_minus-to-u_B_plus jump; incomplete window null"
E2,B_FULL_RAW,"[0.5799711096828127,-0.15968481622602437]",679,"[-2.1906035874152963e-09,-0.03191712736996363]","[-0.20000000952034247,0.4680828688658435]","[0.5799711118734163,-0.12776768885606074]","[0.7799711192031552,-0.6277676850918679]","[0.7799711192031552,-0.6277676850918679]",True,0.7799711192031552,0.6596848104295148,0.4000000173175635,0.9680828630693339,"[0.4000000173175635,0.9680828630693339]","held command intervals starting in [0,.3); TV between held interval commands, includes initial u_B_plus, excludes u_minus-to-u_B_plus jump; incomplete window null"
E2,B_ENTRY_STAGE,"[0.5799711112692343,-0.8022313996019297]",679,"[-6.041820377333806e-10,-0.674463710745869]","[-0.20000000793392092,-0.17446371451006182]","[0.5799711118734163,-0.12776768885606074]","[0.7799711192031552,-0.6277676850918679]","[0.7799711192031552,-0.6277676850918679]",True,0.7799711193046991,0.9672751613659015,0.4000000159693857,0.33950747627403366,"[0.4000000159693857,0.33950747627403366]","held command intervals starting in [0,.3); TV between held interval commands, includes initial u_B_plus, excludes u_minus-to-u_B_plus jump; incomplete window null"
E2,B_CANONICAL,"[0.8,-0.6233721898553325]",679,"[0.22002888812658372,-0.4956045009992718]","[0.02002888079684484,0.004395495236535374]","[0.5799711118734163,-0.12776768885606074]","[0.7799711192031552,-0.6277676850918679]","[0.7799711192031552,-0.6277676850918679]",True,0.8,0.6679743529560332,0.02002888079684484,0.04899765833723613,"[0.02002888079684484,0.04899765833723613]","held command intervals starting in [0,.3); TV between held interval commands, includes initial u_B_plus, excludes u_minus-to-u_B_plus jump; incomplete window null"
E3,B_FULL_RAW,"[0.5999999919850669,0.46198532926934327]",193,"[-0.20000000801493312,0.1743797748474047]","[-0.20000000801493312,-0.31493633590252795]","[0.8,0.2876055544219386]","[0.8,0.7769216651718712]","[0.8,0.7769216651718712]",True,0.8,0.7769216651718712,0.40000001602986623,0.5188185841129687,"[0.40000001602986623,0.5188185841129687]","held command intervals starting in [0,.3); TV between held interval commands, includes initial u_B_plus, excludes u_minus-to-u_B_plus jump; incomplete window null"
E3,B_ENTRY_STAGE,"[0.708346445104976,0.5854820089234771]",193,"[-0.09165355489502403,0.29787645450153855]","[-0.09165355489502403,-0.1914396562483941]","[0.8,0.2876055544219386]","[0.8,0.7769216651718712]","[0.8,0.7769216651718712]",True,0.8,0.7769216651718712,0.18330710979004805,0.5542507178469169,"[0.18330710979004805,0.5542507178469169]","held command intervals starting in [0,.3); TV between held interval commands, includes initial u_B_plus, excludes u_minus-to-u_B_plus jump; incomplete window null"
E3,B_CANONICAL,"[0.8,0.8451046339491205]",193,"[0.0,0.5574990795271819]","[0.0,0.06818296877724928]","[0.8,0.2876055544219386]","[0.8,0.7769216651718712]","[0.8,0.7769216651718712]",True,0.8,0.8451046339491205,0.0,0.5646825967006761,"[0.0,0.5646825967006761]","held command intervals starting in [0,.3); TV between held interval commands, includes initial u_B_plus, excludes u_minus-to-u_B_plus jump; incomplete window null"
E4,B_FULL_RAW,"[0.5999999907206272,-0.19567395609642346]",655,"[-0.2000000092793729,-0.175208634745225]","[-0.2000000092793729,0.32479133547655803]","[0.8,-0.02046532135119846]","[0.8,-0.5204652915729815]","[0.8,-0.5204652915729815]",True,0.8,0.5773847906455526,0.4000000169023692,0.7065021700256872,"[0.4000000169023692,0.7065021700256872]","held command intervals starting in [0,.3); TV between held interval commands, includes initial u_B_plus, excludes u_minus-to-u_B_plus jump; incomplete window null"
E4,B_ENTRY_STAGE,"[0.5999999923949815,-0.40085668182607687]",655,"[-0.20000000760501857,-0.3803913604748784]","[-0.20000000760501857,0.11960860974690463]","[0.8,-0.02046532135119846]","[0.8,-0.5204652915729815]","[0.8,-0.5204652915729815]",True,0.8,0.5204652915729815,0.40000001521003714,0.22693477342845914,"[0.40000001521003714,0.22693477342845914]","held command intervals starting in [0,.3); TV between held interval commands, includes initial u_B_plus, excludes u_minus-to-u_B_plus jump; incomplete window null"
E4,B_CANONICAL,"[0.8,-0.4294844161490038]",655,"[0.0,-0.40901909479780535]","[0.0,0.0909808754239777]","[0.8,-0.02046532135119846]","[0.8,-0.5204652915729815]","[0.8,-0.5204652915729815]",True,0.8,0.5204652915729815,0.0,0.11631267958211933,"[0.0,0.11631267958211933]","held command intervals starting in [0,.3); TV between held interval commands, includes initial u_B_plus, excludes u_minus-to-u_B_plus jump; incomplete window null"
