source,comparison,position_auc_09_m_s,position_auc_03_m_s,yaw_auc_03_rad_s,yaw_auc_09_rad_s,sustained_attachment_s,original_FRESH_endpoint_dwell_s,remaining_arc_at_attachment_m,linear_command_TV,angular_command_TV
E1,B_ENTRY_STAGE__minus__B_FULL_RAW,-0.0016478343666477824,-4.776891429654831e-05,-0.0014671024318336778,-0.003621381974215826,-0.08333333767950535,0.0,0.06577035043863666,-1.8695245351807444e-10,-0.014453147375516728
E1,B_CANONICAL__minus__B_FULL_RAW,0.010173598448608545,0.00134696132865849,-0.0010197053437317888,0.00048240016023963495,0.23333334550261497,-0.08333333767950535,-0.2632731347217694,-0.8000000224054734,-0.7224129362146634
E1,B_CANONICAL__minus__B_ENTRY_STAGE,0.011821432815256327,0.0013947302429550383,0.00044739708810188905,0.004103782134455461,0.3166666831821203,-0.08333333767950535,-0.32904348516040605,-0.800000022218521,-0.7079597888391467
E2,B_ENTRY_STAGE__minus__B_FULL_RAW,-0.010654156390697195,-0.0005363895513714051,-0.01114600336355833,-0.017546690129704612,0.0,-0.01666666753590107,0.0,-1.4573612538981706e-08,-1.2666520748586705
E2,B_CANONICAL__minus__B_FULL_RAW,0.001360320637177878,0.0001486574154232756,-0.005472608439754056,-0.012196843998665483,0.0,0.01666666753590107,0.0,-0.11629383423292472,-1.7643238175398361
E2,B_CANONICAL__minus__B_ENTRY_STAGE,0.012014477027875073,0.0006850469667946807,0.005673394923804274,0.005349846131039129,0.0,0.03333333507180214,0.0,-0.11629381965931218,-0.49767174268116565
E3,B_ENTRY_STAGE__minus__B_FULL_RAW,-0.0009459637827461814,-3.427165943516858e-05,-0.0007892291861068129,0.0001101721585275578,0.0,-0.01666666753590107,0.0,-0.2166929097340934,0.00511659437846701
E3,B_CANONICAL__minus__B_FULL_RAW,-0.011878079442505116,-0.0003631310001638473,0.0019866716950443855,0.03246866140175642,0.0,-0.03333333507180214,0.0,-0.4000000084012383,0.36362612793226434
E3,B_CANONICAL__minus__B_ENTRY_STAGE,-0.010932115659758934,-0.0003288593407286787,0.0027759008811511984,0.032358489243228865,0.0,-0.01666666753590107,0.0,-0.1833070986671449,0.35850953355379733
E4,B_ENTRY_STAGE__minus__B_FULL_RAW,-0.002003515422176118,-0.00015467003347746297,-0.0027306626164088667,-0.003140838527062033,0.0,0.0,0.0,-3.269053472365613e-09,-0.5587419492399537
E4,B_CANONICAL__minus__B_FULL_RAW,-0.00016069813117623732,7.403414290709648e-05,-0.0022631817494117856,-0.001970024461505883,0.0,-0.01666666753590107,0.0,-0.3999999520750184,-0.7672431729752947
E4,B_CANONICAL__minus__B_ENTRY_STAGE,0.0018428172909998805,0.00022870417638455945,0.00046748086699708105,0.00117081406555615,0.0,-0.01666666753590107,0.0,-0.3999999488059649,-0.20850122373534097
