source,method,valid,termination,initial_position_error_m,initial_yaw_error_rad,max_position_error_05_m,initial_separation_growth_m,position_auc_03_m_s,position_auc_09_m_s,yaw_auc_03_rad_s,yaw_auc_09_rad_s,sustained_attachment_s,attachment_fractional_row,attachment_fractional_arc,remaining_arc_at_attachment_m,execution_clearance_lower_bound_m,endpoint_error_m,linear_command_TV,angular_command_TV,max_abs_omega_radps,termination_reason,original_FRESH_endpoint_dwell_s,endpoint_dwell_index,endpoint_observation_status,first_endpoint_tube_entry_s,T_post_attach_s,executed_path_length_to_endpoint_dwell_m,mean_abs_commanded_v_before_endpoint_dwell_mps,execution_observation_horizon_s,name,sampled_only,navigation_task_completion_claim,attachment_original_arc_m,endpoint_error_at_3s_cap_m,projected_original_row_at_3s_cap,projected_original_arc_at_3s_cap_m,projected_original_arc_fraction_at_3s_cap,remaining_original_arc_at_3s_cap_m,nominal_cap_s,actual_fixed_cap_s,fixed_cap_observed,endpoint_dwell_projected_original_row,endpoint_dwell_projected_original_arc_m,max_abs_v_mps,safety_abort_tick
E1,B_FULL_RAW,True,OBSERVATION_CAP,0.051677232427019916,0.27762365035532577,0.10501060517930769,0.05333337275228777,0.023996455974999917,0.08374437900820181,0.06841335560640784,0.10619777712586512,0.7000000365078449,4.019229181630514,0.4449414592895251,0.7532723724201736,2.5379951791373436,0.04382556497223847,1.6000000318366718,3.2289230725680476,1.1801896898344162,OBSERVATION_CAP,1.5500000808387995,93,OBSERVED_ORIGINAL_FRESH_ENDPOINT_DWELL,1.5500000808387995,0.8500000443309546,1.15124083255973,0.7427359822695774,3.0000001564621925,original-FRESH endpoint dwell time,True,False,0.603831999770884,0.04382556497223847,9.0,1.3571043721910576,1.0,0.0,3.0,3.0000001564621925,True,8.449741779119263,1.2715286165478759,0.8,
E1,B_ENTRY_STAGE,True,OBSERVATION_CAP,0.051677232427019916,0.27762365035532577,0.10271393637041323,0.05103670394339332,0.02394868706070337,0.08209654464155403,0.06694625317457416,0.10257639515164929,0.6166666988283396,3.58012000334994,0.39647772150607824,0.8190427228588103,2.5379950944542955,0.04224743474975635,1.6000000316497194,3.214469925192531,1.2063405391649222,OBSERVATION_CAP,1.5500000808387995,93,OBSERVED_ORIGINAL_FRESH_ENDPOINT_DWELL,1.5500000808387995,0.9333333820104599,1.1511032312979501,0.7426472072666074,3.0000001564621925,original-FRESH endpoint dwell time,True,False,0.5380616493322473,0.04224743474975635,9.0,1.3571043721910576,1.0,0.0,3.0,3.0000001564621925,True,8.452351609358857,1.2719344954359664,0.8,
E1,B_CANONICAL,True,OBSERVATION_CAP,0.051677232427019916,0.27762365035532577,0.1198183234938093,0.0681410910667894,0.025343417303658407,0.09391797745681035,0.06739365026267605,0.10668017728610475,0.9333333820104599,5.7719625861288995,0.6389376913528796,0.48999923769840426,2.537987724294995,0.05612375029367471,0.8000000094311984,2.506510136353384,1.1700811017338277,OBSERVATION_CAP,1.4666667431592941,88,OBSERVED_ORIGINAL_FRESH_ENDPOINT_DWELL,1.4666667431592941,0.5333333611488342,1.1641004528906573,0.7937048128486982,3.0000001564621925,original-FRESH endpoint dwell time,True,False,0.8671051344926534,0.05612375029367471,9.0,1.3571043721910576,1.0,0.0,3.0,3.0000001564621925,True,8.51376495141856,1.2814854534296887,0.8,
E2,B_FULL_RAW,True,OBSERVATION_CAP,0.04777018782454907,0.17337681578237873,0.08806926670361824,0.040299078879069174,0.01916913749866498,0.06872001609307006,0.045709040475796346,0.07771421562599841,0.0,2.608703514765897,0.2870397102206786,0.968173457786317,0.5662595286415582,0.05352314748896276,1.4200289185680381,3.256613926956865,1.1038200031546386,OBSERVATION_CAP,1.183333395048976,71,OBSERVED_ORIGINAL_FRESH_ENDPOINT_DWELL,1.183333395048976,1.183333395048976,0.9105248956229889,0.7694576181426064,3.0000001564621925,original-FRESH endpoint dwell time,True,False,0.3897892109143343,0.05352314748896276,9.0,1.3579626687006514,1.0,0.0,3.0,3.0000001564621925,True,8.51208977836959,1.2814016361546314,0.8,
E2,B_ENTRY_STAGE,True,OBSERVATION_CAP,0.04777018782454907,0.17337681578237873,0.07266713688597155,0.024896949061422487,0.018632747947293575,0.058065859702372866,0.034563037112238015,0.0601675254962938,0.0,2.608703514765897,0.2870397102206786,0.968173457786317,0.5662639942431433,0.04110402555817367,1.4200289039944256,1.9899618520981943,0.9672751613659015,OBSERVATION_CAP,1.1666667275130749,70,OBSERVED_ORIGINAL_FRESH_ENDPOINT_DWELL,1.1666667275130749,1.1666667275130749,0.8983650889671728,0.7700271789546727,3.0000001564621925,original-FRESH endpoint dwell time,True,False,0.3897892109143343,0.04110402555817367,9.0,1.3579626687006514,1.0,0.0,3.0,3.0000001564621925,True,8.455303510212376,1.2724909490408765,0.8,
E2,B_CANONICAL,True,OBSERVATION_CAP,0.04777018782454907,0.17337681578237873,0.08712409397595632,0.03935390615140725,0.019317794914088256,0.07008033673024794,0.04023643203604229,0.06551737162733293,0.0,2.608703514765897,0.2870397102206786,0.968173457786317,0.5662713654017748,0.059973180392933645,1.3037350843351134,1.4922901094170287,0.6776966798046489,OBSERVATION_CAP,1.200000062584877,72,OBSERVED_ORIGINAL_FRESH_ENDPOINT_DWELL,1.200000062584877,1.200000062584877,0.9148150484655095,0.7623458339618244,3.0000001564621925,original-FRESH endpoint dwell time,True,False,0.3897892109143343,0.059973180392933645,9.0,1.3579626687006514,1.0,0.0,3.0,3.0000001564621925,True,8.542772758117449,1.2862162936611596,0.8,
E3,B_FULL_RAW,True,OBSERVATION_CAP,0.06094376778888808,0.13020934073234436,0.07082244781845595,0.00987868002956787,0.020508255304178675,0.056327027930049865,0.014311188235450741,0.043806894601698086,0.0,1.0820610045691663,0.12044224015363439,1.1910917472641231,0.3961828990596137,0.028299463761009346,1.2000000084012383,1.427521786381429,0.7769216651718712,OBSERVATION_CAP,1.416666740551591,85,OBSERVED_ORIGINAL_FRESH_ENDPOINT_DWELL,1.416666740551591,1.416666740551591,1.1049961191596724,0.7799972199032731,3.0000001564621925,original-FRESH endpoint dwell time,True,False,0.16310214612176877,0.028299463761009346,9.0,1.354193893385892,1.0,0.0,3.0,3.0000001564621925,True,8.418101148229868,1.266791602474497,0.8,
E3,B_ENTRY_STAGE,True,OBSERVATION_CAP,0.06094376778888808,0.13020934073234436,0.07040214654920489,0.009458378760316806,0.020473983644743506,0.055381064147303684,0.013521959049343928,0.043917066760225644,0.0,1.0820610045691663,0.12044224015363439,1.1910917472641231,0.3954814243111,0.026863270930331414,0.9833070986671449,1.432638380759896,0.7769216651718712,OBSERVATION_CAP,1.4000000730156898,84,OBSERVED_ORIGINAL_FRESH_ENDPOINT_DWELL,1.4000000730156898,1.4000000730156898,1.1041762327426958,0.7886972679681576,3.0000001564621925,original-FRESH endpoint dwell time,True,False,0.16310214612176877,0.026863270930331414,9.0,1.354193893385892,1.0,0.0,3.0,3.0000001564621925,True,8.412741897369374,1.265986633017432,0.8,
E3,B_CANONICAL,True,OBSERVATION_CAP,0.06094376778888808,0.13020934073234436,0.06939026425528524,0.008446496466397162,0.020145124304014828,0.04444894848754475,0.016297859930495127,0.07627555600345451,0.0,1.0820610045691663,0.12044224015363439,1.1910917472641231,0.36672586896571213,0.01897563848272993,0.8,1.7911479143136932,0.8451046339491205,OBSERVATION_CAP,1.3833334054797888,83,OBSERVED_ORIGINAL_FRESH_ENDPOINT_DWELL,1.3833334054797888,1.3833334054797888,1.103333389743837,0.7975903606268817,3.0000001564621925,original-FRESH endpoint dwell time,True,False,0.16310214612176877,0.01897563848272993,9.0,1.354193893385892,1.0,0.0,3.0,3.0000001564621925,True,8.394053443742468,1.2631795924886287,0.8,
E4,B_FULL_RAW,True,OBSERVATION_CAP,0.030876991436327626,0.1227766920994231,0.04895838419278223,0.018081392756454602,0.012303605523395402,0.038556535682264165,0.024051251075346686,0.04317255039193588,0.0,1.995137357397566,0.2253671174097765,1.0313633846680688,0.3867395315530682,0.028235724088978554,1.2000000235137949,1.8637275831191074,0.5773847906455526,OBSERVATION_CAP,1.200000062584877,72,OBSERVED_ORIGINAL_FRESH_ENDPOINT_DWELL,1.200000062584877,1.200000062584877,0.9393419515969821,0.7827849188387368,3.0000001564621925,original-FRESH endpoint dwell time,True,False,0.30005877394129443,0.028235724088978554,9.0,1.331422158609363,1.0,0.0,3.0,3.0000001564621925,True,8.290148561553853,1.2342506370606592,0.8,
E4,B_ENTRY_STAGE,True,OBSERVATION_CAP,0.030876991436327626,0.1227766920994231,0.04638535621646784,0.015508364780140213,0.01214893548991794,0.03655302026008805,0.02132058845893782,0.040031711864873844,0.0,1.995137357397566,0.2253671174097765,1.0313633846680688,0.38473971607998764,0.026796923977399557,1.2000000202447414,1.3049856338791537,0.5204652915729815,OBSERVATION_CAP,1.200000062584877,72,OBSERVED_ORIGINAL_FRESH_ENDPOINT_DWELL,1.200000062584877,1.200000062584877,0.939222788709236,0.7826856164374608,3.0000001564621925,original-FRESH endpoint dwell time,True,False,0.30005877394129443,0.026796923977399557,9.0,1.331422158609363,1.0,0.0,3.0,3.0000001564621925,True,8.291525721147531,1.2344391563562263,0.8,
E4,B_CANONICAL,True,OBSERVATION_CAP,0.030876991436327626,0.1227766920994231,0.04856483014751931,0.017687838711191686,0.012377639666302499,0.03839583755108793,0.0217880693259349,0.041202525930429994,0.0,1.995137357397566,0.2253671174097765,1.0313633846680688,0.38655545890576454,0.03005045129582942,0.8000000714387765,1.0964844101438127,0.5204652915729815,OBSERVATION_CAP,1.183333395048976,71,OBSERVED_ORIGINAL_FRESH_ENDPOINT_DWELL,1.183333395048976,1.183333395048976,0.9424707479112102,0.7964541116260841,3.0000001564621925,original-FRESH endpoint dwell time,True,False,0.30005877394129443,0.03005045129582942,9.0,1.331422158609363,1.0,0.0,3.0,3.0000001564621925,True,8.3132870708438,1.237418066232874,0.8,
