source,method,row_count,labels,nodes,total_XY_arc_m,min_segment_m,max_segment_m,reference_clearance_m,self_intersection,complete_reference_includes_B_to_entry
E1,B_FULL_RAW,11,"[""B"",""F_0"",""F_1"",""F_2"",""F_3"",""F_4"",""F_5"",""F_6"",""F_7"",""F_8"",""F_9""]","[[-29.31834583142956,7.109119467800358,0.1009777716443594],[-29.476512349854467,7.114807003035964,0.24706564433992018],[-29.33302800109732,7.158669117822549,0.37899225540578474],[-29.19830209056656,7.225500660050216,0.4989465434116136],[-29.067478056951884,7.300404711217133,0.5546873766940843],[-28.940675232350404,7.380095312882293,0.5580098588031541],[-28.813895608686824,7.460521491628247,0.5706956941646348],[-28.68752564218223,7.541879999670819,0.5711290795367967],[-28.56150391885747,7.623485735703821,0.5773081142467271],[-28.436043429915788,7.7058316349461435,0.5817019302409898],[-28.30636455328393,7.791678193584229,0.5856609899562608]]",1.5153731170768134,0.1497649769494491,0.15826874488575576,2.3816439576221584,False,True
E1,B_ENTRY_STAGE,11,"[""B"",""E*"",""F_1"",""F_2"",""F_3"",""F_4"",""F_5"",""F_6"",""F_7"",""F_8"",""F_9""]","[[-29.31834583142956,7.109119467800358,0.1009777716443594],[-29.33345307437324,7.158539176034593,0.3786014219996853],[-29.33302800109732,7.158669117822549,0.37899225540578474],[-29.19830209056656,7.225500660050216,0.49894654341161365],[-29.067478056951884,7.300404711217133,0.5546873766940843],[-28.940675232350404,7.380095312882293,0.5580098588031541],[-28.813895608686824,7.460521491628247,0.5706956941646348],[-28.68752564218223,7.541879999670819,0.5711290795367966],[-28.56150391885747,7.623485735703821,0.5773081142467271],[-28.436043429915788,7.7058316349461435,0.5817019302409898],[-28.30636455328393,7.791678193584229,0.5856609899562608]]",1.2591872890295635,0.00044449089772312275,0.15551926785611683,2.5144101962361587,False,True
E1,B_CANONICAL,11,"[""B"",""X_0"",""X_1"",""X_2"",""X_3"",""X_4"",""X_5"",""X_6"",""X_7"",""X_8"",""X_9""]","[[-29.31834583142956,7.109119467800358,0.1009777716443594],[-29.175454380646972,7.145002563314416,0.29534470725701123],[-29.04212079332803,7.194482082050107,0.4271445176306363],[-28.931603506297627,7.2641245975354485,0.5454877764065351],[-28.840790767212724,7.338108197066917,0.5969542526072802],[-28.76675171260824,7.41276278403324,0.5927066079695766],[-28.696917129060452,7.48511929783994,0.5955630004260666],[-28.620876809192428,7.557469972095506,0.5861099354353327],[-28.530879000459333,7.63141563412713,0.5845618064889799],[-28.42559617732684,7.708822019340018,0.5843227813450453],[-28.303502688730095,7.792610502375192,0.5863947723788621]]",1.2432096411948337,0.10056010217552591,0.14807879607512855,2.538020226551211,False,True
E2,B_FULL_RAW,11,"[""B"",""F_0"",""F_1"",""F_2"",""F_3"",""F_4"",""F_5"",""F_6"",""F_7"",""F_8"",""F_9""]","[[-24.26639474565365,9.632234481839049,0.41469453398132927],[-24.619386325076423,9.451595628958616,0.4669840372938112],[-24.483424830981985,9.514682002842749,0.3919066823858217],[-24.342622602369968,9.563423681187635,0.2870260216134981],[-24.197941379275314,9.600438725523041,0.21193477882327594],[-24.050151270148007,9.627150205407188,0.140405271186252],[-23.901990240224762,9.643352749077188,0.0934438444513277],[-23.754247885553276,9.655807425943017,0.0661422349351839],[-23.604712316502667,9.663765652087555,0.0583680011171297],[-23.44937014892611,9.67232948797717,0.040228579177279844],[-23.292578377062416,9.678577968302898,0.04274645818652667]]",1.7544894021163737,0.14826638978442613,0.3965267334157223,0.3856524076628753,False,True
E2,B_ENTRY_STAGE,9,"[""B"",""E*"",""F_3"",""F_4"",""F_5"",""F_6"",""F_7"",""F_8"",""F_9""]","[[-24.26639474565365,9.632234481839049,0.41469453398132927],[-24.254554633351624,9.585954868773811,0.2413177181989506],[-24.197941379275314,9.600438725523041,0.21193477882327594],[-24.050151270148007,9.627150205407188,0.140405271186252],[-23.901990240224762,9.643352749077188,0.0934438444513277],[-23.754247885553276,9.655807425943017,0.0661422349351839],[-23.604712316502667,9.663765652087555,0.05836800111712969],[-23.44937014892611,9.67232948797717,0.040228579177279844],[-23.292578377062416,9.678577968302898,0.04274645818652667]]",1.0159436456108677,0.04777018782454907,0.1569162299780936,0.5200105413485903,False,True
E2,B_CANONICAL,11,"[""B"",""X_0"",""X_1"",""X_2"",""X_3"",""X_4"",""X_5"",""X_6"",""X_7"",""X_8"",""X_9""]","[[-24.26639474565365,9.632234481839049,0.41469453398132927],[-24.130168809660166,9.680921747575047,0.30951737451520467],[-23.999465282373144,9.716961077321384,0.23781814287485314],[-23.88883769292231,9.731441710862699,0.14266678114187226],[-23.80412407519152,9.728282856014719,0.08562998027684454],[-23.74221012149331,9.713418210344543,0.0401646132461444],[-23.690869379282585,9.69334841770716,0.023747256510014747],[-23.631097163681453,9.679684255601776,0.024994272796870387],[-23.546774570595225,9.672499291944497,0.03895541570577965],[-23.42939099638268,9.674434271279562,0.03354902129652393],[-23.287000333647644,9.678872609852736,0.04088507515482975]]",1.0011890169390323,0.05512411801794024,0.14466497669494247,0.566290190311511,False,True
E3,B_FULL_RAW,11,"[""B"",""F_0"",""F_1"",""F_2"",""F_3"",""F_4"",""F_5"",""F_6"",""F_7"",""F_8"",""F_9""]","[[18.112124106613987,26.870139352251478,2.9940201200106173],[18.274144773763943,26.806374146772125,3.124257651409339],[18.123441716738018,26.808990112917943,3.1242278490869513],[17.97264506183799,26.81160569125396,3.1242474888174048],[17.82218515073297,26.81420980071268,3.1242451046316138],[17.672001246450183,26.816813461502953,3.1243022058813086],[17.52161724953422,26.8194140748995,3.1243280146924963],[17.37115180086533,26.821999403013283,3.1241407070962897],[17.220660858008902,26.824727702559994,3.122821090063285],[17.070341295753842,26.827662405100234,3.1212559614984503],[16.920176105607954,26.830981283629804,3.1179603014795294]]",1.5283108024255976,0.15020186179353662,0.17411690903970561,0.3593838391311876,False,True
E3,B_ENTRY_STAGE,10,"[""B"",""E*"",""F_2"",""F_3"",""F_4"",""F_5"",""F_6"",""F_7"",""F_8"",""F_9""]","[[18.112124106613987,26.870139352251478,2.9940201200106173],[18.111067191751253,26.809204749903724,3.1242294607429617],[17.97264506183799,26.81160569125396,3.1242474888174048],[17.82218515073297,26.81420980071268,3.1242451046316138],[17.672001246450183,26.816813461502953,3.1243022058813086],[17.52161724953422,26.8194140748995,3.1243280146924963],[17.37115180086533,26.821999403013283,3.1241407070962897],[17.220660858008902,26.824727702559994,3.122821090063285],[17.070341295753842,26.827662405100234,3.1212559614984503],[16.920176105607954,26.830981283629804,3.1179603014795294]]",1.252035515053013,0.06094376778888808,0.15051567194227167,0.3593838391311876,False,True
E3,B_CANONICAL,11,"[""B"",""X_0"",""X_1"",""X_2"",""X_3"",""X_4"",""X_5"",""X_6"",""X_7"",""X_8"",""X_9""]","[[18.112124106613987,26.870139352251478,2.9940201200106173],[17.965541258547454,26.85284558404794,-3.028527765069654],[17.824066522793995,26.83558265085775,-3.03201628581083],[17.696211873331897,26.819280233858386,-3.0416530208599495],[17.585260105858154,26.8064961129611,-3.0589552804122717],[17.48865394447962,26.79988006060125,-3.0825626230273855],[17.397271292238656,26.800509318029658,-3.1082741325040555],[17.29975616405466,26.8069014808169,-3.130928745114041],[17.18766882116326,26.815822371868602,3.135266724882796],[17.059044203856686,26.823987872364686,3.125290268068049],[16.91699606052297,26.829777688328154,3.11909471893264]]",1.2001322791811413,0.09138481873650547,0.14759947752608732,0.3462769945130573,False,True
E4,B_FULL_RAW,11,"[""B"",""F_0"",""F_1"",""F_2"",""F_3"",""F_4"",""F_5"",""F_6"",""F_7"",""F_8"",""F_9""]","[[-23.43446795769052,9.486100549591834,0.16465090276013195],[-23.73111620568166,9.426824956326202,0.14818930151741183],[-23.582086168692797,9.446136619230545,0.0981957865027634],[-23.431852321556153,9.45532584043602,0.04159900071899569],[-23.281568447418124,9.46013763306602,0.012467260387345913],[-23.131347777632662,9.460815024401366,-0.0012100237341674536],[-22.98205976050157,9.46008794365239,-0.008516748520925876],[-22.832955057432272,9.45877647425073,-0.01935786483009183],[-22.68594880324329,9.455600119421986,-0.02521595833022916],[-22.538280622151024,9.451777993050445,-0.04442042586524808],[-22.401521841810077,9.445787003586519,-0.05520073053558194]]",1.633934602970261,0.13688994102964794,0.302512444360898,0.3493961081905513,False,True
E4,B_ENTRY_STAGE,10,"[""B"",""E*"",""F_2"",""F_3"",""F_4"",""F_5"",""F_6"",""F_7"",""F_8"",""F_9""]","[[-23.43446795769052,9.486100549591834,0.16465090276013195],[-23.43258285506157,9.455281156537502,0.041874210660708684],[-23.431852321556153,9.45532584043602,0.04159900071899569],[-23.281568447418124,9.46013763306602,0.012467260387345913],[-23.131347777632662,9.460815024401366,-0.0012100237341674536],[-22.98205976050157,9.46008794365239,-0.008516748520925876],[-22.832955057432272,9.45877647425073,-0.019357864830091828],[-22.68594880324329,9.455600119421986,-0.025215958330229164],[-22.538280622151024,9.451777993050445,-0.04442042586524808],[-22.401521841810077,9.445787003586519,-0.05520073053558194]]",1.062240376104397,0.0007318987999173246,0.15036088645072962,0.3683465609931404,False,True
E4,B_CANONICAL,11,"[""B"",""X_0"",""X_1"",""X_2"",""X_3"",""X_4"",""X_5"",""X_6"",""X_7"",""X_8"",""X_9""]","[[-23.43446795769052,9.486100549591834,0.16465090276013195],[-23.28901461381312,9.499580757120471,0.07273018027933542],[-23.150995032102834,9.506249351300454,0.024282775903070597],[-23.032749501432168,9.501214049664949,-0.02752392000838011],[-22.939474554605578,9.491271523760682,-0.04756812759960516],[-22.867558582990362,9.478565254627457,-0.04799491845527237],[-22.804352662423035,9.467858701801743,-0.040212702014172486],[-22.731994293967123,9.460801334986488,-0.037418938041760885],[-22.63988474222212,9.455449351704555,-0.03343037047596864],[-22.522818939885372,9.451361773108497,-0.04717280162218351],[-22.397126350026312,9.445561430460272,-0.05598405999945966]]",1.0414795608801746,0.06410630755372722,0.14607666220218785,0.3681210438131191,False,True
