source,method,first
E1,B_FULL_RAW,"{""submit_tick"":192,""elapsed_s"":0.06666667014360428,""input_pose"":[-29.265409698253443,7.11558549206056,0.14211332400914145],""nearest_identity"":""B"",""first_H5_identity"":""F_0"",""H5_identities"":[""F_0"",""F_1"",""F_2"",""F_3"",""F_4""],""H5_poses"":[[-29.476512349854467,7.114807003035964,0.24706564433992018],[-29.33302800109732,7.158669117822549,0.37899225540578474],[-29.19830209056656,7.225500660050216,0.49894654341161365],[-29.067478056951884,7.300404711217133,0.5546873766940843],[-28.940675232350404,7.380095312882293,0.5580098588031541]],""H5_original_metadata"":[{""label"":""F_0"",""original_raw_id"":0,""fractional_original_row"":0.0,""original_arc_m"":0.0,""original_arc_fraction"":0.0},{""label"":""F_1"",""original_raw_id"":1,""fractional_original_row"":1.0,""original_arc_m"":0.15003880648623716,""original_arc_fraction"":0.11055804517378284},{""label"":""F_2"",""original_raw_id"":2,""fractional_original_row"":2.0,""original_arc_m"":0.30043004959856134,""original_arc_fraction"":0.22137578785743225},{""label"":""F_3"",""original_raw_id"":3,""fractional_original_row"":3.0,""original_arc_m"":0.4511799904026293,""original_arc_fraction"":0.3324578415985758},{""label"":""F_4"",""original_raw_id"":4,""fractional_original_row"":4.0,""original_arc_m"":0.6009449673520784,""original_arc_fraction"":0.44281411191819176}],""first_H5_original_arc_m"":0.0,""B_in_H5"":false,""entry_in_H5"":false,""bridge_1_in_H5"":false,""any_derived_in_H5"":false,""application_tick"":193,""withheld"":false,""first_original_identity"":{""label"":""F_0"",""original_raw_id"":0,""fractional_original_row"":0.0,""original_arc_m"":0.0,""original_arc_fraction"":0.0}}"
E1,B_ENTRY_STAGE,"{""submit_tick"":192,""elapsed_s"":0.06666667014360428,""input_pose"":[-29.265409698253443,7.11558549206056,0.14211332400914145],""nearest_identity"":""B"",""first_H5_identity"":""E*"",""H5_identities"":[""E*"",""F_1"",""F_2"",""F_3"",""F_4""],""H5_poses"":[[-29.333453074373235,7.158539176034594,0.37860142199968505],[-29.33302800109732,7.158669117822549,0.37899225540578474],[-29.19830209056656,7.225500660050216,0.49894654341161365],[-29.067478056951884,7.300404711217133,0.5546873766940843],[-28.940675232350404,7.380095312882293,0.5580098588031541]],""H5_original_metadata"":[{""label"":""E*"",""original_raw_id"":null,""fractional_original_row"":0.9970374937782311,""original_arc_m"":0.1495943155885149,""original_arc_fraction"":0.11023051627708891},{""label"":""F_1"",""original_raw_id"":1,""fractional_original_row"":1.0,""original_arc_m"":0.15003880648623716,""original_arc_fraction"":0.11055804517378284},{""label"":""F_2"",""original_raw_id"":2,""fractional_original_row"":2.0,""original_arc_m"":0.30043004959856134,""original_arc_fraction"":0.22137578785743225},{""label"":""F_3"",""original_raw_id"":3,""fractional_original_row"":3.0,""original_arc_m"":0.4511799904026293,""original_arc_fraction"":0.3324578415985758},{""label"":""F_4"",""original_raw_id"":4,""fractional_original_row"":4.0,""original_arc_m"":0.6009449673520784,""original_arc_fraction"":0.44281411191819176}],""first_H5_original_arc_m"":0.1495943155885149,""B_in_H5"":false,""entry_in_H5"":true,""bridge_1_in_H5"":false,""any_derived_in_H5"":true,""application_tick"":193,""withheld"":false,""first_original_identity"":{""label"":""E*"",""original_raw_id"":null,""fractional_original_row"":0.9970374937782311,""original_arc_m"":0.1495943155885149,""original_arc_fraction"":0.11023051627708891}}"
E1,B_CANONICAL,"{""submit_tick"":192,""elapsed_s"":0.06666667014360428,""input_pose"":[-29.265409698253443,7.11558549206056,0.14211332400914145],""nearest_identity"":""B"",""first_H5_identity"":""X_0"",""H5_identities"":[""X_0"",""X_1"",""X_2"",""X_3"",""X_4""],""H5_poses"":[[-29.175454380646972,7.145002563314417,0.29534470725701123],[-29.042120793328028,7.194482082050107,0.4271445176306363],[-28.931603506297627,7.26412459753545,0.5454877764065351],[-28.840790767212724,7.3381081970669175,0.5969542526072802],[-28.76675171260824,7.412762784033241,0.5927066079695766]],""H5_original_metadata"":[{""label"":""X_0"",""original_raw_id"":0,""fractional_original_row"":0.0,""original_arc_m"":0.0,""original_arc_fraction"":0.0},{""label"":""X_1"",""original_raw_id"":1,""fractional_original_row"":1.0,""original_arc_m"":0.15003880648623716,""original_arc_fraction"":0.11055804517378284},{""label"":""X_2"",""original_raw_id"":2,""fractional_original_row"":2.0,""original_arc_m"":0.30043004959856134,""original_arc_fraction"":0.22137578785743225},{""label"":""X_3"",""original_raw_id"":3,""fractional_original_row"":3.0,""original_arc_m"":0.4511799904026293,""original_arc_fraction"":0.3324578415985758},{""label"":""X_4"",""original_raw_id"":4,""fractional_original_row"":4.0,""original_arc_m"":0.6009449673520784,""original_arc_fraction"":0.44281411191819176}],""first_H5_original_arc_m"":0.0,""B_in_H5"":false,""entry_in_H5"":false,""bridge_1_in_H5"":false,""any_derived_in_H5"":false,""application_tick"":193,""withheld"":false,""first_original_identity"":{""label"":""X_0"",""original_raw_id"":0,""fractional_original_row"":0.0,""original_arc_m"":0.0,""original_arc_fraction"":0.0}}"
E2,B_FULL_RAW,"{""submit_tick"":678,""elapsed_s"":0.08333333767950535,""input_pose"":[-24.206248663828934,9.656855062795367,0.36238055749528675],""nearest_identity"":""B"",""first_H5_identity"":""F_0"",""H5_identities"":[""F_0"",""F_1"",""F_2"",""F_3"",""F_4""],""H5_poses"":[[-24.619386325076423,9.451595628958616,0.4669840372938112],[-24.483424830981985,9.514682002842749,0.3919066823858217],[-24.342622602369968,9.563423681187635,0.2870260216134981],[-24.197941379275314,9.600438725523041,0.21193477882327594],[-24.050151270148007,9.627150205407188,0.140405271186252]],""H5_original_metadata"":[{""label"":""F_0"",""original_raw_id"":0,""fractional_original_row"":0.0,""original_arc_m"":0.0,""original_arc_fraction"":0.0},{""label"":""F_1"",""original_raw_id"":1,""fractional_original_row"":1.0,""original_arc_m"":0.14988468382807016,""original_arc_fraction"":0.11037467176581911},{""label"":""F_2"",""original_raw_id"":2,""fractional_original_row"":2.0,""original_arc_m"":0.29888474688170463,""original_arc_fraction"":0.22009791120965685},{""label"":""F_3"",""original_raw_id"":3,""fractional_original_row"":3.0,""original_arc_m"":0.4482258658788422,""original_arc_fraction"":0.330072303318707},{""label"":""F_4"",""original_raw_id"":4,""fractional_original_row"":4.0,""original_arc_m"":0.5984104839775759,""original_arc_fraction"":0.44066784586218194}],""first_H5_original_arc_m"":0.0,""B_in_H5"":false,""entry_in_H5"":false,""bridge_1_in_H5"":false,""any_derived_in_H5"":false,""application_tick"":679,""withheld"":false,""first_original_identity"":{""label"":""F_0"",""original_raw_id"":0,""fractional_original_row"":0.0,""original_arc_m"":0.0,""original_arc_fraction"":0.0}}"
E2,B_ENTRY_STAGE,"{""submit_tick"":678,""elapsed_s"":0.08333333767950535,""input_pose"":[-24.206248663828934,9.656855062795367,0.36238055749528675],""nearest_identity"":""B"",""first_H5_identity"":""E*"",""H5_identities"":[""E*"",""F_3"",""F_4"",""F_5"",""F_6""],""H5_poses"":[[-24.254554633351628,9.585954868773813,0.24131771819895054],[-24.197941379275314,9.600438725523041,0.21193477882327594],[-24.050151270148007,9.627150205407188,0.140405271186252],[-23.901990240224762,9.643352749077188,0.0934438444513277],[-23.754247885553276,9.655807425943017,0.0661422349351839]],""H5_original_metadata"":[{""label"":""E*"",""original_raw_id"":null,""fractional_original_row"":2.6087035147658963,""original_arc_m"":0.38978921091433427,""original_arc_fraction"":0.28703971022067853},{""label"":""F_3"",""original_raw_id"":3,""fractional_original_row"":3.0,""original_arc_m"":0.4482258658788422,""original_arc_fraction"":0.330072303318707},{""label"":""F_4"",""original_raw_id"":4,""fractional_original_row"":4.0,""original_arc_m"":0.5984104839775759,""original_arc_fraction"":0.44066784586218194},{""label"":""F_5"",""original_raw_id"":5,""fractional_original_row"":5.0,""original_arc_m"":0.7474548170107199,""original_arc_fraction"":0.5504236855980085},{""label"":""F_6"",""original_raw_id"":6,""fractional_original_row"":6.0,""original_arc_m"":0.8957212067951461,""original_arc_fraction"":0.6596066500504061}],""first_H5_original_arc_m"":0.38978921091433427,""B_in_H5"":false,""entry_in_H5"":true,""bridge_1_in_H5"":false,""any_derived_in_H5"":true,""application_tick"":679,""withheld"":false,""first_original_identity"":{""label"":""E*"",""original_raw_id"":null,""fractional_original_row"":2.6087035147658963,""original_arc_m"":0.38978921091433427,""original_arc_fraction"":0.28703971022067853}}"
E2,B_CANONICAL,"{""submit_tick"":678,""elapsed_s"":0.08333333767950535,""input_pose"":[-24.206248663828934,9.656855062795367,0.36238055749528675],""nearest_identity"":""B"",""first_H5_identity"":""X_0"",""H5_identities"":[""X_0"",""X_1"",""X_2"",""X_3"",""X_4""],""H5_poses"":[[-24.130168809660166,9.680921747575047,0.3095173745152046],[-23.999465282373148,9.716961077321386,0.23781814287485312],[-23.88883769292231,9.731441710862702,0.14266678114187226],[-23.804124075191524,9.72828285601472,0.08562998027684454],[-23.742210121493315,9.713418210344544,0.0401646132461444]],""H5_original_metadata"":[{""label"":""X_0"",""original_raw_id"":0,""fractional_original_row"":0.0,""original_arc_m"":0.0,""original_arc_fraction"":0.0},{""label"":""X_1"",""original_raw_id"":1,""fractional_original_row"":1.0,""original_arc_m"":0.14988468382807016,""original_arc_fraction"":0.11037467176581911},{""label"":""X_2"",""original_raw_id"":2,""fractional_original_row"":2.0,""original_arc_m"":0.29888474688170463,""original_arc_fraction"":0.22009791120965685},{""label"":""X_3"",""original_raw_id"":3,""fractional_original_row"":3.0,""original_arc_m"":0.4482258658788422,""original_arc_fraction"":0.330072303318707},{""label"":""X_4"",""original_raw_id"":4,""fractional_original_row"":4.0,""original_arc_m"":0.5984104839775759,""original_arc_fraction"":0.44066784586218194}],""first_H5_original_arc_m"":0.0,""B_in_H5"":false,""entry_in_H5"":false,""bridge_1_in_H5"":false,""any_derived_in_H5"":false,""application_tick"":679,""withheld"":false,""first_original_identity"":{""label"":""X_0"",""original_raw_id"":0,""fractional_original_row"":0.0,""original_arc_m"":0.0,""original_arc_fraction"":0.0}}"
E3,B_FULL_RAW,"{""submit_tick"":192,""elapsed_s"":0.05000000260770321,""input_pose"":[18.072454595505945,26.875250992203174,3.032866205295191],""nearest_identity"":""B"",""first_H5_identity"":""F_0"",""H5_identities"":[""F_0"",""F_1"",""F_2"",""F_3"",""F_4""],""H5_poses"":[[18.274144773763943,26.806374146772125,3.124257651409339],[18.123441716738018,26.808990112917943,3.1242278490869513],[17.97264506183799,26.81160569125396,3.1242474888174048],[17.82218515073297,26.81420980071268,3.1242451046316138],[17.672001246450183,26.816813461502953,3.1243022058813086]],""H5_original_metadata"":[{""label"":""F_0"",""original_raw_id"":0,""fractional_original_row"":0.0,""original_arc_m"":0.0,""original_arc_fraction"":0.0},{""label"":""F_1"",""original_raw_id"":1,""fractional_original_row"":1.0,""original_arc_m"":0.1507257598283564,""original_arc_fraction"":0.11130293864455161},{""label"":""F_2"",""original_raw_id"":2,""fractional_original_row"":2.0,""original_arc_m"":0.3015450967154736,""original_arc_fraction"":0.2226749789585302},{""label"":""F_3"",""original_raw_id"":3,""fractional_original_row"":3.0,""original_arc_m"":0.4520275416577446,""original_arc_fraction"":0.33379824253049895},{""label"":""F_4"",""original_raw_id"":4,""fractional_original_row"":4.0,""original_arc_m"":0.6022340134062425,""original_arc_fraction"":0.44471771461062815}],""first_H5_original_arc_m"":0.0,""B_in_H5"":false,""entry_in_H5"":false,""bridge_1_in_H5"":false,""any_derived_in_H5"":false,""application_tick"":193,""withheld"":false,""first_original_identity"":{""label"":""F_0"",""original_raw_id"":0,""fractional_original_row"":0.0,""original_arc_m"":0.0,""original_arc_fraction"":0.0}}"
E3,B_ENTRY_STAGE,"{""submit_tick"":192,""elapsed_s"":0.05000000260770321,""input_pose"":[18.072454595505945,26.875250992203174,3.032866205295191],""nearest_identity"":""B"",""first_H5_identity"":""E*"",""H5_identities"":[""E*"",""F_2"",""F_3"",""F_4"",""F_5""],""H5_poses"":[[18.111067191751253,26.809204749903724,3.1242294607429617],[17.97264506183799,26.81160569125396,3.1242474888174048],[17.82218515073297,26.81420980071268,3.1242451046316138],[17.672001246450183,26.816813461502953,3.1243022058813086],[17.52161724953422,26.8194140748995,3.1243280146924963]],""H5_original_metadata"":[{""label"":""E*"",""original_raw_id"":null,""fractional_original_row"":1.082061004569166,""original_arc_m"":0.16310214612176874,""original_arc_fraction"":0.12044224015363438},{""label"":""F_2"",""original_raw_id"":2,""fractional_original_row"":2.0,""original_arc_m"":0.3015450967154736,""original_arc_fraction"":0.2226749789585302},{""label"":""F_3"",""original_raw_id"":3,""fractional_original_row"":3.0,""original_arc_m"":0.4520275416577446,""original_arc_fraction"":0.33379824253049895},{""label"":""F_4"",""original_raw_id"":4,""fractional_original_row"":4.0,""original_arc_m"":0.6022340134062425,""original_arc_fraction"":0.44471771461062815},{""label"":""F_5"",""original_raw_id"":5,""fractional_original_row"":5.0,""original_arc_m"":0.7526404950433667,""original_arc_fraction"":0.5557848833312482}],""first_H5_original_arc_m"":0.16310214612176874,""B_in_H5"":false,""entry_in_H5"":true,""bridge_1_in_H5"":false,""any_derived_in_H5"":true,""application_tick"":193,""withheld"":false,""first_original_identity"":{""label"":""E*"",""original_raw_id"":null,""fractional_original_row"":1.082061004569166,""original_arc_m"":0.16310214612176874,""original_arc_fraction"":0.12044224015363438}}"
E3,B_CANONICAL,"{""submit_tick"":192,""elapsed_s"":0.05000000260770321,""input_pose"":[18.072454595505945,26.875250992203174,3.032866205295191],""nearest_identity"":""B"",""first_H5_identity"":""X_0"",""H5_identities"":[""X_0"",""X_1"",""X_2"",""X_3"",""X_4""],""H5_poses"":[[17.965541258547454,26.85284558404794,3.254657542109932],[17.824066522793995,26.835582650857752,3.251169021368757],[17.696211873331897,26.819280233858386,3.2415322863196367],[17.585260105858154,26.8064961129611,3.2242300267673136],[17.48865394447962,26.799880060601254,3.2006226841522007]],""H5_original_metadata"":[{""label"":""X_0"",""original_raw_id"":0,""fractional_original_row"":0.0,""original_arc_m"":0.0,""original_arc_fraction"":0.0},{""label"":""X_1"",""original_raw_id"":1,""fractional_original_row"":1.0,""original_arc_m"":0.1507257598283564,""original_arc_fraction"":0.11130293864455161},{""label"":""X_2"",""original_raw_id"":2,""fractional_original_row"":2.0,""original_arc_m"":0.3015450967154736,""original_arc_fraction"":0.2226749789585302},{""label"":""X_3"",""original_raw_id"":3,""fractional_original_row"":3.0,""original_arc_m"":0.4520275416577446,""original_arc_fraction"":0.33379824253049895},{""label"":""X_4"",""original_raw_id"":4,""fractional_original_row"":4.0,""original_arc_m"":0.6022340134062425,""original_arc_fraction"":0.44471771461062815}],""first_H5_original_arc_m"":0.0,""B_in_H5"":false,""entry_in_H5"":false,""bridge_1_in_H5"":false,""any_derived_in_H5"":false,""application_tick"":193,""withheld"":false,""first_original_identity"":{""label"":""X_0"",""original_raw_id"":0,""fractional_original_row"":0.0,""original_arc_m"":0.0,""original_arc_fraction"":0.0}}"
E4,B_FULL_RAW,"{""submit_tick"":654,""elapsed_s"":0.08333333767950535,""input_pose"":[-23.36848659816889,9.49559836138403,0.12127879286701804],""nearest_identity"":""B"",""first_H5_identity"":""F_0"",""H5_identities"":[""F_0"",""F_1"",""F_2"",""F_3"",""F_4""],""H5_poses"":[[-23.73111620568166,9.426824956326202,0.14818930151741183],[-23.582086168692797,9.446136619230545,0.0981957865027634],[-23.431852321556153,9.45532584043602,0.04159900071899569],[-23.281568447418124,9.46013763306602,0.012467260387345913],[-23.131347777632662,9.460815024401366,-0.0012100237341674536]],""H5_original_metadata"":[{""label"":""F_0"",""original_raw_id"":0,""fractional_original_row"":0.0,""original_arc_m"":0.0,""original_arc_fraction"":0.0},{""label"":""F_1"",""original_raw_id"":1,""fractional_original_row"":1.0,""original_arc_m"":0.150276053478365,""original_arc_fraction"":0.11286882414164157},{""label"":""F_2"",""original_raw_id"":2,""fractional_original_row"":2.0,""original_arc_m"":0.30079067274121113,""original_arc_fraction"":0.22591682945654099},{""label"":""F_3"",""original_raw_id"":3,""fractional_original_row"":3.0,""original_arc_m"":0.4511515591919407,""original_arc_fraction"":0.3388493696568466},{""label"":""F_4"",""original_raw_id"":4,""fractional_original_row"":4.0,""original_arc_m"":0.6013737562528743,""original_arc_fraction"":0.45167774350473033}],""first_H5_original_arc_m"":0.0,""B_in_H5"":false,""entry_in_H5"":false,""bridge_1_in_H5"":false,""any_derived_in_H5"":false,""application_tick"":655,""withheld"":false,""first_original_identity"":{""label"":""F_0"",""original_raw_id"":0,""fractional_original_row"":0.0,""original_arc_m"":0.0,""original_arc_fraction"":0.0}}"
E4,B_ENTRY_STAGE,"{""submit_tick"":654,""elapsed_s"":0.08333333767950535,""input_pose"":[-23.36848659816889,9.49559836138403,0.12127879286701804],""nearest_identity"":""B"",""first_H5_identity"":""E*"",""H5_identities"":[""E*"",""F_2"",""F_3"",""F_4"",""F_5""],""H5_poses"":[[-23.43258285506157,9.4552811565375,0.041874210660708844],[-23.431852321556153,9.45532584043602,0.04159900071899569],[-23.281568447418124,9.46013763306602,0.012467260387345913],[-23.131347777632662,9.460815024401366,-0.0012100237341674536],[-22.98205976050157,9.46008794365239,-0.008516748520925876]],""H5_original_metadata"":[{""label"":""E*"",""original_raw_id"":null,""fractional_original_row"":1.9951373573975657,""original_arc_m"":0.30005877394129443,""original_arc_fraction"":0.22536711740977652},{""label"":""F_2"",""original_raw_id"":2,""fractional_original_row"":2.0,""original_arc_m"":0.30079067274121113,""original_arc_fraction"":0.22591682945654099},{""label"":""F_3"",""original_raw_id"":3,""fractional_original_row"":3.0,""original_arc_m"":0.4511515591919407,""original_arc_fraction"":0.3388493696568466},{""label"":""F_4"",""original_raw_id"":4,""fractional_original_row"":4.0,""original_arc_m"":0.6013737562528743,""original_arc_fraction"":0.45167774350473033},{""label"":""F_5"",""original_raw_id"":5,""fractional_original_row"":5.0,""original_arc_m"":0.750663543932235,""original_arc_fraction"":0.56380580650414}],""first_H5_original_arc_m"":0.30005877394129443,""B_in_H5"":false,""entry_in_H5"":true,""bridge_1_in_H5"":false,""any_derived_in_H5"":true,""application_tick"":655,""withheld"":false,""first_original_identity"":{""label"":""E*"",""original_raw_id"":null,""fractional_original_row"":1.9951373573975657,""original_arc_m"":0.30005877394129443,""original_arc_fraction"":0.22536711740977652}}"
E4,B_CANONICAL,"{""submit_tick"":654,""elapsed_s"":0.08333333767950535,""input_pose"":[-23.36848659816889,9.49559836138403,0.12127879286701804],""nearest_identity"":""B"",""first_H5_identity"":""X_0"",""H5_identities"":[""X_0"",""X_1"",""X_2"",""X_3"",""X_4""],""H5_poses"":[[-23.28901461381312,9.49958075712047,0.07273018027933542],[-23.15099503210283,9.506249351300452,0.024282775903070597],[-23.032749501432168,9.501214049664949,-0.02752392000838011],[-22.939474554605578,9.49127152376068,-0.04756812759960515],[-22.867558582990362,9.478565254627457,-0.04799491845527237]],""H5_original_metadata"":[{""label"":""X_0"",""original_raw_id"":0,""fractional_original_row"":0.0,""original_arc_m"":0.0,""original_arc_fraction"":0.0},{""label"":""X_1"",""original_raw_id"":1,""fractional_original_row"":1.0,""original_arc_m"":0.150276053478365,""original_arc_fraction"":0.11286882414164157},{""label"":""X_2"",""original_raw_id"":2,""fractional_original_row"":2.0,""original_arc_m"":0.30079067274121113,""original_arc_fraction"":0.22591682945654099},{""label"":""X_3"",""original_raw_id"":3,""fractional_original_row"":3.0,""original_arc_m"":0.4511515591919407,""original_arc_fraction"":0.3388493696568466},{""label"":""X_4"",""original_raw_id"":4,""fractional_original_row"":4.0,""original_arc_m"":0.6013737562528743,""original_arc_fraction"":0.45167774350473033}],""first_H5_original_arc_m"":0.0,""B_in_H5"":false,""entry_in_H5"":false,""bridge_1_in_H5"":false,""any_derived_in_H5"":false,""application_tick"":655,""withheld"":false,""first_original_identity"":{""label"":""X_0"",""original_raw_id"":0,""fractional_original_row"":0.0,""original_arc_m"":0.0,""original_arc_fraction"":0.0}}"
