source_id,method,submit_tick,input_pose,selected_reference_rows,selected_identities,nearest_identity,application_tick,held_after_cap
OSA03_R00,M0_NATIVE,96,"[19.204616420161308, 24.090013606205353, -1.5356427948050633]","[3, 4, 5, 6, 7]","[""F_3"", ""F_4"", ""F_5"", ""F_6"", ""F_7""]",F_2,99,False
OSA03_R00,M0_NATIVE,102,"[19.20992345671464, 24.01020913693929, -1.460642945723111]","[3, 4, 5, 6, 7]","[""F_3"", ""F_4"", ""F_5"", ""F_6"", ""F_7""]",F_2,103,False
OSA03_R00,M0_NATIVE,108,"[19.22403747161974, 23.93153656020097, -1.3189764257084755]","[4, 5, 6, 7, 8]","[""F_4"", ""F_5"", ""F_6"", ""F_7"", ""F_8""]",F_3,109,False
OSA03_R00,M0_NATIVE,114,"[19.249821558071034, 23.855889585443308, -1.1649486384983654]","[4, 5, 6, 7, 8]","[""F_4"", ""F_5"", ""F_6"", ""F_7"", ""F_8""]",F_3,115,False
OSA03_R00,M0_NATIVE,120,"[19.28603756070565, 23.784610177540166, -1.0417235445108908]","[5, 6, 7, 8, 9]","[""F_5"", ""F_6"", ""F_7"", ""F_8"", ""F_9""]",F_4,121,False
OSA03_R00,M0_NATIVE,126,"[19.329406254569047, 23.71740999701059, -0.9594142830582175]","[5, 6, 7, 8, 9]","[""F_5"", ""F_6"", ""F_7"", ""F_8"", ""F_9""]",F_4,127,False
OSA03_R00,M0_NATIVE,132,"[19.377067674003943, 23.653166513771065, -0.9099165851435078]","[6, 7, 8, 9, 9]","[""F_6"", ""F_7"", ""F_8"", ""F_9"", ""F_9""]",F_5,133,False
OSA03_R00,M0_NATIVE,138,"[19.4270399332937, 23.59069643771388, -0.8856026189246071]","[6, 7, 8, 9, 9]","[""F_6"", ""F_7"", ""F_8"", ""F_9"", ""F_9""]",F_5,139,False
OSA03_R00,M0_NATIVE,144,"[19.478093939128442, 23.529105729613057, -0.8730173904333514]","[7, 8, 9, 9, 9]","[""F_7"", ""F_8"", ""F_9"", ""F_9"", ""F_9""]",F_6,145,False
OSA03_R00,M0_NATIVE,150,"[19.529652747503604, 23.46793642233067, -0.8690547121607484]","[7, 8, 9, 9, 9]","[""F_7"", ""F_8"", ""F_9"", ""F_9"", ""F_9""]",F_6,151,False
OSA03_R00,M0_NATIVE,156,"[19.581324518396958, 23.4068624617858, -0.8684692987718541]","[8, 9, 9, 9, 9]","[""F_8"", ""F_9"", ""F_9"", ""F_9"", ""F_9""]",F_7,157,False
OSA03_R00,M0_NATIVE,162,"[19.632921883257563, 23.3457256857478, -0.8717393046816908]","[8, 9, 9, 9, 9]","[""F_8"", ""F_9"", ""F_9"", ""F_9"", ""F_9""]",F_7,163,False
OSA03_R00,M0_NATIVE,168,"[19.68418500736569, 23.284308605444366, -0.8794167835949374]","[9, 9, 9, 9, 9]","[""F_9"", ""F_9"", ""F_9"", ""F_9"", ""F_9""]",F_8,169,False
OSA03_R00,M0_NATIVE,174,"[19.73474019523834, 23.22230840917521, -0.895292141856888]","[9, 9, 9, 9, 9]","[""F_9"", ""F_9"", ""F_9"", ""F_9"", ""F_9""]",F_8,175,False
OSA03_R00,M0_NATIVE,180,"[19.773825620094634, 23.17247616773463, -0.9179350385563048]","[9, 9, 9, 9, 9]","[""F_9"", ""F_9"", ""F_9"", ""F_9"", ""F_9""]",F_9,181,False
OSA03_R00,M0_NATIVE,186,"[19.79973008705532, 23.137739755526116, -0.9442335788108966]","[9, 9, 9, 9, 9]","[""F_9"", ""F_9"", ""F_9"", ""F_9"", ""F_9""]",F_9,187,False
OSA03_R00,M0_NATIVE,192,"[19.813192689506373, 23.118682768192695, -0.9702550479632652]","[9, 9, 9, 9, 9]","[""F_9"", ""F_9"", ""F_9"", ""F_9"", ""F_9""]",F_9,193,False
OSA03_R00,M0_NATIVE,198,"[19.815070389014316, 23.115928614869176, -0.9906802651318989]","[9, 9, 9, 9, 9]","[""F_9"", ""F_9"", ""F_9"", ""F_9"", ""F_9""]",F_9,199,False
OSA03_R00,M0_NATIVE,204,"[19.815070389482862, 23.115928614147972, -1.005750551654367]","[9, 9, 9, 9, 9]","[""F_9"", ""F_9"", ""F_9"", ""F_9"", ""F_9""]",F_9,205,False
OSA03_R00,M0_NATIVE,210,"[19.81507038960985, 23.115928613945233, -1.0168185974859814]","[9, 9, 9, 9, 9]","[""F_9"", ""F_9"", ""F_9"", ""F_9"", ""F_9""]",F_9,211,False
OSA03_R00,M0_NATIVE,216,"[19.815070389698466, 23.11592861380067, -1.024944382993378]","[9, 9, 9, 9, 9]","[""F_9"", ""F_9"", ""F_9"", ""F_9"", ""F_9""]",F_9,217,False
OSA03_R00,M0_NATIVE,222,"[19.81507038976274, 23.11592861369414, -1.0309098952419262]","[9, 9, 9, 9, 9]","[""F_9"", ""F_9"", ""F_9"", ""F_9"", ""F_9""]",F_9,223,False
OSA03_R00,M0_NATIVE,228,"[19.815070389810757, 23.115928613613615, -1.0352894423007166]","[9, 9, 9, 9, 9]","[""F_9"", ""F_9"", ""F_9"", ""F_9"", ""F_9""]",F_9,229,False
OSA03_R00,M0_NATIVE,234,"[19.815070389847588, 23.115928613551308, -1.0385046614547186]","[9, 9, 9, 9, 9]","[""F_9"", ""F_9"", ""F_9"", ""F_9"", ""F_9""]",F_9,235,False
OSA03_R00,M0_NATIVE,240,"[19.815070389876585, 23.11592861350194, -1.0408650959778525]","[9, 9, 9, 9, 9]","[""F_9"", ""F_9"", ""F_9"", ""F_9"", ""F_9""]",F_9,241,False
OSA03_R00,M0_NATIVE,246,"[19.815070389900022, 23.11592861346185, -1.0425979953122102]","[9, 9, 9, 9, 9]","[""F_9"", ""F_9"", ""F_9"", ""F_9"", ""F_9""]",F_9,247,False
OSA03_R00,M0_NATIVE,252,"[19.81507038991948, 23.115928613428455, -1.0438701933219865]","[9, 9, 9, 9, 9]","[""F_9"", ""F_9"", ""F_9"", ""F_9"", ""F_9""]",F_9,253,False
OSA03_R00,M0_NATIVE,258,"[19.815070389936068, 23.115928613399912, -1.044804170122533]","[9, 9, 9, 9, 9]","[""F_9"", ""F_9"", ""F_9"", ""F_9"", ""F_9""]",F_9,259,False
OSA03_R00,M0_NATIVE,264,"[19.81507038995058, 23.115928613374898, -1.0454898437812075]","[9, 9, 9, 9, 9]","[""F_9"", ""F_9"", ""F_9"", ""F_9"", ""F_9""]",F_9,265,False
OSA03_R00,M0_NATIVE,270,"[19.815070389963584, 23.11592861335245, -1.0459932271263939]","[9, 9, 9, 9, 9]","[""F_9"", ""F_9"", ""F_9"", ""F_9"", ""F_9""]",F_9,271,False
OSA03_R00,C3_ENTRY_SUFFIX,96,"[19.204616420161308, 24.090013606205353, -1.5356427948050633]","[1, 2, 3, 4, 5]","[""F_2"", ""F_3"", ""F_4"", ""F_5"", ""F_6""]",E*,99,False
OSA03_R00,C3_ENTRY_SUFFIX,102,"[19.20992345667959, 24.0102091373386, -1.4606429457712364]","[2, 3, 4, 5, 6]","[""F_3"", ""F_4"", ""F_5"", ""F_6"", ""F_7""]",F_2,103,False
OSA03_R00,C3_ENTRY_SUFFIX,108,"[19.22403747156134, 23.931536560731516, -1.318976425852852]","[3, 4, 5, 6, 7]","[""F_4"", ""F_5"", ""F_6"", ""F_7"", ""F_8""]",F_3,109,False
OSA03_R00,C3_ENTRY_SUFFIX,114,"[19.249821558000576, 23.85588958596973, -1.164948638659592]","[3, 4, 5, 6, 7]","[""F_4"", ""F_5"", ""F_6"", ""F_7"", ""F_8""]",F_3,115,False
OSA03_R00,C3_ENTRY_SUFFIX,120,"[19.286037560623477, 23.784610178060625, -1.0417235446796487]","[4, 5, 6, 7, 8]","[""F_5"", ""F_6"", ""F_7"", ""F_8"", ""F_9""]",F_4,121,False
OSA03_R00,C3_ENTRY_SUFFIX,126,"[19.3294062544751, 23.717409997523443, -0.9594142832409398]","[4, 5, 6, 7, 8]","[""F_5"", ""F_6"", ""F_7"", ""F_8"", ""F_9""]",F_4,127,False
OSA03_R00,C3_ENTRY_SUFFIX,132,"[19.377067673897745, 23.653166514274826, -0.9099165853422533]","[5, 6, 7, 8, 8]","[""F_6"", ""F_7"", ""F_8"", ""F_9"", ""F_9""]",F_5,133,False
OSA03_R00,C3_ENTRY_SUFFIX,138,"[19.427039933174807, 23.590696438207484, -0.8856026191309825]","[5, 6, 7, 8, 8]","[""F_6"", ""F_7"", ""F_8"", ""F_9"", ""F_9""]",F_5,139,False
OSA03_R00,C3_ENTRY_SUFFIX,144,"[19.47809393899668, 23.529105730095996, -0.8730173906445842]","[6, 7, 8, 8, 8]","[""F_7"", ""F_8"", ""F_9"", ""F_9"", ""F_9""]",F_6,145,False
OSA03_R00,C3_ENTRY_SUFFIX,150,"[19.52965274735891, 23.467936422802705, -0.8690547123716144]","[6, 7, 8, 8, 8]","[""F_7"", ""F_8"", ""F_9"", ""F_9"", ""F_9""]",F_6,151,False
OSA03_R00,C3_ENTRY_SUFFIX,156,"[19.581324518239445, 23.406862462246988, -0.8684692989806067]","[7, 8, 8, 8, 8]","[""F_8"", ""F_9"", ""F_9"", ""F_9"", ""F_9""]",F_7,157,False
OSA03_R00,C3_ENTRY_SUFFIX,162,"[19.63292188308745, 23.34572568619836, -0.8717393048844508]","[7, 8, 8, 8, 8]","[""F_8"", ""F_9"", ""F_9"", ""F_9"", ""F_9""]",F_7,163,False
OSA03_R00,C3_ENTRY_SUFFIX,168,"[19.68418500718345, 23.284308605884803, -0.8794167837863713]","[8, 8, 8, 8, 8]","[""F_9"", ""F_9"", ""F_9"", ""F_9"", ""F_9""]",F_8,169,False
OSA03_R00,C3_ENTRY_SUFFIX,174,"[19.734740195044843, 23.222308409606452, -0.8952921420272566]","[8, 8, 8, 8, 8]","[""F_9"", ""F_9"", ""F_9"", ""F_9"", ""F_9""]",F_8,175,False
OSA03_R00,C3_ENTRY_SUFFIX,180,"[19.773825619893294, 23.172476168159722, -0.9179350386984857]","[8, 8, 8, 8, 8]","[""F_9"", ""F_9"", ""F_9"", ""F_9"", ""F_9""]",F_9,181,False
OSA03_R00,C3_ENTRY_SUFFIX,186,"[19.799730086849536, 23.13773975594789, -0.9442335789224328]","[8, 8, 8, 8, 8]","[""F_9"", ""F_9"", ""F_9"", ""F_9"", ""F_9""]",F_9,187,False
OSA03_R00,C3_ENTRY_SUFFIX,192,"[19.813192689298706, 23.118682768613134, -0.9702550480463441]","[8, 8, 8, 8, 8]","[""F_9"", ""F_9"", ""F_9"", ""F_9"", ""F_9""]",F_9,193,False
OSA03_R00,C3_ENTRY_SUFFIX,198,"[19.815070388806426, 23.115928615289462, -0.9906802651929576]","[8, 8, 8, 8, 8]","[""F_9"", ""F_9"", ""F_9"", ""F_9"", ""F_9""]",F_9,199,False
OSA03_R00,C3_ENTRY_SUFFIX,204,"[19.81507038927497, 23.115928614568258, -1.0057505516991974]","[8, 8, 8, 8, 8]","[""F_9"", ""F_9"", ""F_9"", ""F_9"", ""F_9""]",F_9,205,False
OSA03_R00,C3_ENTRY_SUFFIX,210,"[19.81507038940196, 23.11592861436552, -1.0168185975188946]","[8, 8, 8, 8, 8]","[""F_9"", ""F_9"", ""F_9"", ""F_9"", ""F_9""]",F_9,211,False
OSA03_R00,C3_ENTRY_SUFFIX,216,"[19.815070389490575, 23.115928614220955, -1.024944383017539]","[8, 8, 8, 8, 8]","[""F_9"", ""F_9"", ""F_9"", ""F_9"", ""F_9""]",F_9,217,False
OSA03_R00,C3_ENTRY_SUFFIX,222,"[19.81507038955485, 23.115928614114427, -1.0309098952596623]","[8, 8, 8, 8, 8]","[""F_9"", ""F_9"", ""F_9"", ""F_9"", ""F_9""]",F_9,223,False
OSA03_R00,C3_ENTRY_SUFFIX,228,"[19.815070389602866, 23.1159286140339, -1.0352894423137369]","[8, 8, 8, 8, 8]","[""F_9"", ""F_9"", ""F_9"", ""F_9"", ""F_9""]",F_9,229,False
OSA03_R00,C3_ENTRY_SUFFIX,234,"[19.815070389639697, 23.115928613971594, -1.0385046614642777]","[8, 8, 8, 8, 8]","[""F_9"", ""F_9"", ""F_9"", ""F_9"", ""F_9""]",F_9,235,False
OSA03_R00,C3_ENTRY_SUFFIX,240,"[19.815070389668694, 23.115928613922225, -1.040865095984869]","[8, 8, 8, 8, 8]","[""F_9"", ""F_9"", ""F_9"", ""F_9"", ""F_9""]",F_9,241,False
OSA03_R00,C3_ENTRY_SUFFIX,246,"[19.81507038969213, 23.115928613882136, -1.0425979953173616]","[8, 8, 8, 8, 8]","[""F_9"", ""F_9"", ""F_9"", ""F_9"", ""F_9""]",F_9,247,False
OSA03_R00,C3_ENTRY_SUFFIX,252,"[19.81507038971159, 23.11592861384874, -1.043870193325768]","[8, 8, 8, 8, 8]","[""F_9"", ""F_9"", ""F_9"", ""F_9"", ""F_9""]",F_9,253,False
OSA03_R00,C3_ENTRY_SUFFIX,258,"[19.815070389728177, 23.1159286138202, -1.0448041701253086]","[8, 8, 8, 8, 8]","[""F_9"", ""F_9"", ""F_9"", ""F_9"", ""F_9""]",F_9,259,False
OSA03_R00,C3_ENTRY_SUFFIX,264,"[19.81507038974269, 23.115928613795184, -1.0454898437832454]","[8, 8, 8, 8, 8]","[""F_9"", ""F_9"", ""F_9"", ""F_9"", ""F_9""]",F_9,265,False
OSA03_R00,C3_ENTRY_SUFFIX,270,"[19.815070389755693, 23.115928613772738, -1.0459932271278896]","[8, 8, 8, 8, 8]","[""F_9"", ""F_9"", ""F_9"", ""F_9"", ""F_9""]",F_9,271,False
OSA03_R00,HERMITE_BRIDGE,96,"[19.204616420161308, 24.090013606205353, -1.5356427948050633]","[1, 2, 3, 4, 5]","[""bridge_1"", ""E*"", ""F_2"", ""F_3"", ""F_4""]",B,99,False
OSA03_R00,HERMITE_BRIDGE,102,"[19.209073039751445, 24.020171866410234, -1.460642946408829]","[1, 2, 3, 4, 5]","[""bridge_1"", ""E*"", ""F_2"", ""F_3"", ""F_4""]",B,103,False
OSA03_R00,HERMITE_BRIDGE,108,"[19.216094524806014, 23.977437962726313, -1.3452905246802547]","[1, 2, 3, 4, 5]","[""bridge_1"", ""E*"", ""F_2"", ""F_3"", ""F_4""]",B,109,False
OSA03_R00,HERMITE_BRIDGE,114,"[19.222193301618542, 23.95492274262091, -1.2636659281369431]","[4, 5, 6, 7, 8]","[""F_3"", ""F_4"", ""F_5"", ""F_6"", ""F_7""]",F_2,115,False
OSA03_R00,HERMITE_BRIDGE,120,"[19.23530905573358, 23.920703523044946, -1.1477343344619346]","[5, 6, 7, 8, 9]","[""F_4"", ""F_5"", ""F_6"", ""F_7"", ""F_8""]",F_3,121,False
OSA03_R00,HERMITE_BRIDGE,126,"[19.261516988836387, 23.870489216013972, -1.0398117266214486]","[5, 6, 7, 8, 9]","[""F_4"", ""F_5"", ""F_6"", ""F_7"", ""F_8""]",F_3,127,False
OSA03_R00,HERMITE_BRIDGE,132,"[19.30302483211432, 23.80604914522293, -0.9649874610477935]","[5, 6, 7, 8, 9]","[""F_4"", ""F_5"", ""F_6"", ""F_7"", ""F_8""]",F_3,133,False
OSA03_R00,HERMITE_BRIDGE,138,"[19.350198808462387, 23.74144570068654, -0.9189876771953704]","[6, 7, 8, 9, 10]","[""F_5"", ""F_6"", ""F_7"", ""F_8"", ""F_9""]",F_4,139,False
OSA03_R00,HERMITE_BRIDGE,144,"[19.399500238165714, 23.678444276910962, -0.8979985498620593]","[7, 8, 9, 10, 10]","[""F_6"", ""F_7"", ""F_8"", ""F_9"", ""F_9""]",F_5,145,False
OSA03_R00,HERMITE_BRIDGE,150,"[19.449589354043837, 23.616065836917087, -0.8923494428904255]","[7, 8, 9, 10, 10]","[""F_6"", ""F_7"", ""F_8"", ""F_9"", ""F_9""]",F_5,151,False
OSA03_R00,HERMITE_BRIDGE,156,"[19.49984956924349, 23.553825089097504, -0.890968972462105]","[8, 9, 10, 10, 10]","[""F_7"", ""F_8"", ""F_9"", ""F_9"", ""F_9""]",F_6,157,False
OSA03_R00,HERMITE_BRIDGE,162,"[19.550085788317332, 23.49156499875595, -0.8933419016594293]","[8, 9, 10, 10, 10]","[""F_7"", ""F_8"", ""F_9"", ""F_9"", ""F_9""]",F_6,163,False
OSA03_R00,HERMITE_BRIDGE,168,"[19.60013685014643, 23.429155968297348, -0.8963446583559449]","[9, 10, 10, 10, 10]","[""F_8"", ""F_9"", ""F_9"", ""F_9"", ""F_9""]",F_7,169,False
OSA03_R00,HERMITE_BRIDGE,174,"[19.649953148174653, 23.36655945368417, -0.9011636479732577]","[9, 10, 10, 10, 10]","[""F_8"", ""F_9"", ""F_9"", ""F_9"", ""F_9""]",F_7,175,False
OSA03_R00,HERMITE_BRIDGE,180,"[19.699380798618293, 23.30365576345131, -0.9088407653291588]","[10, 10, 10, 10, 10]","[""F_9"", ""F_9"", ""F_9"", ""F_9"", ""F_9""]",F_8,181,False
OSA03_R00,HERMITE_BRIDGE,186,"[19.74814831319548, 23.240239517804195, -0.9225674238833519]","[10, 10, 10, 10, 10]","[""F_9"", ""F_9"", ""F_9"", ""F_9"", ""F_9""]",F_8,187,False
OSA03_R00,HERMITE_BRIDGE,192,"[19.786078014483394, 23.18924938193112, -0.9413737202724368]","[10, 10, 10, 10, 10]","[""F_9"", ""F_9"", ""F_9"", ""F_9"", ""F_9""]",F_9,193,False
OSA03_R00,HERMITE_BRIDGE,198,"[19.811389695826918, 23.15375616113983, -0.9629376807527756]","[10, 10, 10, 10, 10]","[""F_9"", ""F_9"", ""F_9"", ""F_9"", ""F_9""]",F_9,199,False
OSA03_R00,HERMITE_BRIDGE,204,"[19.824681496308262, 23.134261746857188, -0.9841913491190111]","[10, 10, 10, 10, 10]","[""F_9"", ""F_9"", ""F_9"", ""F_9"", ""F_9""]",F_9,205,False
OSA03_R00,HERMITE_BRIDGE,210,"[19.826664703034528, 23.131263188144136, -1.0009132723548269]","[10, 10, 10, 10, 10]","[""F_9"", ""F_9"", ""F_9"", ""F_9"", ""F_9""]",F_9,211,False
OSA03_R00,HERMITE_BRIDGE,216,"[19.8266881905988, 23.131226428095104, -1.0132631551282483]","[10, 10, 10, 10, 10]","[""F_9"", ""F_9"", ""F_9"", ""F_9"", ""F_9""]",F_9,217,False
OSA03_R00,HERMITE_BRIDGE,222,"[19.8266881905988, 23.131226428095104, -1.0223339383231451]","[10, 10, 10, 10, 10]","[""F_9"", ""F_9"", ""F_9"", ""F_9"", ""F_9""]",F_9,223,False
OSA03_R00,HERMITE_BRIDGE,228,"[19.8266881905988, 23.131226428095104, -1.0289934396442337]","[10, 10, 10, 10, 10]","[""F_9"", ""F_9"", ""F_9"", ""F_9"", ""F_9""]",F_9,229,False
OSA03_R00,HERMITE_BRIDGE,234,"[19.8266881905988, 23.131226428095104, -1.0338824875209038]","[10, 10, 10, 10, 10]","[""F_9"", ""F_9"", ""F_9"", ""F_9"", ""F_9""]",F_9,235,False
OSA03_R00,HERMITE_BRIDGE,240,"[19.82668819092454, 23.131226427545144, -1.037471752945756]","[10, 10, 10, 10, 10]","[""F_9"", ""F_9"", ""F_9"", ""F_9"", ""F_9""]",F_9,241,False
OSA03_R00,HERMITE_BRIDGE,246,"[19.826688191296356, 23.13122642691339, -1.040106791058895]","[10, 10, 10, 10, 10]","[""F_9"", ""F_9"", ""F_9"", ""F_9"", ""F_9""]",F_9,247,False
OSA03_R00,HERMITE_BRIDGE,252,"[19.826688191651268, 23.131226426307215, -1.0420412890444641]","[10, 10, 10, 10, 10]","[""F_9"", ""F_9"", ""F_9"", ""F_9"", ""F_9""]",F_9,253,False
OSA03_R00,HERMITE_BRIDGE,258,"[19.82668819199425, 23.131226425719166, -1.043461489561178]","[10, 10, 10, 10, 10]","[""F_9"", ""F_9"", ""F_9"", ""F_9"", ""F_9""]",F_9,259,False
OSA03_R00,HERMITE_BRIDGE,264,"[19.826688192328714, 23.131226425144103, -1.0445041215633886]","[10, 10, 10, 10, 10]","[""F_9"", ""F_9"", ""F_9"", ""F_9"", ""F_9""]",F_9,265,False
OSA03_R00,HERMITE_BRIDGE,270,"[19.826688192657056, 23.1312264245784, -1.0452695638222949]","[10, 10, 10, 10, 10]","[""F_9"", ""F_9"", ""F_9"", ""F_9"", ""F_9""]",F_9,271,False
episode_001_repeat_01/handoff_013,M0_NATIVE,1002,"[18.88091559905879, 9.807793015222233, -1.4887640776416609]","[4, 5, 6, 7, 8]","[""F_4"", ""F_5"", ""F_6"", ""F_7"", ""F_8""]",F_3,1003,False
episode_001_repeat_01/handoff_013,M0_NATIVE,1008,"[18.884075946431057, 9.727886661111267, -1.580713628274332]","[4, 5, 6, 7, 8]","[""F_4"", ""F_5"", ""F_6"", ""F_7"", ""F_8""]",F_3,1009,False
episode_001_repeat_01/handoff_013,M0_NATIVE,1014,"[18.879137726783195, 9.64807597082661, -1.685164554285207]","[5, 6, 7, 8, 9]","[""F_5"", ""F_6"", ""F_7"", ""F_8"", ""F_9""]",F_4,1015,False
episode_001_repeat_01/handoff_013,M0_NATIVE,1020,"[18.86688097641195, 9.569037131954751, -1.758856541304663]","[5, 6, 7, 8, 9]","[""F_5"", ""F_6"", ""F_7"", ""F_8"", ""F_9""]",F_4,1021,False
episode_001_repeat_01/handoff_013,M0_NATIVE,1026,"[18.85003402040869, 9.490837128525992, -1.8032959835712892]","[6, 7, 8, 9, 9]","[""F_6"", ""F_7"", ""F_8"", ""F_9"", ""F_9""]",F_5,1027,False
episode_001_repeat_01/handoff_013,M0_NATIVE,1032,"[18.830621831522745, 9.413229495422348, -1.82557426647596]","[6, 7, 8, 9, 9]","[""F_6"", ""F_7"", ""F_8"", ""F_9"", ""F_9""]",F_5,1033,False
episode_001_repeat_01/handoff_013,M0_NATIVE,1038,"[18.809958801282022, 9.33594447205816, -1.8373566088753828]","[7, 8, 9, 9, 9]","[""F_7"", ""F_8"", ""F_9"", ""F_9"", ""F_9""]",F_6,1039,False
episode_001_repeat_01/handoff_013,M0_NATIVE,1044,"[18.788698646778155, 9.25882118548839, -1.8410960987367495]","[7, 8, 9, 9, 9]","[""F_7"", ""F_8"", ""F_9"", ""F_9"", ""F_9""]",F_6,1045,False
episode_001_repeat_01/handoff_013,M0_NATIVE,1050,"[18.767300542585478, 9.18173602694881, -1.8417496629611023]","[8, 9, 9, 9, 9]","[""F_8"", ""F_9"", ""F_9"", ""F_9"", ""F_9""]",F_7,1051,False
episode_001_repeat_01/handoff_013,M0_NATIVE,1056,"[18.74598815171204, 9.104627169756817, -1.8385883806153442]","[8, 9, 9, 9, 9]","[""F_8"", ""F_9"", ""F_9"", ""F_9"", ""F_9""]",F_7,1057,False
episode_001_repeat_01/handoff_013,M0_NATIVE,1062,"[18.72509643611149, 9.027403466928742, -1.830763279864107]","[9, 9, 9, 9, 9]","[""F_9"", ""F_9"", ""F_9"", ""F_9"", ""F_9""]",F_8,1063,False
episode_001_repeat_01/handoff_013,M0_NATIVE,1068,"[18.705836519246155, 8.952917052354174, -1.8157130837958637]","[9, 9, 9, 9, 9]","[""F_9"", ""F_9"", ""F_9"", ""F_9"", ""F_9""]",F_8,1069,False
episode_001_repeat_01/handoff_013,M0_NATIVE,1074,"[18.69190459575499, 8.894910068171173, -1.7957749204106435]","[9, 9, 9, 9, 9]","[""F_9"", ""F_9"", ""F_9"", ""F_9"", ""F_9""]",F_9,1075,False
episode_001_repeat_01/handoff_013,M0_NATIVE,1080,"[18.683449568559094, 8.856165082502468, -1.7737574948160015]","[9, 9, 9, 9, 9]","[""F_9"", ""F_9"", ""F_9"", ""F_9"", ""F_9""]",F_9,1081,False
episode_001_repeat_01/handoff_013,M0_NATIVE,1086,"[18.67966159739077, 8.83687623398152, -1.7529778860644254]","[9, 9, 9, 9, 9]","[""F_9"", ""F_9"", ""F_9"", ""F_9"", ""F_9""]",F_9,1087,False
episode_001_repeat_01/handoff_013,M0_NATIVE,1092,"[18.67917323621006, 8.834199701361428, -1.736841807226083]","[9, 9, 9, 9, 9]","[""F_9"", ""F_9"", ""F_9"", ""F_9"", ""F_9""]",F_9,1093,False
episode_001_repeat_01/handoff_013,M0_NATIVE,1098,"[18.67917323618998, 8.834199701236049, -1.7249454611756514]","[9, 9, 9, 9, 9]","[""F_9"", ""F_9"", ""F_9"", ""F_9"", ""F_9""]",F_9,1099,False
episode_001_repeat_01/handoff_013,M0_NATIVE,1104,"[18.679173236173376, 8.834199701126085, -1.716208973953635]","[9, 9, 9, 9, 9]","[""F_9"", ""F_9"", ""F_9"", ""F_9"", ""F_9""]",F_9,1105,False
episode_001_repeat_01/handoff_013,M0_NATIVE,1110,"[18.67917323616263, 8.834199701051041, -1.7097949700375303]","[9, 9, 9, 9, 9]","[""F_9"", ""F_9"", ""F_9"", ""F_9"", ""F_9""]",F_9,1111,False
episode_001_repeat_01/handoff_013,M0_NATIVE,1116,"[18.67917323615561, 8.834199701000019, -1.7050861569734566]","[9, 9, 9, 9, 9]","[""F_9"", ""F_9"", ""F_9"", ""F_9"", ""F_9""]",F_9,1117,False
episode_001_repeat_01/handoff_013,M0_NATIVE,1122,"[18.67917323615106, 8.834199700965902, -1.7016292086148954]","[9, 9, 9, 9, 9]","[""F_9"", ""F_9"", ""F_9"", ""F_9"", ""F_9""]",F_9,1123,False
episode_001_repeat_01/handoff_013,M0_NATIVE,1128,"[18.67917323614818, 8.83419970094383, -1.699091309974201]","[9, 9, 9, 9, 9]","[""F_9"", ""F_9"", ""F_9"", ""F_9"", ""F_9""]",F_9,1129,False
episode_001_repeat_01/handoff_013,M0_NATIVE,1134,"[18.67917323614646, 8.834199700930409, -1.697228126388023]","[9, 9, 9, 9, 9]","[""F_9"", ""F_9"", ""F_9"", ""F_9"", ""F_9""]",F_9,1135,False
episode_001_repeat_01/handoff_013,M0_NATIVE,1140,"[18.679173236145548, 8.834199700923238, -1.6958602809520145]","[9, 9, 9, 9, 9]","[""F_9"", ""F_9"", ""F_9"", ""F_9"", ""F_9""]",F_9,1141,False
episode_001_repeat_01/handoff_013,M0_NATIVE,1146,"[18.679173236145225, 8.834199700920598, -1.6948560851494596]","[9, 9, 9, 9, 9]","[""F_9"", ""F_9"", ""F_9"", ""F_9"", ""F_9""]",F_9,1147,False
episode_001_repeat_01/handoff_013,M0_NATIVE,1152,"[18.679173236145186, 8.834199700920276, -1.6941188606186062]","[9, 9, 9, 9, 9]","[""F_9"", ""F_9"", ""F_9"", ""F_9"", ""F_9""]",F_9,1153,False
episode_001_repeat_01/handoff_013,M0_NATIVE,1158,"[18.679173236145186, 8.834199700920276, -1.6935776315002415]","[9, 9, 9, 9, 9]","[""F_9"", ""F_9"", ""F_9"", ""F_9"", ""F_9""]",F_9,1159,False
episode_001_repeat_01/handoff_013,M0_NATIVE,1164,"[18.679173236145186, 8.834199700920276, -1.6931802912785006]","[9, 9, 9, 9, 9]","[""F_9"", ""F_9"", ""F_9"", ""F_9"", ""F_9""]",F_9,1165,False
episode_001_repeat_01/handoff_013,M0_NATIVE,1170,"[18.679173236145186, 8.834199700920276, -1.6928885862566256]","[9, 9, 9, 9, 9]","[""F_9"", ""F_9"", ""F_9"", ""F_9"", ""F_9""]",F_9,1171,False
episode_001_repeat_01/handoff_013,M0_NATIVE,1176,"[18.679173236145186, 8.834199700920276, -1.6926744327047558]","[9, 9, 9, 9, 9]","[""F_9"", ""F_9"", ""F_9"", ""F_9"", ""F_9""]",F_9,,True
episode_001_repeat_01/handoff_013,C3_ENTRY_SUFFIX,1002,"[18.88091559905879, 9.807793015222233, -1.4887640776416609]","[2, 3, 4, 5, 6]","[""F_4"", ""F_5"", ""F_6"", ""F_7"", ""F_8""]",F_3,1003,False
episode_001_repeat_01/handoff_013,C3_ENTRY_SUFFIX,1008,"[18.884075946431057, 9.727886661111267, -1.580713628274332]","[2, 3, 4, 5, 6]","[""F_4"", ""F_5"", ""F_6"", ""F_7"", ""F_8""]",F_3,1009,False
episode_001_repeat_01/handoff_013,C3_ENTRY_SUFFIX,1014,"[18.879137726783195, 9.64807597082661, -1.685164554285207]","[3, 4, 5, 6, 7]","[""F_5"", ""F_6"", ""F_7"", ""F_8"", ""F_9""]",F_4,1015,False
episode_001_repeat_01/handoff_013,C3_ENTRY_SUFFIX,1020,"[18.86688097641195, 9.569037131954751, -1.758856541304663]","[3, 4, 5, 6, 7]","[""F_5"", ""F_6"", ""F_7"", ""F_8"", ""F_9""]",F_4,1021,False
episode_001_repeat_01/handoff_013,C3_ENTRY_SUFFIX,1026,"[18.85003402040869, 9.490837128525992, -1.8032959835712892]","[4, 5, 6, 7, 7]","[""F_6"", ""F_7"", ""F_8"", ""F_9"", ""F_9""]",F_5,1027,False
episode_001_repeat_01/handoff_013,C3_ENTRY_SUFFIX,1032,"[18.830621831522745, 9.413229495422348, -1.82557426647596]","[4, 5, 6, 7, 7]","[""F_6"", ""F_7"", ""F_8"", ""F_9"", ""F_9""]",F_5,1033,False
episode_001_repeat_01/handoff_013,C3_ENTRY_SUFFIX,1038,"[18.809958801282022, 9.33594447205816, -1.8373566088753828]","[5, 6, 7, 7, 7]","[""F_7"", ""F_8"", ""F_9"", ""F_9"", ""F_9""]",F_6,1039,False
episode_001_repeat_01/handoff_013,C3_ENTRY_SUFFIX,1044,"[18.788698646778155, 9.25882118548839, -1.8410960987367495]","[5, 6, 7, 7, 7]","[""F_7"", ""F_8"", ""F_9"", ""F_9"", ""F_9""]",F_6,1045,False
episode_001_repeat_01/handoff_013,C3_ENTRY_SUFFIX,1050,"[18.767300542585478, 9.18173602694881, -1.8417496629611023]","[6, 7, 7, 7, 7]","[""F_8"", ""F_9"", ""F_9"", ""F_9"", ""F_9""]",F_7,1051,False
episode_001_repeat_01/handoff_013,C3_ENTRY_SUFFIX,1056,"[18.74598815171204, 9.104627169756817, -1.8385883806153442]","[6, 7, 7, 7, 7]","[""F_8"", ""F_9"", ""F_9"", ""F_9"", ""F_9""]",F_7,1057,False
episode_001_repeat_01/handoff_013,C3_ENTRY_SUFFIX,1062,"[18.72509643611149, 9.027403466928742, -1.830763279864107]","[7, 7, 7, 7, 7]","[""F_9"", ""F_9"", ""F_9"", ""F_9"", ""F_9""]",F_8,1063,False
episode_001_repeat_01/handoff_013,C3_ENTRY_SUFFIX,1068,"[18.705836519246155, 8.952917052354174, -1.8157130837958637]","[7, 7, 7, 7, 7]","[""F_9"", ""F_9"", ""F_9"", ""F_9"", ""F_9""]",F_8,1069,False
episode_001_repeat_01/handoff_013,C3_ENTRY_SUFFIX,1074,"[18.69190459575499, 8.894910068171173, -1.7957749204106435]","[7, 7, 7, 7, 7]","[""F_9"", ""F_9"", ""F_9"", ""F_9"", ""F_9""]",F_9,1075,False
episode_001_repeat_01/handoff_013,C3_ENTRY_SUFFIX,1080,"[18.683449568559094, 8.856165082502468, -1.7737574948160015]","[7, 7, 7, 7, 7]","[""F_9"", ""F_9"", ""F_9"", ""F_9"", ""F_9""]",F_9,1081,False
episode_001_repeat_01/handoff_013,C3_ENTRY_SUFFIX,1086,"[18.67966159739077, 8.83687623398152, -1.7529778860644254]","[7, 7, 7, 7, 7]","[""F_9"", ""F_9"", ""F_9"", ""F_9"", ""F_9""]",F_9,1087,False
episode_001_repeat_01/handoff_013,C3_ENTRY_SUFFIX,1092,"[18.67917323621006, 8.834199701361428, -1.736841807226083]","[7, 7, 7, 7, 7]","[""F_9"", ""F_9"", ""F_9"", ""F_9"", ""F_9""]",F_9,1093,False
episode_001_repeat_01/handoff_013,C3_ENTRY_SUFFIX,1098,"[18.67917323618998, 8.834199701236049, -1.7249454611756514]","[7, 7, 7, 7, 7]","[""F_9"", ""F_9"", ""F_9"", ""F_9"", ""F_9""]",F_9,1099,False
episode_001_repeat_01/handoff_013,C3_ENTRY_SUFFIX,1104,"[18.679173236173376, 8.834199701126085, -1.716208973953635]","[7, 7, 7, 7, 7]","[""F_9"", ""F_9"", ""F_9"", ""F_9"", ""F_9""]",F_9,1105,False
episode_001_repeat_01/handoff_013,C3_ENTRY_SUFFIX,1110,"[18.67917323616263, 8.834199701051041, -1.7097949700375303]","[7, 7, 7, 7, 7]","[""F_9"", ""F_9"", ""F_9"", ""F_9"", ""F_9""]",F_9,1111,False
episode_001_repeat_01/handoff_013,C3_ENTRY_SUFFIX,1116,"[18.67917323615561, 8.834199701000019, -1.7050861569734566]","[7, 7, 7, 7, 7]","[""F_9"", ""F_9"", ""F_9"", ""F_9"", ""F_9""]",F_9,1117,False
episode_001_repeat_01/handoff_013,C3_ENTRY_SUFFIX,1122,"[18.67917323615106, 8.834199700965902, -1.7016292086148954]","[7, 7, 7, 7, 7]","[""F_9"", ""F_9"", ""F_9"", ""F_9"", ""F_9""]",F_9,1123,False
episode_001_repeat_01/handoff_013,C3_ENTRY_SUFFIX,1128,"[18.67917323614818, 8.83419970094383, -1.699091309974201]","[7, 7, 7, 7, 7]","[""F_9"", ""F_9"", ""F_9"", ""F_9"", ""F_9""]",F_9,1129,False
episode_001_repeat_01/handoff_013,C3_ENTRY_SUFFIX,1134,"[18.67917323614646, 8.834199700930409, -1.697228126388023]","[7, 7, 7, 7, 7]","[""F_9"", ""F_9"", ""F_9"", ""F_9"", ""F_9""]",F_9,1135,False
episode_001_repeat_01/handoff_013,C3_ENTRY_SUFFIX,1140,"[18.679173236145548, 8.834199700923238, -1.6958602809520145]","[7, 7, 7, 7, 7]","[""F_9"", ""F_9"", ""F_9"", ""F_9"", ""F_9""]",F_9,1141,False
episode_001_repeat_01/handoff_013,C3_ENTRY_SUFFIX,1146,"[18.679173236145225, 8.834199700920598, -1.6948560851494596]","[7, 7, 7, 7, 7]","[""F_9"", ""F_9"", ""F_9"", ""F_9"", ""F_9""]",F_9,1147,False
episode_001_repeat_01/handoff_013,C3_ENTRY_SUFFIX,1152,"[18.679173236145186, 8.834199700920276, -1.6941188606186062]","[7, 7, 7, 7, 7]","[""F_9"", ""F_9"", ""F_9"", ""F_9"", ""F_9""]",F_9,1153,False
episode_001_repeat_01/handoff_013,C3_ENTRY_SUFFIX,1158,"[18.679173236145186, 8.834199700920276, -1.6935776315002415]","[7, 7, 7, 7, 7]","[""F_9"", ""F_9"", ""F_9"", ""F_9"", ""F_9""]",F_9,1159,False
episode_001_repeat_01/handoff_013,C3_ENTRY_SUFFIX,1164,"[18.679173236145186, 8.834199700920276, -1.6931802912785006]","[7, 7, 7, 7, 7]","[""F_9"", ""F_9"", ""F_9"", ""F_9"", ""F_9""]",F_9,1165,False
episode_001_repeat_01/handoff_013,C3_ENTRY_SUFFIX,1170,"[18.679173236145186, 8.834199700920276, -1.6928885862566256]","[7, 7, 7, 7, 7]","[""F_9"", ""F_9"", ""F_9"", ""F_9"", ""F_9""]",F_9,1171,False
episode_001_repeat_01/handoff_013,C3_ENTRY_SUFFIX,1176,"[18.679173236145186, 8.834199700920276, -1.6926744327047558]","[7, 7, 7, 7, 7]","[""F_9"", ""F_9"", ""F_9"", ""F_9"", ""F_9""]",F_9,,True
episode_001_repeat_01/handoff_013,HERMITE_BRIDGE,1002,"[18.88091559905879, 9.807793015222233, -1.4887640776416609]","[1, 2, 3, 4, 5]","[""bridge_1"", ""E*"", ""F_3"", ""F_4"", ""F_5""]",B,1003,False
episode_001_repeat_01/handoff_013,HERMITE_BRIDGE,1008,"[18.883766070302283, 9.744544636955974, -1.5718701437530105]","[1, 2, 3, 4, 5]","[""bridge_1"", ""E*"", ""F_3"", ""F_4"", ""F_5""]",B,1009,False
episode_001_repeat_01/handoff_013,HERMITE_BRIDGE,1014,"[18.88237845884449, 9.701240160916859, -1.632933178336956]","[4, 5, 6, 7, 8]","[""F_4"", ""F_5"", ""F_6"", ""F_7"", ""F_8""]",F_3,1015,False
episode_001_repeat_01/handoff_013,HERMITE_BRIDGE,1020,"[18.87654499299634, 9.64489086026673, -1.7154561961005803]","[5, 6, 7, 8, 9]","[""F_5"", ""F_6"", ""F_7"", ""F_8"", ""F_9""]",F_4,1021,False
episode_001_repeat_01/handoff_013,HERMITE_BRIDGE,1026,"[18.86296433870196, 9.56944649852691, -1.775512877433529]","[5, 6, 7, 8, 9]","[""F_5"", ""F_6"", ""F_7"", ""F_8"", ""F_9""]",F_4,1027,False
episode_001_repeat_01/handoff_013,HERMITE_BRIDGE,1032,"[18.84518563628949, 9.491450893521312, -1.811175528957924]","[6, 7, 8, 9, 9]","[""F_6"", ""F_7"", ""F_8"", ""F_9"", ""F_9""]",F_5,1033,False
episode_001_repeat_01/handoff_013,HERMITE_BRIDGE,1038,"[18.825388396338486, 9.413939959400242, -1.8280438366855734]","[6, 7, 8, 9, 9]","[""F_6"", ""F_7"", ""F_8"", ""F_9"", ""F_9""]",F_5,1039,False
episode_001_repeat_01/handoff_013,HERMITE_BRIDGE,1044,"[18.80467129425467, 9.3366692102969, -1.8365572214334283]","[7, 8, 9, 9, 9]","[""F_7"", ""F_8"", ""F_9"", ""F_9"", ""F_9""]",F_6,1045,False
episode_001_repeat_01/handoff_013,HERMITE_BRIDGE,1050,"[18.78355434958954, 9.25950656174552, -1.8383481088768925]","[7, 8, 9, 9, 9]","[""F_7"", ""F_8"", ""F_9"", ""F_9"", ""F_9""]",F_6,1051,False
episode_001_repeat_01/handoff_013,HERMITE_BRIDGE,1056,"[18.76241707066813, 9.182349476061512, -1.8378299767634318]","[8, 9, 9, 9, 9]","[""F_8"", ""F_9"", ""F_9"", ""F_9"", ""F_9""]",F_7,1057,False
episode_001_repeat_01/handoff_013,HERMITE_BRIDGE,1062,"[18.741436074613244, 9.105149806334634, -1.833978770954917]","[8, 9, 9, 9, 9]","[""F_8"", ""F_9"", ""F_9"", ""F_9"", ""F_9""]",F_7,1063,False
episode_001_repeat_01/handoff_013,HERMITE_BRIDGE,1068,"[18.720913182845074, 9.027827280922613, -1.8258850193530851]","[9, 9, 9, 9, 9]","[""F_9"", ""F_9"", ""F_9"", ""F_9"", ""F_9""]",F_8,1069,False
episode_001_repeat_01/handoff_013,HERMITE_BRIDGE,1074,"[18.702062538790575, 8.953451603366593, -1.8110485778469572]","[9, 9, 9, 9, 9]","[""F_9"", ""F_9"", ""F_9"", ""F_9"", ""F_9""]",F_8,1075,False
episode_001_repeat_01/handoff_013,HERMITE_BRIDGE,1080,"[18.68844421699145, 8.89562752375024, -1.791679700238586]","[9, 9, 9, 9, 9]","[""F_9"", ""F_9"", ""F_9"", ""F_9"", ""F_9""]",F_9,1081,False
episode_001_repeat_01/handoff_013,HERMITE_BRIDGE,1086,"[18.68018672370308, 8.857096115276148, -1.7704392845291104]","[9, 9, 9, 9, 9]","[""F_9"", ""F_9"", ""F_9"", ""F_9"", ""F_9""]",F_9,1087,False
episode_001_repeat_01/handoff_013,HERMITE_BRIDGE,1092,"[18.67650315261759, 8.838042172337092, -1.750487575802485]","[9, 9, 9, 9, 9]","[""F_9"", ""F_9"", ""F_9"", ""F_9"", ""F_9""]",F_9,1093,False
episode_001_repeat_01/handoff_013,HERMITE_BRIDGE,1098,"[18.676028669296336, 8.835405566616068, -1.7350104725419933]","[9, 9, 9, 9, 9]","[""F_9"", ""F_9"", ""F_9"", ""F_9"", ""F_9""]",F_9,1099,False
episode_001_repeat_01/handoff_013,HERMITE_BRIDGE,1104,"[18.67602866926287, 8.835405566406997, -1.7236008218846628]","[9, 9, 9, 9, 9]","[""F_9"", ""F_9"", ""F_9"", ""F_9"", ""F_9""]",F_9,1105,False
episode_001_repeat_01/handoff_013,HERMITE_BRIDGE,1110,"[18.676028669240917, 8.835405566260352, -1.7152218048453869]","[9, 9, 9, 9, 9]","[""F_9"", ""F_9"", ""F_9"", ""F_9"", ""F_9""]",F_9,1111,False
episode_001_repeat_01/handoff_013,HERMITE_BRIDGE,1116,"[18.676028669224998, 8.83540556614845, -1.7090702450158017]","[9, 9, 9, 9, 9]","[""F_9"", ""F_9"", ""F_9"", ""F_9"", ""F_9""]",F_9,1117,False
episode_001_repeat_01/handoff_013,HERMITE_BRIDGE,1122,"[18.67602866921294, 8.83540556606035, -1.7045541042929482]","[9, 9, 9, 9, 9]","[""F_9"", ""F_9"", ""F_9"", ""F_9"", ""F_9""]",F_9,1123,False
episode_001_repeat_01/handoff_013,HERMITE_BRIDGE,1128,"[18.67602866920347, 8.835405565989026, -1.7012386052473842]","[9, 9, 9, 9, 9]","[""F_9"", ""F_9"", ""F_9"", ""F_9"", ""F_9""]",F_9,1129,False
episode_001_repeat_01/handoff_013,HERMITE_BRIDGE,1134,"[18.67602866919575, 8.835405565929664, -1.6988045508016543]","[9, 9, 9, 9, 9]","[""F_9"", ""F_9"", ""F_9"", ""F_9"", ""F_9""]",F_9,1135,False
episode_001_repeat_01/handoff_013,HERMITE_BRIDGE,1140,"[18.676028669189265, 8.835405565878897, -1.6970176038293834]","[9, 9, 9, 9, 9]","[""F_9"", ""F_9"", ""F_9"", ""F_9"", ""F_9""]",F_9,1141,False
episode_001_repeat_01/handoff_013,HERMITE_BRIDGE,1146,"[18.67602866918364, 8.835405565834348, -1.6957057270615834]","[9, 9, 9, 9, 9]","[""F_9"", ""F_9"", ""F_9"", ""F_9"", ""F_9""]",F_9,1147,False
episode_001_repeat_01/handoff_013,HERMITE_BRIDGE,1152,"[18.676028669178635, 8.83540556579431, -1.6947426203323797]","[9, 9, 9, 9, 9]","[""F_9"", ""F_9"", ""F_9"", ""F_9"", ""F_9""]",F_9,1153,False
episode_001_repeat_01/handoff_013,HERMITE_BRIDGE,1158,"[18.67602866917407, 8.835405565757558, -1.6940355611065614]","[9, 9, 9, 9, 9]","[""F_9"", ""F_9"", ""F_9"", ""F_9"", ""F_9""]",F_9,1159,False
episode_001_repeat_01/handoff_013,HERMITE_BRIDGE,1164,"[18.676028669169824, 8.835405565723203, -1.6935164776720402]","[9, 9, 9, 9, 9]","[""F_9"", ""F_9"", ""F_9"", ""F_9"", ""F_9""]",F_9,1165,False
episode_001_repeat_01/handoff_013,HERMITE_BRIDGE,1170,"[18.676028669165802, 8.835405565690602, -1.6931353955757293]","[9, 9, 9, 9, 9]","[""F_9"", ""F_9"", ""F_9"", ""F_9"", ""F_9""]",F_9,1171,False
episode_001_repeat_01/handoff_013,HERMITE_BRIDGE,1176,"[18.676028669161962, 8.83540556565928, -1.6928556263624013]","[9, 9, 9, 9, 9]","[""F_9"", ""F_9"", ""F_9"", ""F_9"", ""F_9""]",F_9,,True
episode_008_repeat_01/handoff_023,M0_NATIVE,1806,"[17.84115860483165, 31.810155537028734, -0.6838866723247516]","[4, 5, 6, 7, 8]","[""F_4"", ""F_5"", ""F_6"", ""F_7"", ""F_8""]",F_3,1807,False
episode_008_repeat_01/handoff_023,M0_NATIVE,1812,"[17.89467533677304, 31.771555297158006, -0.5639384914091585]","[4, 5, 6, 7, 8]","[""F_4"", ""F_5"", ""F_6"", ""F_7"", ""F_8""]",F_3,1813,False
episode_008_repeat_01/handoff_023,M0_NATIVE,1818,"[17.96394569777695, 31.73541913130142, -0.3939903076214719]","[5, 6, 7, 8, 9]","[""F_5"", ""F_6"", ""F_7"", ""F_8"", ""F_9""]",F_4,1819,False
episode_008_repeat_01/handoff_023,M0_NATIVE,1824,"[18.040290161944082, 31.711943074373018, -0.2000481538079102]","[5, 6, 7, 8, 9]","[""F_5"", ""F_6"", ""F_7"", ""F_8"", ""F_9""]",F_4,1825,False
episode_008_repeat_01/handoff_023,M0_NATIVE,1830,"[18.11966744157844, 31.702669660238662, -0.03846925720279204]","[6, 7, 8, 9, 9]","[""F_6"", ""F_7"", ""F_8"", ""F_9"", ""F_9""]",F_5,1831,False
episode_008_repeat_01/handoff_023,M0_NATIVE,1836,"[18.19958984275609, 31.704789616176445, 0.08660543492512174]","[6, 7, 8, 9, 9]","[""F_6"", ""F_7"", ""F_8"", ""F_9"", ""F_9""]",F_5,1837,False
episode_008_repeat_01/handoff_023,M0_NATIVE,1842,"[18.278880269291783, 31.71526106412495, 0.170044177443331]","[7, 8, 9, 9, 9]","[""F_7"", ""F_8"", ""F_9"", ""F_9"", ""F_9""]",F_6,1843,False
episode_008_repeat_01/handoff_023,M0_NATIVE,1848,"[18.357260090968843, 31.731225785402323, 0.228925455165911]","[7, 8, 9, 9, 9]","[""F_7"", ""F_8"", ""F_9"", ""F_9"", ""F_9""]",F_6,1849,False
episode_008_repeat_01/handoff_023,M0_NATIVE,1854,"[18.434785759297633, 31.750951346197102, 0.26638970865156386]","[7, 8, 9, 9, 9]","[""F_7"", ""F_8"", ""F_9"", ""F_9"", ""F_9""]",F_6,1855,False
episode_008_repeat_01/handoff_023,M0_NATIVE,1860,"[18.51173045475367, 31.772845362839085, 0.285596754880888]","[8, 9, 9, 9, 9]","[""F_8"", ""F_9"", ""F_9"", ""F_9"", ""F_9""]",F_7,1861,False
episode_008_repeat_01/handoff_023,M0_NATIVE,1866,"[18.58840600463877, 31.79566748540714, 0.29121838633034924]","[8, 9, 9, 9, 9]","[""F_8"", ""F_9"", ""F_9"", ""F_9"", ""F_9""]",F_7,1867,False
episode_008_repeat_01/handoff_023,M0_NATIVE,1872,"[18.651653816219266, 31.814395014590154, 0.2821028099396572]","[9, 9, 9, 9, 9]","[""F_9"", ""F_9"", ""F_9"", ""F_9"", ""F_9""]",F_8,1873,False
episode_008_repeat_01/handoff_023,M0_NATIVE,1878,"[18.69640250533123, 31.826990824268808, 0.26464232267748233]","[9, 9, 9, 9, 9]","[""F_9"", ""F_9"", ""F_9"", ""F_9"", ""F_9""]",F_9,1879,False
episode_008_repeat_01/handoff_023,M0_NATIVE,1884,"[18.72203122715559, 31.833681790098172, 0.2434541242802477]","[9, 9, 9, 9, 9]","[""F_9"", ""F_9"", ""F_9"", ""F_9"", ""F_9""]",F_9,1885,False
episode_008_repeat_01/handoff_023,M0_NATIVE,1890,"[18.728336600900715, 31.83521121793261, 0.22528022313068474]","[9, 9, 9, 9, 9]","[""F_9"", ""F_9"", ""F_9"", ""F_9"", ""F_9""]",F_9,1891,False
episode_008_repeat_01/handoff_023,M0_NATIVE,1896,"[18.728849313466938, 31.835327931115117, 0.21160888482220086]","[9, 9, 9, 9, 9]","[""F_9"", ""F_9"", ""F_9"", ""F_9"", ""F_9""]",F_9,1897,False
episode_008_repeat_01/handoff_023,M0_NATIVE,1902,"[18.728849314443526, 31.835327931319878, 0.20155341922005654]","[9, 9, 9, 9, 9]","[""F_9"", ""F_9"", ""F_9"", ""F_9"", ""F_9""]",F_9,1903,False
episode_008_repeat_01/handoff_023,M0_NATIVE,1908,"[18.728849315192043, 31.83532793146991, 0.1941701908561444]","[9, 9, 9, 9, 9]","[""F_9"", ""F_9"", ""F_9"", ""F_9"", ""F_9""]",F_9,1909,False
episode_008_repeat_01/handoff_023,M0_NATIVE,1914,"[18.728849315822103, 31.83532793159199, 0.1887497756744061]","[9, 9, 9, 9, 9]","[""F_9"", ""F_9"", ""F_9"", ""F_9"", ""F_9""]",F_9,1915,False
episode_008_repeat_01/handoff_023,M0_NATIVE,1920,"[18.728849316377094, 31.835327931696824, 0.18477040572025372]","[9, 9, 9, 9, 9]","[""F_9"", ""F_9"", ""F_9"", ""F_9"", ""F_9""]",F_9,1921,False
episode_008_repeat_01/handoff_023,M0_NATIVE,1926,"[18.728849316881806, 31.83532793179037, 0.1818489740621967]","[9, 9, 9, 9, 9]","[""F_9"", ""F_9"", ""F_9"", ""F_9"", ""F_9""]",F_9,1927,False
episode_008_repeat_01/handoff_023,M0_NATIVE,1932,"[18.728849317351877, 31.835327931876265, 0.17970422188082313]","[9, 9, 9, 9, 9]","[""F_9"", ""F_9"", ""F_9"", ""F_9"", ""F_9""]",F_9,1933,False
episode_008_repeat_01/handoff_023,M0_NATIVE,1938,"[18.72884931779764, 31.835327931956865, 0.1781296644613679]","[9, 9, 9, 9, 9]","[""F_9"", ""F_9"", ""F_9"", ""F_9"", ""F_9""]",F_9,1939,False
episode_008_repeat_01/handoff_023,M0_NATIVE,1944,"[18.72884931822612, 31.835327932033742, 0.17697371223247726]","[9, 9, 9, 9, 9]","[""F_9"", ""F_9"", ""F_9"", ""F_9"", ""F_9""]",F_9,1945,False
episode_008_repeat_01/handoff_023,M0_NATIVE,1950,"[18.728849318642208, 31.83532793210797, 0.17612507658524157]","[9, 9, 9, 9, 9]","[""F_9"", ""F_9"", ""F_9"", ""F_9"", ""F_9""]",F_9,1951,False
episode_008_repeat_01/handoff_023,M0_NATIVE,1956,"[18.72884931904935, 31.83532793218029, 0.17550205563030774]","[9, 9, 9, 9, 9]","[""F_9"", ""F_9"", ""F_9"", ""F_9"", ""F_9""]",F_9,1957,False
episode_008_repeat_01/handoff_023,M0_NATIVE,1962,"[18.728849319450003, 31.835327932251236, 0.17504466839769117]","[9, 9, 9, 9, 9]","[""F_9"", ""F_9"", ""F_9"", ""F_9"", ""F_9""]",F_9,1963,False
episode_008_repeat_01/handoff_023,M0_NATIVE,1968,"[18.728849319845935, 31.83532793232119, 0.1747088802049097]","[9, 9, 9, 9, 9]","[""F_9"", ""F_9"", ""F_9"", ""F_9"", ""F_9""]",F_9,1969,False
episode_008_repeat_01/handoff_023,M0_NATIVE,1974,"[18.72884932023842, 31.835327932390413, 0.17446236324432274]","[9, 9, 9, 9, 9]","[""F_9"", ""F_9"", ""F_9"", ""F_9"", ""F_9""]",F_9,1975,False
episode_008_repeat_01/handoff_023,M0_NATIVE,1980,"[18.728849320628395, 31.835327932459112, 0.17428138424280437]","[9, 9, 9, 9, 9]","[""F_9"", ""F_9"", ""F_9"", ""F_9"", ""F_9""]",F_9,1981,False
episode_008_repeat_01/handoff_023,C3_ENTRY_SUFFIX,1806,"[17.84115860483165, 31.810155537028734, -0.6838866723247516]","[1, 2, 3, 4, 5]","[""F_3"", ""F_4"", ""F_5"", ""F_6"", ""F_7""]",E*,1807,False
episode_008_repeat_01/handoff_023,C3_ENTRY_SUFFIX,1812,"[17.88831908562602, 31.776068075144615, -0.563938491707944]","[2, 3, 4, 5, 6]","[""F_4"", ""F_5"", ""F_6"", ""F_7"", ""F_8""]",F_3,1813,False
episode_008_repeat_01/handoff_023,C3_ENTRY_SUFFIX,1818,"[17.95626235300322, 31.740751500460277, -0.393990308287262]","[3, 4, 5, 6, 7]","[""F_5"", ""F_6"", ""F_7"", ""F_8"", ""F_9""]",F_4,1819,False
episode_008_repeat_01/handoff_023,C3_ENTRY_SUFFIX,1824,"[18.032601480714295, 31.717254971613052, -0.20068330728119665]","[3, 4, 5, 6, 7]","[""F_5"", ""F_6"", ""F_7"", ""F_8"", ""F_9""]",F_4,1825,False
episode_008_repeat_01/handoff_023,C3_ENTRY_SUFFIX,1830,"[18.11196961725735, 31.707895113447297, -0.04003789376053257]","[4, 5, 6, 7, 7]","[""F_6"", ""F_7"", ""F_8"", ""F_9"", ""F_9""]",F_5,1831,False
episode_008_repeat_01/handoff_023,C3_ENTRY_SUFFIX,1836,"[18.191897286087467, 31.709845134652394, 0.08389154719530145]","[4, 5, 6, 7, 7]","[""F_6"", ""F_7"", ""F_8"", ""F_9"", ""F_9""]",F_5,1837,False
episode_008_repeat_01/handoff_023,C3_ENTRY_SUFFIX,1842,"[18.271223445243265, 31.720048116975057, 0.16595270995899591]","[4, 5, 6, 7, 7]","[""F_6"", ""F_7"", ""F_8"", ""F_9"", ""F_9""]",F_5,1843,False
episode_008_repeat_01/handoff_023,C3_ENTRY_SUFFIX,1848,"[18.349723732573864, 31.735425211923097, 0.21693956668279268]","[5, 6, 7, 7, 7]","[""F_7"", ""F_8"", ""F_9"", ""F_9"", ""F_9""]",F_6,1849,False
episode_008_repeat_01/handoff_023,C3_ENTRY_SUFFIX,1854,"[18.427492243859056, 31.754169195441467, 0.2546709847329245]","[5, 6, 7, 7, 7]","[""F_7"", ""F_8"", ""F_9"", ""F_9"", ""F_9""]",F_6,1855,False
episode_008_repeat_01/handoff_023,C3_ENTRY_SUFFIX,1860,"[18.50466197515468, 31.775255094221865, 0.27640478882998565]","[6, 7, 7, 7, 7]","[""F_8"", ""F_9"", ""F_9"", ""F_9"", ""F_9""]",F_7,1861,False
episode_008_repeat_01/handoff_023,C3_ENTRY_SUFFIX,1866,"[18.581515051072156, 31.79747170849797, 0.28463710665693753]","[6, 7, 7, 7, 7]","[""F_8"", ""F_9"", ""F_9"", ""F_9"", ""F_9""]",F_7,1867,False
episode_008_repeat_01/handoff_023,C3_ENTRY_SUFFIX,1872,"[18.64612681084098, 31.816217825971343, 0.2777425852945359]","[7, 7, 7, 7, 7]","[""F_9"", ""F_9"", ""F_9"", ""F_9"", ""F_9""]",F_8,1873,False
episode_008_repeat_01/handoff_023,C3_ENTRY_SUFFIX,1878,"[18.692438858552276, 31.82907837761338, 0.26205585640838835]","[7, 7, 7, 7, 7]","[""F_9"", ""F_9"", ""F_9"", ""F_9"", ""F_9""]",F_9,1879,False
episode_008_repeat_01/handoff_023,C3_ENTRY_SUFFIX,1884,"[18.71960776959988, 31.83611191482426, 0.24210635198355623]","[7, 7, 7, 7, 7]","[""F_9"", ""F_9"", ""F_9"", ""F_9"", ""F_9""]",F_9,1885,False
episode_008_repeat_01/handoff_023,C3_ENTRY_SUFFIX,1890,"[18.72744907946043, 31.837998153163547, 0.22440512173065175]","[7, 7, 7, 7, 7]","[""F_9"", ""F_9"", ""F_9"", ""F_9"", ""F_9""]",F_9,1891,False
episode_008_repeat_01/handoff_023,C3_ENTRY_SUFFIX,1896,"[18.7282181842069, 31.838172546107778, 0.21097294170873404]","[7, 7, 7, 7, 7]","[""F_9"", ""F_9"", ""F_9"", ""F_9"", ""F_9""]",F_9,1897,False
episode_008_repeat_01/handoff_023,C3_ENTRY_SUFFIX,1902,"[18.7282181850625, 31.83817254628622, 0.20108691532476142]","[7, 7, 7, 7, 7]","[""F_9"", ""F_9"", ""F_9"", ""F_9"", ""F_9""]",F_9,1903,False
episode_008_repeat_01/handoff_023,C3_ENTRY_SUFFIX,1908,"[18.72821818581146, 31.838172546436017, 0.1938277307595282]","[7, 7, 7, 7, 7]","[""F_9"", ""F_9"", ""F_9"", ""F_9"", ""F_9""]",F_9,1909,False
episode_008_repeat_01/handoff_023,C3_ENTRY_SUFFIX,1914,"[18.728218186446608, 31.83817254655889, 0.18849836175569035]","[7, 7, 7, 7, 7]","[""F_9"", ""F_9"", ""F_9"", ""F_9"", ""F_9""]",F_9,1915,False
episode_008_repeat_01/handoff_023,C3_ENTRY_SUFFIX,1920,"[18.72821818700914, 31.83817254666503, 0.18458583169913956]","[7, 7, 7, 7, 7]","[""F_9"", ""F_9"", ""F_9"", ""F_9"", ""F_9""]",F_9,1921,False
episode_008_repeat_01/handoff_023,C3_ENTRY_SUFFIX,1926,"[18.72821818752288, 31.838172546760163, 0.1817134701030012]","[7, 7, 7, 7, 7]","[""F_9"", ""F_9"", ""F_9"", ""F_9"", ""F_9""]",F_9,1927,False
episode_008_repeat_01/handoff_023,C3_ENTRY_SUFFIX,1932,"[18.728218188002938, 31.838172546847826, 0.17960474242139224]","[7, 7, 7, 7, 7]","[""F_9"", ""F_9"", ""F_9"", ""F_9"", ""F_9""]",F_9,1933,False
episode_008_repeat_01/handoff_023,C3_ENTRY_SUFFIX,1938,"[18.728218188459323, 31.838172546930306, 0.17805663218071333]","[7, 7, 7, 7, 7]","[""F_9"", ""F_9"", ""F_9"", ""F_9"", ""F_9""]",F_9,1939,False
episode_008_repeat_01/handoff_023,C3_ENTRY_SUFFIX,1944,"[18.72821818889886, 31.83817254700914, 0.17692009599571001]","[7, 7, 7, 7, 7]","[""F_9"", ""F_9"", ""F_9"", ""F_9"", ""F_9""]",F_9,1945,False
episode_008_repeat_01/handoff_023,C3_ENTRY_SUFFIX,1950,"[18.728218189326313, 31.83817254708537, 0.17608571452518618]","[7, 7, 7, 7, 7]","[""F_9"", ""F_9"", ""F_9"", ""F_9"", ""F_9""]",F_9,1951,False
episode_008_repeat_01/handoff_023,C3_ENTRY_SUFFIX,1956,"[18.728218189745032, 31.838172547159733, 0.17547315819191356]","[7, 7, 7, 7, 7]","[""F_9"", ""F_9"", ""F_9"", ""F_9"", ""F_9""]",F_9,1957,False
episode_008_repeat_01/handoff_023,C3_ENTRY_SUFFIX,1962,"[18.72821819015742, 31.838172547232748, 0.17502345350095805]","[7, 7, 7, 7, 7]","[""F_9"", ""F_9"", ""F_9"", ""F_9"", ""F_9""]",F_9,1963,False
episode_008_repeat_01/handoff_023,C3_ENTRY_SUFFIX,1968,"[18.728218190565197, 31.838172547304787, 0.17469330540184247]","[7, 7, 7, 7, 7]","[""F_9"", ""F_9"", ""F_9"", ""F_9"", ""F_9""]",F_9,1969,False
episode_008_repeat_01/handoff_023,C3_ENTRY_SUFFIX,1974,"[18.728218190969606, 31.83817254737611, 0.17445092908349835]","[7, 7, 7, 7, 7]","[""F_9"", ""F_9"", ""F_9"", ""F_9"", ""F_9""]",F_9,1975,False
episode_008_repeat_01/handoff_023,C3_ENTRY_SUFFIX,1980,"[18.728218191371564, 31.838172547446916, 0.1742729899106057]","[7, 7, 7, 7, 7]","[""F_9"", ""F_9"", ""F_9"", ""F_9"", ""F_9""]",F_9,1981,False
episode_008_repeat_01/handoff_023,HERMITE_BRIDGE,1806,"[17.84115860483165, 31.810155537028734, -0.6838866723247516]","[1, 2, 3, 4, 5]","[""bridge_1"", ""E*"", ""F_3"", ""F_4"", ""F_5""]",B,1807,False
episode_008_repeat_01/handoff_023,HERMITE_BRIDGE,1812,"[17.867481915509057, 31.79080423967675, -0.567786292633742]","[1, 2, 3, 4, 5]","[""bridge_1"", ""E*"", ""F_3"", ""F_4"", ""F_5""]",B,1813,False
episode_008_repeat_01/handoff_023,HERMITE_BRIDGE,1818,"[17.878446781810094, 31.784423296046768, -0.46869351779096213]","[1, 2, 3, 4, 5]","[""bridge_1"", ""E*"", ""F_3"", ""F_4"", ""F_5""]",B,1819,False
episode_008_repeat_01/handoff_023,HERMITE_BRIDGE,1824,"[17.87984385084947, 31.78372964844985, -0.39281409286594293]","[1, 2, 3, 4, 5]","[""bridge_1"", ""E*"", ""F_3"", ""F_4"", ""F_5""]",B,1825,False
episode_008_repeat_01/handoff_023,HERMITE_BRIDGE,1830,"[17.87984385084947, 31.78372964844985, -0.3345257760548175]","[1, 2, 3, 4, 5]","[""bridge_1"", ""E*"", ""F_3"", ""F_4"", ""F_5""]",B,1831,False
episode_008_repeat_01/handoff_023,HERMITE_BRIDGE,1836,"[17.87984385084947, 31.78372964844985, -0.2895638905129303]","[2, 3, 4, 5, 6]","[""E*"", ""F_3"", ""F_4"", ""F_5"", ""F_6""]",bridge_1,1837,False
episode_008_repeat_01/handoff_023,HERMITE_BRIDGE,1842,"[17.895997313955, 31.77963893517367, -0.2136310990075927]","[2, 3, 4, 5, 6]","[""E*"", ""F_3"", ""F_4"", ""F_5"", ""F_6""]",bridge_1,1843,False
episode_008_repeat_01/handoff_023,HERMITE_BRIDGE,1848,"[17.926637712338156, 31.774257601728987, -0.13994465164599212]","[2, 3, 4, 5, 6]","[""E*"", ""F_3"", ""F_4"", ""F_5"", ""F_6""]",bridge_1,1849,False
episode_008_repeat_01/handoff_023,HERMITE_BRIDGE,1854,"[17.95387626356579, 31.771126043688255, -0.09106729969272509]","[5, 6, 7, 8, 9]","[""F_5"", ""F_6"", ""F_7"", ""F_8"", ""F_9""]",F_4,1855,False
episode_008_repeat_01/handoff_023,HERMITE_BRIDGE,1860,"[17.996714430890652, 31.769006955183666, -0.006550906603437934]","[5, 6, 7, 8, 9]","[""F_5"", ""F_6"", ""F_7"", ""F_8"", ""F_9""]",F_4,1861,False
episode_008_repeat_01/handoff_023,HERMITE_BRIDGE,1866,"[18.05957371043073, 31.77104033876401, 0.06450121912846374]","[5, 6, 7, 8, 9]","[""F_5"", ""F_6"", ""F_7"", ""F_8"", ""F_9""]",F_4,1867,False
episode_008_repeat_01/handoff_023,HERMITE_BRIDGE,1872,"[18.13696382294013, 31.777978395174305, 0.10960422859624064]","[6, 7, 8, 9, 9]","[""F_6"", ""F_7"", ""F_8"", ""F_9"", ""F_9""]",F_5,1873,False
episode_008_repeat_01/handoff_023,HERMITE_BRIDGE,1878,"[18.216301867274378, 31.788214271299033, 0.14633665793249095]","[6, 7, 8, 9, 9]","[""F_6"", ""F_7"", ""F_8"", ""F_9"", ""F_9""]",F_5,1879,False
episode_008_repeat_01/handoff_023,HERMITE_BRIDGE,1884,"[18.29527981356013, 31.8009490163531, 0.17162771155895262]","[7, 8, 9, 9, 9]","[""F_7"", ""F_8"", ""F_9"", ""F_9"", ""F_9""]",F_6,1885,False
episode_008_repeat_01/handoff_023,HERMITE_BRIDGE,1890,"[18.373939582572433, 31.815521491051, 0.19472687269633404]","[7, 8, 9, 9, 9]","[""F_7"", ""F_8"", ""F_9"", ""F_9"", ""F_9""]",F_6,1891,False
episode_008_repeat_01/handoff_023,HERMITE_BRIDGE,1896,"[18.45229347813715, 31.83166306123701, 0.21036415825279198]","[7, 8, 9, 9, 9]","[""F_7"", ""F_8"", ""F_9"", ""F_9"", ""F_9""]",F_6,1897,False
episode_008_repeat_01/handoff_023,HERMITE_BRIDGE,1902,"[18.530467300861144, 31.848658328287378, 0.21643439120587837]","[8, 9, 9, 9, 9]","[""F_8"", ""F_9"", ""F_9"", ""F_9"", ""F_9""]",F_7,1903,False
episode_008_repeat_01/handoff_023,HERMITE_BRIDGE,1908,"[18.60356534831244, 31.86481182223812, 0.21809639889955834]","[9, 9, 9, 9, 9]","[""F_9"", ""F_9"", ""F_9"", ""F_9"", ""F_9""]",F_8,1909,False
episode_008_repeat_01/handoff_023,HERMITE_BRIDGE,1914,"[18.659391642445225, 31.877121082903763, 0.2151179726925898]","[9, 9, 9, 9, 9]","[""F_9"", ""F_9"", ""F_9"", ""F_9"", ""F_9""]",F_8,1915,False
episode_008_repeat_01/handoff_023,HERMITE_BRIDGE,1920,"[18.695726310661946, 31.8849435126656, 0.207867705005075]","[9, 9, 9, 9, 9]","[""F_9"", ""F_9"", ""F_9"", ""F_9"", ""F_9""]",F_9,1921,False
episode_008_repeat_01/handoff_023,HERMITE_BRIDGE,1926,"[18.712536251261884, 31.888427607489156, 0.19942233006067633]","[9, 9, 9, 9, 9]","[""F_9"", ""F_9"", ""F_9"", ""F_9"", ""F_9""]",F_9,1927,False
episode_008_repeat_01/handoff_023,HERMITE_BRIDGE,1932,"[18.714796536659456, 31.88888275558, 0.19264069581680365]","[9, 9, 9, 9, 9]","[""F_9"", ""F_9"", ""F_9"", ""F_9"", ""F_9""]",F_9,1933,False
episode_008_repeat_01/handoff_023,HERMITE_BRIDGE,1938,"[18.71479653681088, 31.88888275560945, 0.18762889813425465]","[9, 9, 9, 9, 9]","[""F_9"", ""F_9"", ""F_9"", ""F_9"", ""F_9""]",F_9,1939,False
episode_008_repeat_01/handoff_023,HERMITE_BRIDGE,1944,"[18.71479653681088, 31.88888275560945, 0.18394763171991224]","[9, 9, 9, 9, 9]","[""F_9"", ""F_9"", ""F_9"", ""F_9"", ""F_9""]",F_9,1945,False
episode_008_repeat_01/handoff_023,HERMITE_BRIDGE,1950,"[18.71479653681088, 31.88888275560945, 0.18124494406598446]","[9, 9, 9, 9, 9]","[""F_9"", ""F_9"", ""F_9"", ""F_9"", ""F_9""]",F_9,1951,False
episode_008_repeat_01/handoff_023,HERMITE_BRIDGE,1956,"[18.71479653681088, 31.88888275560945, 0.17926077548141528]","[9, 9, 9, 9, 9]","[""F_9"", ""F_9"", ""F_9"", ""F_9"", ""F_9""]",F_9,1957,False
episode_008_repeat_01/handoff_023,HERMITE_BRIDGE,1962,"[18.71479653681088, 31.88888275560945, 0.1778041092651086]","[9, 9, 9, 9, 9]","[""F_9"", ""F_9"", ""F_9"", ""F_9"", ""F_9""]",F_9,1963,False
episode_008_repeat_01/handoff_023,HERMITE_BRIDGE,1968,"[18.71479653681088, 31.88888275560945, 0.17673470618347942]","[9, 9, 9, 9, 9]","[""F_9"", ""F_9"", ""F_9"", ""F_9"", ""F_9""]",F_9,1969,False
episode_008_repeat_01/handoff_023,HERMITE_BRIDGE,1974,"[18.71479653681088, 31.88888275560945, 0.17594961010678212]","[9, 9, 9, 9, 9]","[""F_9"", ""F_9"", ""F_9"", ""F_9"", ""F_9""]",F_9,1975,False
episode_008_repeat_01/handoff_023,HERMITE_BRIDGE,1980,"[18.71479653681088, 31.88888275560945, 0.17537323637136382]","[9, 9, 9, 9, 9]","[""F_9"", ""F_9"", ""F_9"", ""F_9"", ""F_9""]",F_9,1981,False
episode_013_repeat_00/handoff_020,M0_NATIVE,1524,"[19.668567955248744, 8.99227202834442, -1.3595769416513406]","[3, 4, 5, 6, 7]","[""F_3"", ""F_4"", ""F_5"", ""F_6"", ""F_7""]",F_2,1525,False
episode_013_repeat_00/handoff_020,M0_NATIVE,1530,"[19.680042344044157, 8.925176867134407, -1.4475496588114387]","[3, 4, 5, 6, 7]","[""F_3"", ""F_4"", ""F_5"", ""F_6"", ""F_7""]",F_2,1531,False
episode_013_repeat_00/handoff_020,M0_NATIVE,1536,"[19.683703792146858, 8.863579567918839, -1.5855223794643347]","[4, 5, 6, 7, 8]","[""F_4"", ""F_5"", ""F_6"", ""F_7"", ""F_8""]",F_3,1537,False
episode_013_repeat_00/handoff_020,M0_NATIVE,1542,"[19.675402928815032, 8.787477207532728, -1.7734951032631512]","[4, 5, 6, 7, 8]","[""F_4"", ""F_5"", ""F_6"", ""F_7"", ""F_8""]",F_3,1543,False
episode_013_repeat_00/handoff_020,M0_NATIVE,1548,"[19.65093143589911, 8.711488904585368, -1.9954917056165704]","[5, 6, 7, 8, 9]","[""F_5"", ""F_6"", ""F_7"", ""F_8"", ""F_9""]",F_4,1549,False
episode_013_repeat_00/handoff_020,M0_NATIVE,1554,"[19.61063776671362, 8.642534674940539, -2.199998928571364]","[5, 6, 7, 8, 9]","[""F_5"", ""F_6"", ""F_7"", ""F_8"", ""F_9""]",F_4,1555,False
episode_013_repeat_00/handoff_020,M0_NATIVE,1560,"[19.558429780676544, 8.582022578637485, -2.3583798769407758]","[6, 7, 8, 9, 9]","[""F_6"", ""F_7"", ""F_8"", ""F_9"", ""F_9""]",F_5,1561,False
episode_013_repeat_00/handoff_020,M0_NATIVE,1566,"[19.498310837077373, 8.529314408416706, -2.4805338546095648]","[6, 7, 8, 9, 9]","[""F_6"", ""F_7"", ""F_8"", ""F_9"", ""F_9""]",F_5,1567,False
episode_013_repeat_00/handoff_020,M0_NATIVE,1572,"[19.433128516440267, 8.482965712726042, -2.560291451005111]","[7, 8, 9, 9, 9]","[""F_7"", ""F_8"", ""F_9"", ""F_9"", ""F_9""]",F_6,1573,False
episode_013_repeat_00/handoff_020,M0_NATIVE,1578,"[19.364920220451996, 8.44118434889822, -2.6218945094703314]","[7, 8, 9, 9, 9]","[""F_7"", ""F_8"", ""F_9"", ""F_9"", ""F_9""]",F_6,1579,False
episode_013_repeat_00/handoff_020,M0_NATIVE,1584,"[19.294619020393576, 8.403014965131293, -2.663503601926211]","[7, 8, 9, 9, 9]","[""F_7"", ""F_8"", ""F_9"", ""F_9"", ""F_9""]",F_6,1585,False
episode_013_repeat_00/handoff_020,M0_NATIVE,1590,"[19.223092839688178, 8.367186193339672, -2.688792193266578]","[8, 9, 9, 9, 9]","[""F_8"", ""F_9"", ""F_9"", ""F_9"", ""F_9""]",F_7,1591,False
episode_013_repeat_00/handoff_020,M0_NATIVE,1596,"[19.150784316343834, 8.332962789231743, -2.7100267773628732]","[8, 9, 9, 9, 9]","[""F_8"", ""F_9"", ""F_9"", ""F_9"", ""F_9""]",F_7,1597,False
episode_013_repeat_00/handoff_020,M0_NATIVE,1602,"[19.078940534876594, 8.300291595696299, -2.7172986518583575]","[9, 9, 9, 9, 9]","[""F_9"", ""F_9"", ""F_9"", ""F_9"", ""F_9""]",F_8,1603,False
episode_013_repeat_00/handoff_020,M0_NATIVE,1608,"[19.022404644534724, 8.27474013740186, -2.7158794301061864]","[9, 9, 9, 9, 9]","[""F_9"", ""F_9"", ""F_9"", ""F_9"", ""F_9""]",F_9,1609,False
episode_013_repeat_00/handoff_020,M0_NATIVE,1614,"[18.98417744788178, 8.257242108789136, -2.7071754230899567]","[9, 9, 9, 9, 9]","[""F_9"", ""F_9"", ""F_9"", ""F_9"", ""F_9""]",F_9,1615,False
episode_013_repeat_00/handoff_020,M0_NATIVE,1620,"[18.9642303844142, 8.247863994438584, -2.695187108047374]","[9, 9, 9, 9, 9]","[""F_9"", ""F_9"", ""F_9"", ""F_9"", ""F_9""]",F_9,1621,False
episode_013_repeat_00/handoff_020,M0_NATIVE,1626,"[18.961419256250725, 8.246514932986724, -2.685290445299049]","[9, 9, 9, 9, 9]","[""F_9"", ""F_9"", ""F_9"", ""F_9"", ""F_9""]",F_9,1627,False
episode_013_repeat_00/handoff_020,M0_NATIVE,1632,"[18.961419256250725, 8.246514932986724, -2.6779625114180874]","[9, 9, 9, 9, 9]","[""F_9"", ""F_9"", ""F_9"", ""F_9"", ""F_9""]",F_9,1633,False
episode_013_repeat_00/handoff_020,M0_NATIVE,1638,"[18.961419256250725, 8.246514932986724, -2.672579201897584]","[9, 9, 9, 9, 9]","[""F_9"", ""F_9"", ""F_9"", ""F_9"", ""F_9""]",F_9,1639,False
episode_013_repeat_00/handoff_020,M0_NATIVE,1644,"[18.961419256250725, 8.246514932986724, -2.6686268743773778]","[9, 9, 9, 9, 9]","[""F_9"", ""F_9"", ""F_9"", ""F_9"", ""F_9""]",F_9,1645,False
episode_013_repeat_00/handoff_020,M0_NATIVE,1650,"[18.961419256250725, 8.246514932986724, -2.665725284528742]","[9, 9, 9, 9, 9]","[""F_9"", ""F_9"", ""F_9"", ""F_9"", ""F_9""]",F_9,1651,False
episode_013_repeat_00/handoff_020,M0_NATIVE,1656,"[18.961419256250725, 8.246514932986724, -2.663595098498594]","[9, 9, 9, 9, 9]","[""F_9"", ""F_9"", ""F_9"", ""F_9"", ""F_9""]",F_9,1657,False
episode_013_repeat_00/handoff_020,M0_NATIVE,1662,"[18.961419255568728, 8.24651493263258, -2.6620312365335046]","[9, 9, 9, 9, 9]","[""F_9"", ""F_9"", ""F_9"", ""F_9"", ""F_9""]",F_9,1663,False
episode_013_repeat_00/handoff_020,M0_NATIVE,1668,"[18.961419254768057, 8.246514932215579, -2.660883136767011]","[9, 9, 9, 9, 9]","[""F_9"", ""F_9"", ""F_9"", ""F_9"", ""F_9""]",F_9,1669,False
episode_013_repeat_00/handoff_020,M0_NATIVE,1674,"[18.961419253983568, 8.246514931806018, -2.6600402659753417]","[9, 9, 9, 9, 9]","[""F_9"", ""F_9"", ""F_9"", ""F_9"", ""F_9""]",F_9,1675,False
episode_013_repeat_00/handoff_020,M0_NATIVE,1680,"[18.961419253210735, 8.246514931401824, -2.6594214772492952]","[9, 9, 9, 9, 9]","[""F_9"", ""F_9"", ""F_9"", ""F_9"", ""F_9""]",F_9,1681,False
episode_013_repeat_00/handoff_020,M0_NATIVE,1686,"[18.961419252446337, 8.24651493100153, -2.658967197077334]","[9, 9, 9, 9, 9]","[""F_9"", ""F_9"", ""F_9"", ""F_9"", ""F_9""]",F_9,1687,False
episode_013_repeat_00/handoff_020,M0_NATIVE,1692,"[18.961419251688064, 8.246514930604066, -2.6586336899109675]","[9, 9, 9, 9, 9]","[""F_9"", ""F_9"", ""F_9"", ""F_9"", ""F_9""]",F_9,1693,False
episode_013_repeat_00/handoff_020,M0_NATIVE,1698,"[18.961419250934267, 8.24651493020867, -2.6583888475496704]","[9, 9, 9, 9, 9]","[""F_9"", ""F_9"", ""F_9"", ""F_9"", ""F_9""]",F_9,1699,False
episode_013_repeat_00/handoff_020,C3_ENTRY_SUFFIX,1524,"[19.668567955248744, 8.99227202834442, -1.3595769416513406]","[1, 2, 3, 4, 5]","[""F_3"", ""F_4"", ""F_5"", ""F_6"", ""F_7""]",E*,1525,False
episode_013_repeat_00/handoff_020,C3_ENTRY_SUFFIX,1530,"[19.680042344044157, 8.925176867134407, -1.4475496588114387]","[1, 2, 3, 4, 5]","[""F_3"", ""F_4"", ""F_5"", ""F_6"", ""F_7""]",E*,1531,False
episode_013_repeat_00/handoff_020,C3_ENTRY_SUFFIX,1536,"[19.683703792146858, 8.863579567918839, -1.5855223794643347]","[2, 3, 4, 5, 6]","[""F_4"", ""F_5"", ""F_6"", ""F_7"", ""F_8""]",F_3,1537,False
episode_013_repeat_00/handoff_020,C3_ENTRY_SUFFIX,1542,"[19.675402928815032, 8.787477207532728, -1.7734951032631512]","[2, 3, 4, 5, 6]","[""F_4"", ""F_5"", ""F_6"", ""F_7"", ""F_8""]",F_3,1543,False
episode_013_repeat_00/handoff_020,C3_ENTRY_SUFFIX,1548,"[19.65093143589911, 8.711488904585368, -1.9954917056165704]","[3, 4, 5, 6, 7]","[""F_5"", ""F_6"", ""F_7"", ""F_8"", ""F_9""]",F_4,1549,False
episode_013_repeat_00/handoff_020,C3_ENTRY_SUFFIX,1554,"[19.61063776671362, 8.642534674940539, -2.199998928571364]","[3, 4, 5, 6, 7]","[""F_5"", ""F_6"", ""F_7"", ""F_8"", ""F_9""]",F_4,1555,False
episode_013_repeat_00/handoff_020,C3_ENTRY_SUFFIX,1560,"[19.558429780676544, 8.582022578637485, -2.3583798769407758]","[4, 5, 6, 7, 7]","[""F_6"", ""F_7"", ""F_8"", ""F_9"", ""F_9""]",F_5,1561,False
episode_013_repeat_00/handoff_020,C3_ENTRY_SUFFIX,1566,"[19.498310837077373, 8.529314408416706, -2.4805338546095648]","[4, 5, 6, 7, 7]","[""F_6"", ""F_7"", ""F_8"", ""F_9"", ""F_9""]",F_5,1567,False
episode_013_repeat_00/handoff_020,C3_ENTRY_SUFFIX,1572,"[19.433128516440267, 8.482965712726042, -2.560291451005111]","[5, 6, 7, 7, 7]","[""F_7"", ""F_8"", ""F_9"", ""F_9"", ""F_9""]",F_6,1573,False
episode_013_repeat_00/handoff_020,C3_ENTRY_SUFFIX,1578,"[19.364920220451996, 8.44118434889822, -2.6218945094703314]","[5, 6, 7, 7, 7]","[""F_7"", ""F_8"", ""F_9"", ""F_9"", ""F_9""]",F_6,1579,False
episode_013_repeat_00/handoff_020,C3_ENTRY_SUFFIX,1584,"[19.294619020393576, 8.403014965131293, -2.663503601926211]","[5, 6, 7, 7, 7]","[""F_7"", ""F_8"", ""F_9"", ""F_9"", ""F_9""]",F_6,1585,False
episode_013_repeat_00/handoff_020,C3_ENTRY_SUFFIX,1590,"[19.223092839688178, 8.367186193339672, -2.688792193266578]","[6, 7, 7, 7, 7]","[""F_8"", ""F_9"", ""F_9"", ""F_9"", ""F_9""]",F_7,1591,False
episode_013_repeat_00/handoff_020,C3_ENTRY_SUFFIX,1596,"[19.150784316343834, 8.332962789231743, -2.7100267773628732]","[6, 7, 7, 7, 7]","[""F_8"", ""F_9"", ""F_9"", ""F_9"", ""F_9""]",F_7,1597,False
episode_013_repeat_00/handoff_020,C3_ENTRY_SUFFIX,1602,"[19.078940534876594, 8.300291595696299, -2.7172986518583575]","[7, 7, 7, 7, 7]","[""F_9"", ""F_9"", ""F_9"", ""F_9"", ""F_9""]",F_8,1603,False
episode_013_repeat_00/handoff_020,C3_ENTRY_SUFFIX,1608,"[19.022404644534724, 8.27474013740186, -2.7158794301061864]","[7, 7, 7, 7, 7]","[""F_9"", ""F_9"", ""F_9"", ""F_9"", ""F_9""]",F_9,1609,False
episode_013_repeat_00/handoff_020,C3_ENTRY_SUFFIX,1614,"[18.98417744788178, 8.257242108789136, -2.7071754230899567]","[7, 7, 7, 7, 7]","[""F_9"", ""F_9"", ""F_9"", ""F_9"", ""F_9""]",F_9,1615,False
episode_013_repeat_00/handoff_020,C3_ENTRY_SUFFIX,1620,"[18.9642303844142, 8.247863994438584, -2.695187108047374]","[7, 7, 7, 7, 7]","[""F_9"", ""F_9"", ""F_9"", ""F_9"", ""F_9""]",F_9,1621,False
episode_013_repeat_00/handoff_020,C3_ENTRY_SUFFIX,1626,"[18.961419256250725, 8.246514932986724, -2.685290445299049]","[7, 7, 7, 7, 7]","[""F_9"", ""F_9"", ""F_9"", ""F_9"", ""F_9""]",F_9,1627,False
episode_013_repeat_00/handoff_020,C3_ENTRY_SUFFIX,1632,"[18.961419256250725, 8.246514932986724, -2.6779625114180874]","[7, 7, 7, 7, 7]","[""F_9"", ""F_9"", ""F_9"", ""F_9"", ""F_9""]",F_9,1633,False
episode_013_repeat_00/handoff_020,C3_ENTRY_SUFFIX,1638,"[18.961419256250725, 8.246514932986724, -2.672579201897584]","[7, 7, 7, 7, 7]","[""F_9"", ""F_9"", ""F_9"", ""F_9"", ""F_9""]",F_9,1639,False
episode_013_repeat_00/handoff_020,C3_ENTRY_SUFFIX,1644,"[18.961419256250725, 8.246514932986724, -2.6686268743773778]","[7, 7, 7, 7, 7]","[""F_9"", ""F_9"", ""F_9"", ""F_9"", ""F_9""]",F_9,1645,False
episode_013_repeat_00/handoff_020,C3_ENTRY_SUFFIX,1650,"[18.961419256250725, 8.246514932986724, -2.665725284528742]","[7, 7, 7, 7, 7]","[""F_9"", ""F_9"", ""F_9"", ""F_9"", ""F_9""]",F_9,1651,False
episode_013_repeat_00/handoff_020,C3_ENTRY_SUFFIX,1656,"[18.961419256250725, 8.246514932986724, -2.663595098498594]","[7, 7, 7, 7, 7]","[""F_9"", ""F_9"", ""F_9"", ""F_9"", ""F_9""]",F_9,1657,False
episode_013_repeat_00/handoff_020,C3_ENTRY_SUFFIX,1662,"[18.961419255568728, 8.24651493263258, -2.6620312365335046]","[7, 7, 7, 7, 7]","[""F_9"", ""F_9"", ""F_9"", ""F_9"", ""F_9""]",F_9,1663,False
episode_013_repeat_00/handoff_020,C3_ENTRY_SUFFIX,1668,"[18.961419254768057, 8.246514932215579, -2.660883136767011]","[7, 7, 7, 7, 7]","[""F_9"", ""F_9"", ""F_9"", ""F_9"", ""F_9""]",F_9,1669,False
episode_013_repeat_00/handoff_020,C3_ENTRY_SUFFIX,1674,"[18.961419253983568, 8.246514931806018, -2.6600402659753417]","[7, 7, 7, 7, 7]","[""F_9"", ""F_9"", ""F_9"", ""F_9"", ""F_9""]",F_9,1675,False
episode_013_repeat_00/handoff_020,C3_ENTRY_SUFFIX,1680,"[18.961419253210735, 8.246514931401824, -2.6594214772492952]","[7, 7, 7, 7, 7]","[""F_9"", ""F_9"", ""F_9"", ""F_9"", ""F_9""]",F_9,1681,False
episode_013_repeat_00/handoff_020,C3_ENTRY_SUFFIX,1686,"[18.961419252446337, 8.24651493100153, -2.658967197077334]","[7, 7, 7, 7, 7]","[""F_9"", ""F_9"", ""F_9"", ""F_9"", ""F_9""]",F_9,1687,False
episode_013_repeat_00/handoff_020,C3_ENTRY_SUFFIX,1692,"[18.961419251688064, 8.246514930604066, -2.6586336899109675]","[7, 7, 7, 7, 7]","[""F_9"", ""F_9"", ""F_9"", ""F_9"", ""F_9""]",F_9,1693,False
episode_013_repeat_00/handoff_020,C3_ENTRY_SUFFIX,1698,"[18.961419250934267, 8.24651493020867, -2.6583888475496704]","[7, 7, 7, 7, 7]","[""F_9"", ""F_9"", ""F_9"", ""F_9"", ""F_9""]",F_9,1699,False
episode_013_repeat_00/handoff_020,HERMITE_BRIDGE,1524,"[19.668567955248744, 8.99227202834442, -1.3595769416513406]","[1, 2, 3, 4, 5]","[""bridge_1"", ""E*"", ""F_3"", ""F_4"", ""F_5""]",B,1525,False
episode_013_repeat_00/handoff_020,HERMITE_BRIDGE,1530,"[19.675327562206608, 8.953778443798171, -1.4475496584610135]","[1, 2, 3, 4, 5]","[""bridge_1"", ""E*"", ""F_3"", ""F_4"", ""F_5""]",B,1531,False
episode_013_repeat_00/handoff_020,HERMITE_BRIDGE,1536,"[19.676619617096385, 8.934742739792652, -1.5855223763179926]","[1, 2, 3, 4, 5]","[""bridge_1"", ""E*"", ""F_3"", ""F_4"", ""F_5""]",B,1537,False
episode_013_repeat_00/handoff_020,HERMITE_BRIDGE,1542,"[19.676015792921202, 8.926500748263233, -1.720984564134578]","[2, 3, 4, 5, 6]","[""E*"", ""F_3"", ""F_4"", ""F_5"", ""F_6""]",bridge_1,1543,False
episode_013_repeat_00/handoff_020,HERMITE_BRIDGE,1548,"[19.67053329556674, 8.90373269133629, -1.87857870955992]","[2, 3, 4, 5, 6]","[""E*"", ""F_3"", ""F_4"", ""F_5"", ""F_6""]",bridge_1,1549,False
episode_013_repeat_00/handoff_020,HERMITE_BRIDGE,1554,"[19.654343304025016, 8.863453952760809, -2.0142423213782115]","[4, 5, 6, 7, 8]","[""F_4"", ""F_5"", ""F_6"", ""F_7"", ""F_8""]",F_3,1555,False
episode_013_repeat_00/handoff_020,HERMITE_BRIDGE,1560,"[19.622840238911746, 8.80845599353385, -2.164455420606714]","[4, 5, 6, 7, 8]","[""F_4"", ""F_5"", ""F_6"", ""F_7"", ""F_8""]",F_3,1561,False
episode_013_repeat_00/handoff_020,HERMITE_BRIDGE,1566,"[19.575489552950295, 8.746776262855, -2.2769833995778885]","[5, 6, 7, 8, 9]","[""F_5"", ""F_6"", ""F_7"", ""F_8"", ""F_9""]",F_4,1567,False
episode_013_repeat_00/handoff_020,HERMITE_BRIDGE,1572,"[19.52084467720238, 8.68838278479345, -2.366690654979911]","[5, 6, 7, 8, 9]","[""F_5"", ""F_6"", ""F_7"", ""F_8"", ""F_9""]",F_4,1573,False
episode_013_repeat_00/handoff_020,HERMITE_BRIDGE,1578,"[19.46192681651192, 8.634281314218466, -2.4263533471086443]","[6, 7, 8, 9, 9]","[""F_6"", ""F_7"", ""F_8"", ""F_9"", ""F_9""]",F_5,1579,False
episode_013_repeat_00/handoff_020,HERMITE_BRIDGE,1584,"[19.400158408996813, 8.583456570786147, -2.47966666274895]","[6, 7, 8, 9, 9]","[""F_6"", ""F_7"", ""F_8"", ""F_9"", ""F_9""]",F_5,1585,False
episode_013_repeat_00/handoff_020,HERMITE_BRIDGE,1590,"[19.336077555812658, 8.5355718401782, -2.517482518982437]","[7, 8, 9, 9, 9]","[""F_7"", ""F_8"", ""F_9"", ""F_9"", ""F_9""]",F_6,1591,False
episode_013_repeat_00/handoff_020,HERMITE_BRIDGE,1596,"[19.27030194169971, 8.490043913298598, -2.5553119385937064]","[7, 8, 9, 9, 9]","[""F_7"", ""F_8"", ""F_9"", ""F_9"", ""F_9""]",F_6,1597,False
episode_013_repeat_00/handoff_020,HERMITE_BRIDGE,1602,"[19.203012095615403, 8.446780870293782, -2.583353381835]","[8, 9, 9, 9, 9]","[""F_8"", ""F_9"", ""F_9"", ""F_9"", ""F_9""]",F_7,1603,False
episode_013_repeat_00/handoff_020,HERMITE_BRIDGE,1608,"[19.134600694448732, 8.40531406379453, -2.6101247834107073]","[8, 9, 9, 9, 9]","[""F_8"", ""F_9"", ""F_9"", ""F_9"", ""F_9""]",F_7,1609,False
episode_013_repeat_00/handoff_020,HERMITE_BRIDGE,1614,"[19.06524582467873, 8.36544240394659, -2.6280508915539444]","[9, 9, 9, 9, 9]","[""F_9"", ""F_9"", ""F_9"", ""F_9"", ""F_9""]",F_8,1615,False
episode_013_repeat_00/handoff_020,HERMITE_BRIDGE,1620,"[19.00843519895659, 8.333880674992546, -2.640873373825257]","[9, 9, 9, 9, 9]","[""F_9"", ""F_9"", ""F_9"", ""F_9"", ""F_9""]",F_8,1621,False
episode_013_repeat_00/handoff_020,HERMITE_BRIDGE,1626,"[18.9685961770547, 8.312274583320518, -2.6480401460823773]","[9, 9, 9, 9, 9]","[""F_9"", ""F_9"", ""F_9"", ""F_9"", ""F_9""]",F_9,1627,False
episode_013_repeat_00/handoff_020,HERMITE_BRIDGE,1632,"[18.94627727683544, 8.300315844079181, -2.6512276052928168]","[9, 9, 9, 9, 9]","[""F_9"", ""F_9"", ""F_9"", ""F_9"", ""F_9""]",F_9,1633,False
episode_013_repeat_00/handoff_020,HERMITE_BRIDGE,1638,"[18.94158219604504, 8.297812321623672, -2.6530144826576163]","[9, 9, 9, 9, 9]","[""F_9"", ""F_9"", ""F_9"", ""F_9"", ""F_9""]",F_9,1639,False
episode_013_repeat_00/handoff_020,HERMITE_BRIDGE,1644,"[18.941289677985175, 8.29765688062373, -2.6542671104137847]","[9, 9, 9, 9, 9]","[""F_9"", ""F_9"", ""F_9"", ""F_9"", ""F_9""]",F_9,1645,False
episode_013_repeat_00/handoff_020,HERMITE_BRIDGE,1650,"[18.94128967703974, 8.297656880123268, -2.6551833502350064]","[9, 9, 9, 9, 9]","[""F_9"", ""F_9"", ""F_9"", ""F_9"", ""F_9""]",F_9,1651,False
episode_013_repeat_00/handoff_020,HERMITE_BRIDGE,1656,"[18.941289676098297, 8.297656879625873, -2.6558558105916275]","[9, 9, 9, 9, 9]","[""F_9"", ""F_9"", ""F_9"", ""F_9"", ""F_9""]",F_9,1657,False
episode_013_repeat_00/handoff_020,HERMITE_BRIDGE,1662,"[18.941289675153566, 8.29765687912744, -2.656349482548743]","[9, 9, 9, 9, 9]","[""F_9"", ""F_9"", ""F_9"", ""F_9"", ""F_9""]",F_9,1663,False
episode_013_repeat_00/handoff_020,HERMITE_BRIDGE,1668,"[18.941289674206413, 8.297656878628239, -2.656711908334094]","[9, 9, 9, 9, 9]","[""F_9"", ""F_9"", ""F_9"", ""F_9"", ""F_9""]",F_9,1669,False
episode_013_repeat_00/handoff_020,HERMITE_BRIDGE,1674,"[18.941289673257472, 8.297656878128478, -2.656977981088976]","[9, 9, 9, 9, 9]","[""F_9"", ""F_9"", ""F_9"", ""F_9"", ""F_9""]",F_9,1675,False
episode_013_repeat_00/handoff_020,HERMITE_BRIDGE,1680,"[18.941289672307228, 8.297656877628308, -2.657173316858213]","[9, 9, 9, 9, 9]","[""F_9"", ""F_9"", ""F_9"", ""F_9"", ""F_9""]",F_9,1681,False
episode_013_repeat_00/handoff_020,HERMITE_BRIDGE,1686,"[18.941289671356017, 8.297656877127832, -2.657316721481218]","[9, 9, 9, 9, 9]","[""F_9"", ""F_9"", ""F_9"", ""F_9"", ""F_9""]",F_9,1687,False
episode_013_repeat_00/handoff_020,HERMITE_BRIDGE,1692,"[18.941289670404096, 8.297656876627133, -2.657422001154239]","[9, 9, 9, 9, 9]","[""F_9"", ""F_9"", ""F_9"", ""F_9"", ""F_9""]",F_9,1693,False
episode_013_repeat_00/handoff_020,HERMITE_BRIDGE,1698,"[18.941289669451656, 8.297656876126274, -2.6574992916161464]","[9, 9, 9, 9, 9]","[""F_9"", ""F_9"", ""F_9"", ""F_9"", ""F_9""]",F_9,1699,False
