source_id,rule,target_basis,arc_m,normalized_progress,segment,alpha,nearest_raw_row_diagnostic,target_world,position_gap_m,yaw_gap_rad,tangent_gap_rad,remaining_arc_m,total_arc_m,pose_score,safety,query_tick,query_time_after_B_s,query_pose_world,original_row_identity,physical_target_world,physical_B_position_gap_m,physical_B_yaw_gap_rad
OSA03_R00,C0_ROW0,continuous original FRESH at B,0.0,0.0,0,0.0,0,"[19.203247924329446, 24.356659023345408, -1.2548024780981726]",0.21332400634397655,0.3141735483746253,0.5234672193016632,1.3532455201158953,1.3532455201158953,5.99084410828341,,,,,,,,
OSA03_R00,C1_XY_PROJECTION,continuous original FRESH at B,0.18473653570089893,0.136513687246552,1,0.2257886927193452,1,"[19.295891380828646, 24.196831687029654, -1.045367538873572]",0.10664856928856485,0.5236084875992261,0.523642206901433,1.1685089844149963,1.3532455201158953,5.1375401229496465,"{""label"": ""hypothetical straight connector diagnostic only"", ""connector"": {""status"": ""SWEPT_POLYLINE_CLEARANCE_VALID"", ""workspace_known"": true, ""unknown"": false, ""minimum_clearance_m"": 1.09585173077347, ""physical_overlap"": false, ""clearance_valid"": true, ""footprint_radius_m"": 0.2, ""required_clearance_m"": 0.05, ""checker"": ""DIRECT_GEOMETRY_SWEPT_CIRCLE_ALONG_PIECEWISE_LINEAR_XY"", ""sample_count"": 2, ""sampling_hint_m"": 0.01, ""first_collision_segment_index"": null, ""continuous_time_claim"": ""only the supplied piecewise-linear path; callers must bound curved-path deviation""}, ""suffix"": {""status"": ""SWEPT_POLYLINE_CLEARANCE_VALID"", ""workspace_known"": true, ""unknown"": false, ""minimum_clearance_m"": 0.22948689016047874, ""physical_overlap"": false, ""clearance_valid"": true, ""footprint_radius_m"": 0.2, ""required_clearance_m"": 0.05, ""checker"": ""DIRECT_GEOMETRY_SWEPT_CIRCLE_ALONG_PIECEWISE_LINEAR_XY"", ""sample_count"": 9, ""sampling_hint_m"": 0.01, ""first_collision_segment_index"": null, ""continuous_time_claim"": ""only the supplied piecewise-linear path; callers must bound curved-path deviation""}, ""connector_geometric_threshold_met"": true, ""selection_rejected"": false, ""suffix_is_executed"": false}",,,,,,,
OSA03_R00,C2_SE2_PROJECTION,continuous original FRESH at B,0.09447150867104417,0.06981106330428007,0,0.626650050572598,1,"[19.250621775374995, 24.274924182624346, -1.1235583339758068]",0.13972756769810435,0.44541769249699104,0.5234672193016632,1.2587740114448511,1.3532455201158953,4.847040079216326,"{""label"": ""hypothetical straight connector diagnostic only"", ""connector"": {""status"": ""SWEPT_POLYLINE_CLEARANCE_VALID"", ""workspace_known"": true, ""unknown"": false, ""minimum_clearance_m"": 1.09585173077347, ""physical_overlap"": false, ""clearance_valid"": true, ""footprint_radius_m"": 0.2, ""required_clearance_m"": 0.05, ""checker"": ""DIRECT_GEOMETRY_SWEPT_CIRCLE_ALONG_PIECEWISE_LINEAR_XY"", ""sample_count"": 2, ""sampling_hint_m"": 0.01, ""first_collision_segment_index"": null, ""continuous_time_claim"": ""only the supplied piecewise-linear path; callers must bound curved-path deviation""}, ""suffix"": {""status"": ""SWEPT_POLYLINE_CLEARANCE_VALID"", ""workspace_known"": true, ""unknown"": false, ""minimum_clearance_m"": 0.22948689016047874, ""physical_overlap"": false, ""clearance_valid"": true, ""footprint_radius_m"": 0.2, ""required_clearance_m"": 0.05, ""checker"": ""DIRECT_GEOMETRY_SWEPT_CIRCLE_ALONG_PIECEWISE_LINEAR_XY"", ""sample_count"": 10, ""sampling_hint_m"": 0.01, ""first_collision_segment_index"": null, ""continuous_time_claim"": ""only the supplied piecewise-linear path; callers must bound curved-path deviation""}, ""connector_geometric_threshold_met"": true, ""selection_rejected"": false, ""suffix_is_executed"": false}",,,,,,,
OSA03_R00,C3_FORWARD_SE2,continuous original FRESH at B,0.18474273839738128,0.1365182708172272,1,0.22582990794399482,1,"[19.29589449218289, 24.196826321126334, -1.0453675393771789]",0.1066485694689392,0.523608487095619,0.523642206901433,1.168502781718514,1.3532455201158953,5.1375401191022885,"{""label"": ""hypothetical straight connector diagnostic only"", ""connector"": {""status"": ""SWEPT_POLYLINE_CLEARANCE_VALID"", ""workspace_known"": true, ""unknown"": false, ""minimum_clearance_m"": 1.09585173077347, ""physical_overlap"": false, ""clearance_valid"": true, ""footprint_radius_m"": 0.2, ""required_clearance_m"": 0.05, ""checker"": ""DIRECT_GEOMETRY_SWEPT_CIRCLE_ALONG_PIECEWISE_LINEAR_XY"", ""sample_count"": 2, ""sampling_hint_m"": 0.01, ""first_collision_segment_index"": null, ""continuous_time_claim"": ""only the supplied piecewise-linear path; callers must bound curved-path deviation""}, ""suffix"": {""status"": ""SWEPT_POLYLINE_CLEARANCE_VALID"", ""workspace_known"": true, ""unknown"": false, ""minimum_clearance_m"": 0.22948689016047874, ""physical_overlap"": false, ""clearance_valid"": true, ""footprint_radius_m"": 0.2, ""required_clearance_m"": 0.05, ""checker"": ""DIRECT_GEOMETRY_SWEPT_CIRCLE_ALONG_PIECEWISE_LINEAR_XY"", ""sample_count"": 9, ""sampling_hint_m"": 0.01, ""first_collision_segment_index"": null, ""continuous_time_claim"": ""only the supplied piecewise-linear path; callers must bound curved-path deviation""}, ""connector_geometric_threshold_met"": true, ""selection_rejected"": false, ""suffix_is_executed"": false}",,,,,,,
OSA03_R00,M0_NATIVE_nearest,original identity at first matched query; gaps measured from B,0.3012516776926266,0.22261420652390312,1,1.0,2,"[19.354336910512455, 24.096035365800496, -1.045376998924512]",0.15795472656635076,0.5235990275482858,0.523642206901433,1.0519938424232687,1.3532455201158953,6.494973413978231,,96,0.06666667014360428,"[19.204616420161308, 24.090013606205353, -1.5356427948050633]",2,"[19.354336910512455, 24.096035365800496, -1.0453769989245123]",0.15795472656635076,0.5235990275482856
OSA03_R00,M0_NATIVE_H5_start,original identity at first matched query; gaps measured from B,0.45186153279004126,0.3339094983675562,2,0.9999999999999998,3,"[19.42987255365256, 23.965736881281778, -1.0454787440531437]",0.28762243051079245,0.5234972824196542,0.523548238152177,0.901383987325854,1.3532455201158953,12.271115702042914,,96,0.06666667014360428,"[19.204616420161308, 24.090013606205353, -1.5356427948050633]",3,"[19.42987255365256, 23.965736881281778, -1.045478744053144]",0.28762243051079245,0.523497282419654
OSA03_R00,HALF_TRANSPORT_LOCAL_SE2_nearest,original identity at first matched query; gaps measured from B,0.15075640476645832,0.11140358680333719,0,1.0,1,"[19.278846499646342, 24.226227627630404, -1.0453647799723331]",0.11193107981977081,0.5236112465004648,0.5234672193016632,1.202489115349437,1.3532455201158953,5.2530472065806695,,96,0.06666667014360428,"[19.204616420161308, 24.090013606205353, -1.5356427948050633]",1,"[19.278997386547584, 24.123492474031828, -1.0444104766151943]",0.07793522772612467,0.5245655498576036
OSA03_R00,HALF_TRANSPORT_LOCAL_SE2_H5_start,original identity at first matched query; gaps measured from B,0.3012516776926266,0.22261420652390312,1,1.0,2,"[19.354336910512455, 24.096035365800496, -1.045376998924512]",0.15795472656635076,0.5235990275482858,0.523642206901433,1.0519938424232687,1.3532455201158953,6.494973413978231,,96,0.06666667014360428,"[19.204616420161308, 24.090013606205353, -1.5356427948050633]",2,"[19.354456751873375, 24.000866987041285, -1.0436133744957756]",0.20747476855722635,0.5253626519770223
OSA03_R00,FULL_LOCAL_SE2_nearest,original identity at first matched query; gaps measured from B,0.0,0.0,0,0.0,0,"[19.203247924329446, 24.356659023345408, -1.2548024780981726]",0.21332400634397655,0.3141735483746253,0.5234672193016632,1.3532455201158953,1.3532455201158953,5.99084410828341,,96,0.06666667014360428,"[19.204616420161308, 24.090013606205353, -1.5356427948050633]",0,"[19.203579583548727, 24.1455152657597, -1.2539190365120654]",0.0021805013976600196,0.3150569899607325
OSA03_R00,FULL_LOCAL_SE2_H5_start,original identity at first matched query; gaps measured from B,0.15075640476645832,0.11140358680333719,0,1.0,1,"[19.278846499646342, 24.226227627630404, -1.0453647799723331]",0.11193107981977081,0.5236112465004648,0.5234672193016632,1.202489115349437,1.3532455201158953,5.2530472065806695,,96,0.06666667014360428,"[19.204616420161308, 24.090013606205353, -1.5356427948050633]",1,"[19.279148077455, 24.020757136930502, -1.0434523091083128]",0.1439733214879031,0.5255237173644851
episode_001_repeat_01/handoff_013,C0_ROW0,continuous original FRESH at B,0.0,0.0,0,0.0,0,"[18.792272327481577, 10.213078390995763, -1.7088611259609978]",0.34870461167655903,0.2619994505005878,0.26195461083934557,1.3547669898114552,1.3547669898114552,13.161019570883374,,,,,,,,
episode_001_repeat_01/handoff_013,C1_XY_PROJECTION,continuous original FRESH at B,0.3245351532347025,0.2395505320659374,2,0.15272153008498043,2,"[18.74762742214254, 9.891628709731863, -1.7086552066030893]",0.12764430850410247,0.26179353114267934,0.2616817507561673,1.0302318365767527,1.3547669898114552,2.6292622082897945,"{""label"": ""hypothetical straight connector diagnostic only"", ""connector"": {""status"": ""SWEPT_POLYLINE_CLEARANCE_VALID"", ""workspace_known"": true, ""unknown"": false, ""minimum_clearance_m"": 0.7572532867773871, ""physical_overlap"": false, ""clearance_valid"": true, ""footprint_radius_m"": 0.2, ""required_clearance_m"": 0.05, ""checker"": ""DIRECT_GEOMETRY_SWEPT_CIRCLE_ALONG_PIECEWISE_LINEAR_XY"", ""sample_count"": 2, ""sampling_hint_m"": 0.01, ""first_collision_segment_index"": null, ""continuous_time_claim"": ""only the supplied piecewise-linear path; callers must bound curved-path deviation""}, ""suffix"": {""status"": ""SWEPT_POLYLINE_CLEARANCE_VALID"", ""workspace_known"": true, ""unknown"": false, ""minimum_clearance_m"": 0.8244915575856333, ""physical_overlap"": false, ""clearance_valid"": true, ""footprint_radius_m"": 0.2, ""required_clearance_m"": 0.05, ""checker"": ""DIRECT_GEOMETRY_SWEPT_CIRCLE_ALONG_PIECEWISE_LINEAR_XY"", ""sample_count"": 8, ""sampling_hint_m"": 0.01, ""first_collision_segment_index"": null, ""continuous_time_claim"": ""only the supplied piecewise-linear path; callers must bound curved-path deviation""}, ""connector_geometric_threshold_met"": true, ""selection_rejected"": false, ""suffix_is_executed"": false}",,,,,,,
episode_001_repeat_01/handoff_013,C2_SE2_PROJECTION,continuous original FRESH at B,0.3245809061559166,0.23958430386696167,2,0.15302563680147266,2,"[18.747621139721804, 9.891583390188735, -1.708655151798606]",0.12764431670395746,0.26179347633819594,0.2616817507561673,1.0301860836555385,1.3547669898114552,2.6292619989567614,"{""label"": ""hypothetical straight connector diagnostic only"", ""connector"": {""status"": ""SWEPT_POLYLINE_CLEARANCE_VALID"", ""workspace_known"": true, ""unknown"": false, ""minimum_clearance_m"": 0.7572532867773871, ""physical_overlap"": false, ""clearance_valid"": true, ""footprint_radius_m"": 0.2, ""required_clearance_m"": 0.05, ""checker"": ""DIRECT_GEOMETRY_SWEPT_CIRCLE_ALONG_PIECEWISE_LINEAR_XY"", ""sample_count"": 2, ""sampling_hint_m"": 0.01, ""first_collision_segment_index"": null, ""continuous_time_claim"": ""only the supplied piecewise-linear path; callers must bound curved-path deviation""}, ""suffix"": {""status"": ""SWEPT_POLYLINE_CLEARANCE_VALID"", ""workspace_known"": true, ""unknown"": false, ""minimum_clearance_m"": 0.8245290941513459, ""physical_overlap"": false, ""clearance_valid"": true, ""footprint_radius_m"": 0.2, ""required_clearance_m"": 0.05, ""checker"": ""DIRECT_GEOMETRY_SWEPT_CIRCLE_ALONG_PIECEWISE_LINEAR_XY"", ""sample_count"": 8, ""sampling_hint_m"": 0.01, ""first_collision_segment_index"": null, ""continuous_time_claim"": ""only the supplied piecewise-linear path; callers must bound curved-path deviation""}, ""connector_geometric_threshold_met"": true, ""selection_rejected"": false, ""suffix_is_executed"": false}",,,,,,,
episode_001_repeat_01/handoff_013,C3_FORWARD_SE2,continuous original FRESH at B,0.3245809061559166,0.23958430386696167,2,0.15302563680147266,2,"[18.747621139721804, 9.891583390188735, -1.708655151798606]",0.12764431670395746,0.26179347633819594,0.2616817507561673,1.0301860836555385,1.3547669898114552,2.6292619989567614,"{""label"": ""hypothetical straight connector diagnostic only"", ""connector"": {""status"": ""SWEPT_POLYLINE_CLEARANCE_VALID"", ""workspace_known"": true, ""unknown"": false, ""minimum_clearance_m"": 0.7572532867773871, ""physical_overlap"": false, ""clearance_valid"": true, ""footprint_radius_m"": 0.2, ""required_clearance_m"": 0.05, ""checker"": ""DIRECT_GEOMETRY_SWEPT_CIRCLE_ALONG_PIECEWISE_LINEAR_XY"", ""sample_count"": 2, ""sampling_hint_m"": 0.01, ""first_collision_segment_index"": null, ""continuous_time_claim"": ""only the supplied piecewise-linear path; callers must bound curved-path deviation""}, ""suffix"": {""status"": ""SWEPT_POLYLINE_CLEARANCE_VALID"", ""workspace_known"": true, ""unknown"": false, ""minimum_clearance_m"": 0.8245290941513459, ""physical_overlap"": false, ""clearance_valid"": true, ""footprint_radius_m"": 0.2, ""required_clearance_m"": 0.05, ""checker"": ""DIRECT_GEOMETRY_SWEPT_CIRCLE_ALONG_PIECEWISE_LINEAR_XY"", ""sample_count"": 8, ""sampling_hint_m"": 0.01, ""first_collision_segment_index"": null, ""continuous_time_claim"": ""only the supplied piecewise-linear path; callers must bound curved-path deviation""}, ""connector_geometric_threshold_met"": true, ""selection_rejected"": false, ""suffix_is_executed"": false}",,,,,,,
episode_001_repeat_01/handoff_013,M0_NATIVE_nearest,original identity at first matched query; gaps measured from B,0.4520083821314022,0.3336428961812163,2,1.0,3,"[18.730123830346784, 9.765362925136044, -1.7085025146157067]",0.18039538125695054,0.2616408391552967,0.2616817507561673,0.9027586076800529,1.3547669898114552,4.253038502230286,,1002,0.08333333767950535,"[18.88091559905879, 9.807793015222233, -1.4887640776416609]",3,"[18.730123830346784, 9.765362925136044, -1.7085025146157067]",0.18039538125695054,0.2616408391552967
episode_001_repeat_01/handoff_013,M0_NATIVE_H5_start,original identity at first matched query; gaps measured from B,0.6021761504675787,0.444486878552735,3,0.9999999999999998,4,"[18.70951613903068, 9.616615885818659, -1.7084365322739403]",0.3055723584221318,0.2615748568135303,0.26160019636769904,0.7525908393438765,1.3547669898114552,10.335732068342198,,1002,0.08333333767950535,"[18.88091559905879, 9.807793015222233, -1.4887640776416609]",4,"[18.70951613903068, 9.616615885818659, -1.7084365322739403]",0.3055723584221318,0.2615748568135303
episode_001_repeat_01/handoff_013,HALF_TRANSPORT_LOCAL_SE2_nearest,original identity at first matched query; gaps measured from B,0.15076896981329796,0.11128774981023172,0,1.0,1,"[18.771529204750887, 10.063743180419213, -1.7088156476170342]",0.21558531850468068,0.2619539721566242,0.26195461083934557,1.2039980199981573,1.3547669898114552,5.648884241631413,,1002,0.08333333767950535,"[18.88091559905879, 9.807793015222233, -1.4887640776416609]",1,"[18.800973617764082, 9.828612516136213, -1.709865593481719]",0.0860887224208105,0.26300391802130907
episode_001_repeat_01/handoff_013,HALF_TRANSPORT_LOCAL_SE2_H5_start,original identity at first matched query; gaps measured from B,0.3015581660300949,0.2225904294228952,1,1.0,2,"[18.75078243600864, 9.91438805569139, -1.708682729259185]",0.12969584200925968,0.2618210537987751,0.2619603904778667,1.0532088237813602,1.3547669898114552,2.682266666342973,,1002,0.08333333767950535,"[18.88091559905879, 9.807793015222233, -1.4887640776416609]",2,"[18.778095332045723, 9.696589741015055, -1.7107072159126853]",0.20179246444596863,0.26384554045227526
episode_001_repeat_01/handoff_013,FULL_LOCAL_SE2_nearest,original identity at first matched query; gaps measured from B,0.0,0.0,0,0.0,0,"[18.792272327481577, 10.213078390995763, -1.7088611259609978]",0.34870461167655903,0.2619994505005878,0.26195461083934557,1.3547669898114552,1.3547669898114552,13.161019570883374,,1002,0.08333333767950535,"[18.88091559905879, 9.807793015222233, -1.4887640776416609]",0,"[18.85275605895422, 9.72981987291745, -1.70972700965758]",0.14584648080569615,0.26286533419717006
episode_001_repeat_01/handoff_013,FULL_LOCAL_SE2_H5_start,original identity at first matched query; gaps measured from B,0.15076896981329796,0.11128774981023172,0,1.0,1,"[18.771529204750887, 10.063743180419213, -1.7088156476170342]",0.21558531850468068,0.2619539721566242,0.26195461083934557,1.2039980199981573,1.3547669898114552,5.648884241631413,,1002,0.08333333767950535,"[18.88091559905879, 9.807793015222233, -1.4887640776416609]",1,"[18.830441829721607, 9.593484601263382, -1.710924493699217]",0.2839871340268526,0.26406281823880695
episode_008_repeat_01/handoff_023,C0_ROW0,continuous original FRESH at B,0.0,0.0,0,0.0,0,"[17.491339630068165, 32.209390561490075, -0.6507992021471369]",0.51456181094824,0.05918130728881942,0.13213043456950135,1.2613384789876216,1.2613384789876216,26.52848701765875,,,,,,,,
episode_008_repeat_01/handoff_023,C1_XY_PROJECTION,continuous original FRESH at B,0.46193137914572885,0.3662231723212672,2,0.9725845948085713,3,"[17.89727685765006, 31.99213199452277, -0.3242954780329643]",0.1846831899774071,0.38568503140299204,0.3286305258367927,0.7994070998418927,1.2613384789876216,5.58113076529024,"{""label"": ""hypothetical straight connector diagnostic only"", ""connector"": {""status"": ""SWEPT_POLYLINE_CLEARANCE_VALID"", ""workspace_known"": true, ""unknown"": false, ""minimum_clearance_m"": 0.21148985508009666, ""physical_overlap"": false, ""clearance_valid"": true, ""footprint_radius_m"": 0.2, ""required_clearance_m"": 0.05, ""checker"": ""DIRECT_GEOMETRY_SWEPT_CIRCLE_ALONG_PIECEWISE_LINEAR_XY"", ""sample_count"": 2, ""sampling_hint_m"": 0.01, ""first_collision_segment_index"": null, ""continuous_time_claim"": ""only the supplied piecewise-linear path; callers must bound curved-path deviation""}, ""suffix"": {""status"": ""SWEPT_POLYLINE_CLEARANCE_VALID"", ""workspace_known"": true, ""unknown"": false, ""minimum_clearance_m"": 0.21148985508009666, ""physical_overlap"": false, ""clearance_valid"": true, ""footprint_radius_m"": 0.2, ""required_clearance_m"": 0.05, ""checker"": ""DIRECT_GEOMETRY_SWEPT_CIRCLE_ALONG_PIECEWISE_LINEAR_XY"", ""sample_count"": 8, ""sampling_hint_m"": 0.01, ""first_collision_segment_index"": null, ""continuous_time_claim"": ""only the supplied piecewise-linear path; callers must bound curved-path deviation""}, ""connector_geometric_threshold_met"": true, ""selection_rejected"": false, ""suffix_is_executed"": false}",,,,,,,
episode_008_repeat_01/handoff_023,C2_SE2_PROJECTION,continuous original FRESH at B,0.4156565849029082,0.3295361172494503,2,0.6636158323272495,3,"[17.854326303350852, 32.00935426114498, -0.3670993012867032]",0.19039232453658905,0.34288120814925316,0.3286305258367927,0.8456818940847135,1.2613384789876216,5.340263327522276,"{""label"": ""hypothetical straight connector diagnostic only"", ""connector"": {""status"": ""SWEPT_POLYLINE_CLEARANCE_VALID"", ""workspace_known"": true, ""unknown"": false, ""minimum_clearance_m"": 0.19220524634946662, ""physical_overlap"": false, ""clearance_valid"": true, ""footprint_radius_m"": 0.2, ""required_clearance_m"": 0.05, ""checker"": ""DIRECT_GEOMETRY_SWEPT_CIRCLE_ALONG_PIECEWISE_LINEAR_XY"", ""sample_count"": 2, ""sampling_hint_m"": 0.01, ""first_collision_segment_index"": null, ""continuous_time_claim"": ""only the supplied piecewise-linear path; callers must bound curved-path deviation""}, ""suffix"": {""status"": ""SWEPT_POLYLINE_CLEARANCE_VALID"", ""workspace_known"": true, ""unknown"": false, ""minimum_clearance_m"": 0.19220524634946662, ""physical_overlap"": false, ""clearance_valid"": true, ""footprint_radius_m"": 0.2, ""required_clearance_m"": 0.05, ""checker"": ""DIRECT_GEOMETRY_SWEPT_CIRCLE_ALONG_PIECEWISE_LINEAR_XY"", ""sample_count"": 8, ""sampling_hint_m"": 0.01, ""first_collision_segment_index"": null, ""continuous_time_claim"": ""only the supplied piecewise-linear path; callers must bound curved-path deviation""}, ""connector_geometric_threshold_met"": true, ""selection_rejected"": false, ""suffix_is_executed"": false}",,,,,,,
episode_008_repeat_01/handoff_023,C3_FORWARD_SE2,continuous original FRESH at B,0.46193137914572885,0.3662231723212672,2,0.9725845948085713,3,"[17.89727685765006, 31.99213199452277, -0.3242954780329643]",0.1846831899774071,0.38568503140299204,0.3286305258367927,0.7994070998418927,1.2613384789876216,5.58113076529024,"{""label"": ""hypothetical straight connector diagnostic only"", ""connector"": {""status"": ""SWEPT_POLYLINE_CLEARANCE_VALID"", ""workspace_known"": true, ""unknown"": false, ""minimum_clearance_m"": 0.21148985508009666, ""physical_overlap"": false, ""clearance_valid"": true, ""footprint_radius_m"": 0.2, ""required_clearance_m"": 0.05, ""checker"": ""DIRECT_GEOMETRY_SWEPT_CIRCLE_ALONG_PIECEWISE_LINEAR_XY"", ""sample_count"": 2, ""sampling_hint_m"": 0.01, ""first_collision_segment_index"": null, ""continuous_time_claim"": ""only the supplied piecewise-linear path; callers must bound curved-path deviation""}, ""suffix"": {""status"": ""SWEPT_POLYLINE_CLEARANCE_VALID"", ""workspace_known"": true, ""unknown"": false, ""minimum_clearance_m"": 0.21148985508009666, ""physical_overlap"": false, ""clearance_valid"": true, ""footprint_radius_m"": 0.2, ""required_clearance_m"": 0.05, ""checker"": ""DIRECT_GEOMETRY_SWEPT_CIRCLE_ALONG_PIECEWISE_LINEAR_XY"", ""sample_count"": 8, ""sampling_hint_m"": 0.01, ""first_collision_segment_index"": null, ""continuous_time_claim"": ""only the supplied piecewise-linear path; callers must bound curved-path deviation""}, ""connector_geometric_threshold_met"": true, ""selection_rejected"": false, ""suffix_is_executed"": false}",,,,,,,
episode_008_repeat_01/handoff_023,M0_NATIVE_nearest,original identity at first matched query; gaps measured from B,0.4660374325348433,0.3694784867808801,2,1.0000000000000002,3,"[17.901087944699288, 31.990603828976287, -0.3204974107176173]",0.18472882919204775,0.3894830987183391,0.3286305258367927,0.7953010464527783,1.2613384789876216,5.625772483458189,,1806,0.03333333507180214,"[17.84115860483165, 31.810155537028734, -0.6838866723247516]",3,"[17.901087944699288, 31.990603828976287, -0.3204974107176173]",0.18472882919204775,0.3894830987183391
episode_008_repeat_01/handoff_023,M0_NATIVE_H5_start,original identity at first matched query; gaps measured from B,0.622519580537602,0.49353888025143744,3,0.9999999999999997,4,"[18.052570171332658, 31.951363573399217, -0.19584854167998916]",0.2593398686338272,0.5141319677559673,0.4565100207507242,0.6388188984500196,1.2613384789876216,10.582382161834893,,1806,0.03333333507180214,"[17.84115860483165, 31.810155537028734, -0.6838866723247516]",4,"[18.052570171332658, 31.951363573399217, -0.19584854167998905]",0.2593398686338272,0.5141319677559673
episode_008_repeat_01/handoff_023,HALF_TRANSPORT_LOCAL_SE2_nearest,original identity at first matched query; gaps measured from B,0.16644321245535518,0.13195761108385928,0,1.0,1,"[17.630758943839876, 32.118475227690524, -0.5285231642156947]",0.35746189634584263,0.18145734522026166,0.13213043456950135,1.0948952665322664,1.2613384789876216,13.258310527325143,,1806,0.03333333507180214,"[17.84115860483165, 31.810155537028734, -0.6838866723247516]",1,"[17.8057845304357, 31.92831602620319, -0.4094256407164418]",0.10998055029696305,0.3005548687195146
episode_008_repeat_01/handoff_023,HALF_TRANSPORT_LOCAL_SE2_H5_start,original identity at first matched query; gaps measured from B,0.31626567609193057,0.25073814948210604,1,1.0,2,"[17.76207533399305, 32.046344954661286, -0.4590351156622279]",0.235215598348383,0.2509453937737285,0.20768553302462045,0.9450728028956911,1.2613384789876216,6.451438229702707,,1806,0.03333333507180214,"[17.84115860483165, 31.810155537028734, -0.6838866723247516]",2,"[17.93015527448616, 31.88489165773511, -0.347289614647817]",0.12018179465011636,0.3626908947881393
episode_008_repeat_01/handoff_023,FULL_LOCAL_SE2_nearest,original identity at first matched query; gaps measured from B,0.0,0.0,0,0.0,0,"[17.491339630068165, 32.209390561490075, -0.6507992021471369]",0.51456181094824,0.05918130728881942,0.13213043456950135,1.2613384789876216,1.2613384789876216,26.52848701765875,,1806,0.03333333507180214,"[17.84115860483165, 31.810155537028734, -0.6838866723247516]",0,"[17.85694741690576, 31.8059512562431, -0.40731344946977543]",0.03201292186659111,0.30266705996618093
episode_008_repeat_01/handoff_023,FULL_LOCAL_SE2_H5_start,original identity at first matched query; gaps measured from B,0.16644321245535518,0.13195761108385928,0,1.0,1,"[17.630758943839876, 32.118475227690524, -0.5285231642156947]",0.35746189634584263,0.18145734522026166,0.13213043456950135,1.0948952665322664,1.2613384789876216,13.258310527325143,,1806,0.03333333507180214,"[17.84115860483165, 31.810155537028734, -0.6838866723247516]",1,"[18.00261904882836, 31.7609383588257, -0.2901574137883509]",0.184054227075241,0.41982309564760545
episode_013_repeat_00/handoff_020,C0_ROW0,continuous original FRESH at B,0.0,0.0,0,0.0,0,"[19.58011869493645, 9.376912477706295, -1.6882168896564147]",0.3946790429388128,0.3286399480050741,0.34294727751152143,1.2832864102478099,1.2832864102478099,17.15296324561859,,,,,,,,
episode_013_repeat_00/handoff_020,C1_XY_PROJECTION,continuous original FRESH at B,0.3392920662039436,0.264393095332806,2,0.22054154941072646,2,"[19.516333811852085, 9.044315276940615, -1.8652517646249573]",0.16088422588979834,0.5056748229736168,0.5406270586452766,0.9439943440438663,1.2832864102478099,6.319202972372854,"{""label"": ""hypothetical straight connector diagnostic only"", ""connector"": {""status"": ""SWEPT_POLYLINE_CLEARANCE_VALID"", ""workspace_known"": true, ""unknown"": false, ""minimum_clearance_m"": 0.8780011834290089, ""physical_overlap"": false, ""clearance_valid"": true, ""footprint_radius_m"": 0.2, ""required_clearance_m"": 0.05, ""checker"": ""DIRECT_GEOMETRY_SWEPT_CIRCLE_ALONG_PIECEWISE_LINEAR_XY"", ""sample_count"": 2, ""sampling_hint_m"": 0.01, ""first_collision_segment_index"": null, ""continuous_time_claim"": ""only the supplied piecewise-linear path; callers must bound curved-path deviation""}, ""suffix"": {""status"": ""SWEPT_POLYLINE_CLEARANCE_VALID"", ""workspace_known"": true, ""unknown"": false, ""minimum_clearance_m"": 1.0295768015199653, ""physical_overlap"": false, ""clearance_valid"": true, ""footprint_radius_m"": 0.2, ""required_clearance_m"": 0.05, ""checker"": ""DIRECT_GEOMETRY_SWEPT_CIRCLE_ALONG_PIECEWISE_LINEAR_XY"", ""sample_count"": 8, ""sampling_hint_m"": 0.01, ""first_collision_segment_index"": null, ""continuous_time_claim"": ""only the supplied piecewise-linear path; callers must bound curved-path deviation""}, ""connector_geometric_threshold_met"": true, ""selection_rejected"": false, ""suffix_is_executed"": false}",,,,,,,
episode_013_repeat_00/handoff_020,C2_SE2_PROJECTION,continuous original FRESH at B,0.30546831557487586,0.23803596230391638,1,1.0,2,"[19.52727520683788, 9.076320463744977, -1.838077897585263]",0.1644012781178324,0.4785009559339224,0.4265421238765963,0.977818094672934,1.2832864102478099,6.043407942107248,"{""label"": ""hypothetical straight connector diagnostic only"", ""connector"": {""status"": ""SWEPT_POLYLINE_CLEARANCE_VALID"", ""workspace_known"": true, ""unknown"": false, ""minimum_clearance_m"": 0.8780011834290089, ""physical_overlap"": false, ""clearance_valid"": true, ""footprint_radius_m"": 0.2, ""required_clearance_m"": 0.05, ""checker"": ""DIRECT_GEOMETRY_SWEPT_CIRCLE_ALONG_PIECEWISE_LINEAR_XY"", ""sample_count"": 2, ""sampling_hint_m"": 0.01, ""first_collision_segment_index"": null, ""continuous_time_claim"": ""only the supplied piecewise-linear path; callers must bound curved-path deviation""}, ""suffix"": {""status"": ""SWEPT_POLYLINE_CLEARANCE_VALID"", ""workspace_known"": true, ""unknown"": false, ""minimum_clearance_m"": 1.018635465276953, ""physical_overlap"": false, ""clearance_valid"": true, ""footprint_radius_m"": 0.2, ""required_clearance_m"": 0.05, ""checker"": ""DIRECT_GEOMETRY_SWEPT_CIRCLE_ALONG_PIECEWISE_LINEAR_XY"", ""sample_count"": 9, ""sampling_hint_m"": 0.01, ""first_collision_segment_index"": null, ""continuous_time_claim"": ""only the supplied piecewise-linear path; callers must bound curved-path deviation""}, ""connector_geometric_threshold_met"": true, ""selection_rejected"": false, ""suffix_is_executed"": false}",,,,,,,
episode_013_repeat_00/handoff_020,C3_FORWARD_SE2,continuous original FRESH at B,0.3392920662039436,0.264393095332806,2,0.22054154941072646,2,"[19.516333811852085, 9.044315276940615, -1.8652517646249573]",0.16088422588979834,0.5056748229736168,0.5406270586452766,0.9439943440438663,1.2832864102478099,6.319202972372854,"{""label"": ""hypothetical straight connector diagnostic only"", ""connector"": {""status"": ""SWEPT_POLYLINE_CLEARANCE_VALID"", ""workspace_known"": true, ""unknown"": false, ""minimum_clearance_m"": 0.8780011834290089, ""physical_overlap"": false, ""clearance_valid"": true, ""footprint_radius_m"": 0.2, ""required_clearance_m"": 0.05, ""checker"": ""DIRECT_GEOMETRY_SWEPT_CIRCLE_ALONG_PIECEWISE_LINEAR_XY"", ""sample_count"": 2, ""sampling_hint_m"": 0.01, ""first_collision_segment_index"": null, ""continuous_time_claim"": ""only the supplied piecewise-linear path; callers must bound curved-path deviation""}, ""suffix"": {""status"": ""SWEPT_POLYLINE_CLEARANCE_VALID"", ""workspace_known"": true, ""unknown"": false, ""minimum_clearance_m"": 1.0295768015199653, ""physical_overlap"": false, ""clearance_valid"": true, ""footprint_radius_m"": 0.2, ""required_clearance_m"": 0.05, ""checker"": ""DIRECT_GEOMETRY_SWEPT_CIRCLE_ALONG_PIECEWISE_LINEAR_XY"", ""sample_count"": 8, ""sampling_hint_m"": 0.01, ""first_collision_segment_index"": null, ""continuous_time_claim"": ""only the supplied piecewise-linear path; callers must bound curved-path deviation""}, ""connector_geometric_threshold_met"": true, ""selection_rejected"": false, ""suffix_is_executed"": false}",,,,,,,
episode_013_repeat_00/handoff_020,M0_NATIVE_nearest,original identity at first matched query; gaps measured from B,0.30546831557487586,0.23803596230391638,1,1.0,2,"[19.52727520683788, 9.076320463744977, -1.838077897585263]",0.1644012781178324,0.4785009559339224,0.4265421238765963,0.977818094672934,1.2832864102478099,6.043407942107248,,1524,0.0,"[19.668567955248744, 8.99227202834442, -1.3595769416513406]",2,"[19.52727520683788, 9.076320463744977, -1.838077897585263]",0.1644012781178324,0.4785009559339224
episode_013_repeat_00/handoff_020,M0_NATIVE_H5_start,original identity at first matched query; gaps measured from B,0.45883511071820704,0.35754692565442453,2,1.0000000000000002,3,"[19.477663716327225, 8.93119956979153, -1.9612921722301146]",0.20043521055916969,0.6017152305787741,0.5406270586452766,0.8244512995296028,1.2832864102478099,9.299991220415258,,1524,0.0,"[19.668567955248744, 8.99227202834442, -1.3595769416513406]",3,"[19.477663716327225, 8.93119956979153, -1.9612921722301146]",0.20043521055916969,0.6017152305787741
episode_013_repeat_00/handoff_020,HALF_TRANSPORT_LOCAL_SE2_nearest,original identity at first matched query; gaps measured from B,0.15092795415656723,0.11761049828885992,0,1.0,1,"[19.560294721628573, 9.227292099989302, -1.7314926333793303]",0.2587615257230753,0.3719156917279898,0.34294727751152143,1.1323584560912425,1.2832864102478099,8.713894862040858,,1524,0.0,"[19.668567955248744, 8.99227202834442, -1.3595769416513406]",1,"[19.601740192631407, 9.026665493450597, -1.7276878367043078]",0.07515890032756527,0.36811089505296724
episode_013_repeat_00/handoff_020,HALF_TRANSPORT_LOCAL_SE2_H5_start,original identity at first matched query; gaps measured from B,0.30546831557487586,0.23803596230391638,1,1.0,2,"[19.52727520683788, 9.076320463744977, -1.838077897585263]",0.1644012781178324,0.4785009559339224,0.4265421238765963,0.977818094672934,1.2832864102478099,6.043407942107248,,1524,0.0,"[19.668567955248744, 8.99227202834442, -1.3595769416513406]",2,"[19.566357837697154, 8.890984618639521, -1.8370663544456949]",0.1438959606612975,0.4774894127943543
episode_013_repeat_00/handoff_020,FULL_LOCAL_SE2_nearest,original identity at first matched query; gaps measured from B,0.0,0.0,0,0.0,0,"[19.58011869493645, 9.376912477706295, -1.6882168896564147]",0.3946790429388128,0.3286399480050741,0.34294727751152143,1.2832864102478099,1.2832864102478099,17.15296324561859,,1524,0.0,"[19.668567955248744, 8.99227202834442, -1.3595769416513406]",0,"[19.6647521622555, 8.964921075474226, -1.6779508650554174]",0.027615845072618033,0.3183739234040768
episode_013_repeat_00/handoff_020,FULL_LOCAL_SE2_H5_start,original identity at first matched query; gaps measured from B,0.15092795415656723,0.11761049828885992,0,1.0,1,"[19.560294721628573, 9.227292099989302, -1.7314926333793303]",0.2587615257230753,0.3719156917279898,0.34294727751152143,1.1323584560912425,1.2832864102478099,8.713894862040858,,1524,0.0,"[19.668567955248744, 8.99227202834442, -1.3595769416513406]",1,"[19.644371623260927, 8.826287138556538, -1.7238882378740212]",0.16773922057634616,0.36431129622268066
