metric,R00_NoR_minus_Full,R01_NoR_minus_Full,sign_consistent
max_position_error_05_m,-0.006150313846552485,-0.006150310165348644,True
position_auc_03_m_s,-0.00044653014980082506,-0.0004465299013720822,True
position_auc_09_m_s,-0.003842924796446434,-0.0038429225641817277,True
yaw_auc_03_rad_s,2.880065871832538e-06,2.880064361235335e-06,True
yaw_auc_09_rad_s,-0.0013882660510397549,-0.0013882643223064872,True
sustained_attachment_s,-0.05000000260770321,-0.05000000260770321,True
remaining_arc_at_attachment_m,0.046174038818155294,0.046174046633499,True
execution_clearance_lower_bound_m,0.005075483378004814,0.005075402588004152,True
endpoint_error_m,-0.005036836129935787,-0.005036840433045822,True
linear_command_TV,0.39999840809686416,0.3999984079884431,True
angular_command_TV,-0.031339568190901446,-0.03133951842028626,True
relative_translation_RMS_m,0.0022200041573663884,0.0022200031964668375,True
relative_translation_max_m,0.006574432255203051,0.006574429908603255,True
