metric,negative,zero,positive,unavailable,median,reversals_vs_R00_R01
max_position_error_05_m,1,0,3,0,8.423729295532756e-05,"['episode_001_repeat_01/handoff_013', 'episode_008_repeat_01/handoff_023', 'episode_013_repeat_00/handoff_020']"
position_auc_03_m_s,1,1,2,0,6.506967872299541e-07,"['episode_001_repeat_01/handoff_013', 'episode_008_repeat_01/handoff_023']"
position_auc_09_m_s,1,0,3,0,0.00017511530677211118,"['episode_001_repeat_01/handoff_013', 'episode_008_repeat_01/handoff_023', 'episode_013_repeat_00/handoff_020']"
yaw_auc_03_rad_s,0,1,3,0,1.6734825658670793e-05,[]
yaw_auc_09_rad_s,2,0,2,0,-0.0004159329534532963,"['episode_008_repeat_01/handoff_023', 'episode_013_repeat_00/handoff_020']"
sustained_attachment_s,1,0,1,2,0.025000001303851604,['episode_001_repeat_01/handoff_013']
remaining_arc_at_attachment_m,1,0,1,2,0.02242532280841336,['episode_001_repeat_01/handoff_013']
execution_clearance_lower_bound_m,0,2,2,0,4.205545595103999e-08,[]
endpoint_error_m,3,0,1,0,-0.001601289252096072,['episode_001_repeat_01/handoff_013']
linear_command_TV,1,0,3,0,0.3999991585063617,['episode_013_repeat_00/handoff_020']
angular_command_TV,2,0,2,0,0.02598232766413644,"['episode_001_repeat_01/handoff_013', 'episode_013_repeat_00/handoff_020']"
relative_translation_RMS_m,0,0,4,0,0.005321174239517432,[]
relative_translation_max_m,0,0,4,0,0.016453085537904304,[]
