source_id,method,initial_position_error_m,initial_yaw_error_rad,max_position_error_05_m,initial_separation_growth_m,position_auc_03_m_s,position_auc_09_m_s,yaw_auc_03_rad_s,yaw_auc_09_rad_s,sustained_attachment_s,attachment_fractional_row,attachment_fractional_arc,remaining_arc_at_attachment_m,execution_clearance_lower_bound_m,endpoint_error_m,linear_command_TV,angular_command_TV,max_abs_omega_radps,termination_reason
OSA03_R00,M0_NATIVE,0.10664856928856484,0.5236084875992257,0.2152623766763289,0.10861380738776405,0.04792036229183012,0.16906563251616213,0.12276362452727693,0.1933680494136356,1.4666667431592941,8.71784637002957,0.9686051616830201,0.04248492430721584,0.1335610944454762,0.09643902136976042,0.7999999997658901,3.629555770574674,1.5483336579992208,OBSERVATION_CAP
OSA03_R00,M1_TAPER,0.10664856928856484,0.5236084875992257,0.21030394169313935,0.10365537240457451,0.04747391369854325,0.16685343508859454,0.12277934376139284,0.18791128082766012,1.5000000782310963,8.738964972891933,0.9709549989770287,0.039305017516097385,0.13420826937450328,0.09598170550597662,1.1999999717114775,3.5135999273286846,1.4999984440017269,OBSERVATION_CAP
OSA03_R00,FULL_LOCAL_SE2,0.10664856928856484,0.5236084875992257,0.2161714436608281,0.10952287437226327,0.047920433030284385,0.16996395405612266,0.12277452644660163,0.19333482770260801,1.4833334106951952,8.781296839696594,0.975665206370524,0.032930950462033204,0.13370942329410734,0.0963354616970413,0.7999999985716932,3.5391089272561294,1.4999984464115965,OBSERVATION_CAP
OSA03_R00,NO_RELATIVE,0.10664856928856484,0.5236084875992257,0.21002112981427562,0.10337256052571078,0.04747390288048356,0.16612102925967623,0.12277740651247346,0.19194656165156826,1.433333408087492,8.47464282358657,0.9415442444816564,0.0791049892801885,0.13878490667211216,0.09129862556710551,1.1999984066685574,3.507769359065228,1.4999984384223357,OBSERVATION_CAP
episode_001_repeat_01/handoff_013,M0_NATIVE,0.12764430850410247,0.2617935311426791,0.16389494909820979,0.03625064059410732,0.04530249118981344,0.13183311076013646,0.045624119688067115,0.10710397794104336,1.0500000547617674,7.69045316001446,0.8544978777378022,0.1971214721883361,0.7572240410718714,0.07938236707141694,0.8060410689204651,2.5466262439950316,1.0528452887489315,OBSERVATION_CAP
episode_001_repeat_01/handoff_013,M1_TAPER,0.12764430850410247,0.2617935311426791,0.16557531061618125,0.03793100211207878,0.04533684332480751,0.13681895832733348,0.04689759222097873,0.09625307714473937,1.1666667275130749,8.213273112970425,0.9125954481591272,0.1184128015932786,0.7572254304212378,0.08697737439861983,1.0953986407787963,2.4802809280237477,1.0028287167729353,OBSERVATION_CAP
episode_001_repeat_01/handoff_013,FULL_LOCAL_SE2,0.12764430850410247,0.2617935311426791,0.1656017858934682,0.037957477389365724,0.045337745906310414,0.1366822700700247,0.04693106396240735,0.0989513627252467,1.200000062584877,8.102747579450794,0.9003161745210654,0.13504835617698663,0.7572254304222805,0.08609222434798797,1.3897862420368614,2.568850158914602,1.002828679234834,OBSERVATION_CAP
episode_001_repeat_01/handoff_013,NO_RELATIVE,0.12764430850410247,0.2617935311426791,0.16572307389645707,0.03807876539235461,0.04533971728847734,0.13791622827079614,0.0470041746921803,0.09539950779798957,1.3000000678002834,8.111540117078386,0.9012930164512875,0.13372496297565806,0.757225430423681,0.08619238819221746,1.8055975336708245,2.6336038360520524,1.0028286288194417,OBSERVATION_CAP
episode_008_repeat_01/handoff_023,M0_NATIVE,0.1846831899774071,0.3856850314029918,0.23911985817235987,0.05443666819495277,0.06436353657834624,0.18962412194700828,0.07619059023026732,0.17561604313820317,,,,,0.38078884775299965,0.11523801851986509,1.306411556506107,4.0914333000382594,1.9707427078228574,OBSERVATION_CAP
episode_008_repeat_01/handoff_023,M1_TAPER,0.1846831899774071,0.3856850314029918,0.23555598655528598,0.05087279657787888,0.0638543845984114,0.1942297423479183,0.07652330068916104,0.1462932021125676,,,,,0.3808041820786082,0.1330031802119906,1.6120985175293097,3.355972993578421,1.621365960598724,OBSERVATION_CAP
episode_008_repeat_01/handoff_023,FULL_LOCAL_SE2,0.1846831899774071,0.3856850314029918,0.24243246982332384,0.05774927984591674,0.06440230586038567,0.19996365934656624,0.07740262104835309,0.14726935108226893,,,,,0.380796174260458,0.1394062150960112,2.1064115221686177,3.5773505717199376,1.706990287445996,OBSERVATION_CAP
episode_008_repeat_01/handoff_023,NO_RELATIVE,0.1846831899774071,0.3856850314029918,0.2424796564062456,0.05779646642883851,0.06440360715048762,0.2001542651725255,0.0774332106337986,0.14811776430637993,,,,,0.38079625836996944,0.1387309088127548,2.506411431084477,3.5645615499107604,1.7039605646914253,OBSERVATION_CAP
episode_013_repeat_00/handoff_020,M0_NATIVE,0.16088422588979834,0.5056748229736168,0.2527915142182419,0.09190728832844358,0.06119861699822398,0.19818921582078186,0.1206607843845138,0.23059946787853455,1.2833334002643824,7.788272228681691,0.9127535301115488,0.11196220914994415,0.870803817622617,0.08453931374996303,1.4535296655334558,4.825967444408142,2.2713469944920015,OBSERVATION_CAP
episode_013_repeat_00/handoff_020,M1_TAPER,0.16088422588979834,0.5056748229736168,0.26108073317200403,0.1001965072822057,0.062035842118303625,0.2105201284729846,0.12161999421528925,0.1970845122444491,,,,,0.8705837037190992,0.12756008040645625,1.4806387617510763,4.287306686716515,1.963060415209641,OBSERVATION_CAP
episode_013_repeat_00/handoff_020,FULL_LOCAL_SE2,0.16088422588979834,0.5056748229736168,0.270607541138057,0.10972331524825868,0.06299592423363831,0.21733504721540395,0.12278904385945434,0.20096560469952657,,,,,0.8705837037136064,0.13231656121412125,1.4622118904320294,4.394972732538702,1.9630604490980759,OBSERVATION_CAP
episode_013_repeat_00/handoff_020,NO_RELATIVE,0.16088422588979834,0.5056748229736168,0.270983649401605,0.11009942351180668,0.06299592433711082,0.21749467200298891,0.12278904385696274,0.20152200484365973,,,,,0.8705837037113628,0.1297892889931855,1.4399450083652967,4.464219531946671,1.9630604577234212,OBSERVATION_CAP
