source_id,method,sustained_attachment_s,attachment_fractional_row,attachment_fractional_arc,remaining_arc_at_attachment_m,original_FRESH_endpoint_dwell_s,T_post_attach_s,endpoint_error_at_3s_cap_m,first_endpoint_tube_entry_s,executed_path_length_to_endpoint_dwell_m,mean_abs_commanded_v_before_endpoint_dwell_mps
OSA03_R00,M0_NATIVE,1.4666667431592941,8.71784637002957,0.9686051616830201,0.04248492430721584,1.5166667457669973,0.05000000260770321,0.09643902136976042,1.5166667457669973,1.180000062952091,0.778021978951843
OSA03_R00,FULL_LOCAL_SE2,1.4833334106951952,8.781296839696594,0.975665206370524,0.032930950462033204,1.5166667457669973,0.03333333507180214,0.0963354616970413,1.5166667457669973,1.1800000646630187,0.7780219800799271
OSA03_R00,C3_ENTRY_SUFFIX,1.4666667431592941,8.71784636691623,0.9686051613366033,0.04248492477600285,1.5166667457669973,0.05000000260770321,0.09643902120903965,1.5166667457669973,1.1800000624175682,0.7780219785994104
episode_001_repeat_01/handoff_013,M0_NATIVE,1.0500000547617674,7.69045316001446,0.8544978777378022,0.1971214721883361,1.2500000651925802,0.20000001043081284,0.07938236707141694,1.2500000651925802,0.9844865522919273,0.7875892007575641
episode_001_repeat_01/handoff_013,FULL_LOCAL_SE2,1.200000062584877,8.102747579450794,0.9003161745210654,0.13504835617698663,1.3333334028720856,0.13333334028720856,0.08609222434798797,1.3333334028720856,0.9907811587854782,0.7430858303341626
episode_001_repeat_01/handoff_013,C3_ENTRY_SUFFIX,1.0500000547617674,7.69045316001446,0.8544978777378022,0.1971214721883361,1.2500000651925802,0.20000001043081284,0.07938236707141694,1.2500000651925802,0.9844865522919273,0.7875892007575641
episode_008_repeat_01/handoff_023,M0_NATIVE,,,,,,,0.11523801851986509,,,
episode_008_repeat_01/handoff_023,FULL_LOCAL_SE2,,,,,,,0.1394062150960112,,,
episode_008_repeat_01/handoff_023,C3_ENTRY_SUFFIX,,,,,,,0.11235439505980861,,,
episode_013_repeat_00/handoff_020,M0_NATIVE,1.2833334002643824,7.788272228681691,0.9127535301115488,0.11196220914994415,1.4000000730156898,0.11666667275130749,0.08453931374996303,1.4000000730156898,1.0674848102239443,0.7624891103930542
episode_013_repeat_00/handoff_020,FULL_LOCAL_SE2,,,,,,,0.13231656121412125,,,
episode_013_repeat_00/handoff_020,C3_ENTRY_SUFFIX,1.2833334002643824,7.788272228681691,0.9127535301115488,0.11196220914994415,1.4000000730156898,0.11666667275130749,0.08453931374996303,1.4000000730156898,1.0674848102239443,0.7624891103930542
