handoff,handoff_index,OLD_chunk,FRESH_chunk,evolution,raw_hash_equal,E_star_arc_m,E_star_progress,E_star_segment,E_star_alpha,E_star_world,E_star_nearest_raw_row,remaining_original_arc_m,removed_prefix_arc_m,removed_prefix_fraction,B_to_E_gap_m,B_to_E_yaw_gap_rad,incoming_old_tangent_rad,fresh_entry_tangent_rad,signed_transition_turn_demand_rad,abs_transition_turn_demand_rad,fresh_suffix_final_lateral_m,fresh_suffix_max_abs_lateral_m,fresh_suffix_net_yaw_rad,fresh_suffix_abs_net_yaw_rad,fresh_suffix_max_abs_tangent_change_rad,local_polyline_separation_m,existing_endpoint_lateral_delta_m,existing_wrapped_net_yaw_delta_rad,existing_max_absolute_local_yaw_difference_deg,max_abs_same_row_local_yaw_difference_rad,A_to_B_translation_m,A_to_B_yaw_change_rad,A_to_B_executed_XY_arc_m,original_FRESH_clearance_m,suffix_clearance_m,hypothetical_connector_clearance_m,connector_physical_overlap,original_legacy_05_pass,suffix_legacy_05_pass,hypothetical_connector_legacy_05_pass,native_position_auc_03_m_s,native_yaw_auc_03_rad_s,native_T_turn50_s,native_metric_coverage,native_coverage_s,native_T_turn50_status,native_position_auc_full_m_s,native_yaw_auc_full_rad_s,native_T_turn50_full_s,native_T_turn50_full_status,rank_progress,rank_gap,rank_turn,rank_fresh_turn,rank_revision,pareto_hard,candidate_role
C1_to_C2,1,chunk_001,chunk_002,EVOLVING,False,0.0,0.0,0,0.0,"[19.20057564002498, 25.012578154271335, -1.5749742923613288]",0,1.352387715758341,0.0,0.0,0.03743237936479145,0.014658605655130108,-1.5889905226335947,-1.5727258913199118,0.01626463131368272,0.01626463131368272,0.3817948343853739,0.3817948343853739,0.5201619910076261,0.5201619910076261,0.519554516070964,0.4871873421559301,0.5178804099559784,0.7797943083569407,15.24364521793843,0.78078892827034,0.11333266045590565,-0.012302021471258584,0.11333333571813817,0.6694778631978933,0.6694778631978933,1.0316988620201981,False,True,True,True,0.0020504113629284575,0.011239997891456006,0.03333333507180214,COMPLETE_0.30,0.46666669100522995,OBSERVED,0.0031407379609882935,0.02533167248486271,0.03333333507180214,OBSERVED,3,3,7,2,1,True,REVISION
C2_to_C3,2,chunk_002,chunk_003,EVOLVING,False,0.0,0.0,0,0.0,"[19.231208577000924, 24.813170528357436, -1.3266803772676643]",0,1.354701250815593,0.0,0.0,0.0421319385542338,0.12074972816862584,-1.4501866286736942,-1.2777635926093605,0.17242303606433396,0.17242303606433396,0.3719956672255842,0.3719956672255842,0.33703331649303436,0.33703331649303436,0.28716652905073126,0.2526034885138948,0.2448117434978485,-0.1831286745145917,0.09336527085948987,0.39621898904442787,0.11331349759055266,0.06816863885961055,0.1133332548294847,0.6419784789026293,0.6419784789026293,1.0268579836809044,False,True,True,True,0.005314442136136231,0.013838302913143056,0.10000000521540642,COMPLETE_0.30,0.46666669100522995,OBSERVED,0.006861287371276611,0.02489107636422186,0.10000000521540642,OBSERVED,2,2,1,6,4,True,TURN
C3_to_C4,3,chunk_003,chunk_004,EVOLVING,False,0.0,0.0,0,0.0,"[19.312526048937492, 24.63938619561774, -0.9937478179583339]",0,1.3554215288880997,0.0,0.0,0.044487450112538685,0.11694233126689824,-1.1144847503568183,-0.9944715292335256,0.12001322112329271,0.12001322112329271,-0.1498613351804554,0.1498613351804554,-0.3751489818096161,0.3751489818096161,0.3203032153767653,0.3979989592198775,-0.38929903507232666,-0.7121822983026505,-15.132676842040526,0.6392640173435211,0.11324208357455685,0.1448943167204675,0.11333298334430077,0.4603106284900796,0.4603106284900796,1.0972222898972064,False,True,True,True,0.00845621702905972,0.020231539032232838,0.18333334289491177,COMPLETE_0.30,0.483333358541131,OBSERVED,0.013844067108561025,0.024956114880324183,0.18333334289491177,OBSERVED,1,1,3,5,2,True,PROGRESS
C4_to_C5,4,chunk_004,chunk_005,EVOLVING,False,0.0,0.0,0,0.0,"[19.391277270501412, 24.45540584075497, -1.0418300965514913]",0,1.356084348374716,0.0,0.0,0.0048438556216767355,0.026096539061965626,-1.0158359500372625,-1.0421645507241655,-0.026328600686903236,0.026328600686903236,-0.13978898364243975,0.13978898364243975,-0.29698034017928876,0.29698034017928876,0.2951128384224684,0.3800339080715969,-0.37976570427417755,0.07816864163032733,1.991812935569948,0.26148959808051586,0.1466624860997158,0.02647653744437939,0.14666665743198568,0.30327110499381643,0.30327110499381643,1.1597119948479344,False,True,True,True,0.0011242730803784362,0.002793020905599605,0.10000000521540642,COMPLETE_0.30,0.40000002086162567,OBSERVED,0.0014870288749614649,0.003951636774978409,0.10000000521540642,OBSERVED,6,6,6,7,3,False,
C5_to_C6,5,chunk_005,chunk_006,EVOLVING,False,0.0,0.0,0,0.0,"[19.50578292160739, 24.2870028786595, -0.9570533825055527]",0,1.1778944976723253,0.0,0.0,0.01350733778406224,0.11389139349306987,-1.0700056707387002,-0.9445279589819862,0.12547771175671407,0.12547771175671407,-0.268989907105901,0.268989907105901,-0.7076697200536728,0.7076697200536728,0.6891640310200291,0.21131574677246945,-0.03465072810649872,-0.41068937987438403,19.14872562117047,0.33420830965042114,0.14665865404603548,-0.03703032488669322,0.14666665648692018,0.2865552982537243,0.2865552982537243,1.0457647032267259,False,True,True,True,0.005134566821691469,0.028942582483802326,,COMPLETE_0.30,0.40000002086162567,CENSORED_NOT_REACHED,0.007511528818860788,0.03897226410031509,,CENSORED_NOT_REACHED,4,4,2,1,6,True,
C6_to_C7,6,chunk_006,chunk_007,EVOLVING,False,0.0,0.0,0,0.0,"[19.594248182680712, 24.111585416482306, -1.0409238856167953]",0,1.3598750709556555,0.0,0.0,0.003638400392425048,0.0021932643676514374,-1.0420329211521218,-1.0405896970372397,0.001443224114882291,0.001443224114882291,-0.3263791229209829,0.3263791229209829,-0.5126212969480548,0.5126212969480548,0.5043302557460434,0.2212851501476448,-0.1520441472530365,0.19504842310561799,-6.789457336897378,0.14081265218555927,0.1466627638333165,-0.0018822339143476086,0.14666664179225913,0.14294672979704753,0.14294672979704753,0.9572994421534056,False,True,True,True,0.0003570109867840549,0.009910239292004998,,COMPLETE_0.30,0.40000002086162567,CENSORED_NOT_REACHED,0.0007300833022654308,0.01668655755069951,,CENSORED_NOT_REACHED,8,8,8,3,5,False,
C7_to_C8,7,chunk_007,chunk_008,EVOLVING,False,0.0,0.0,0,0.0,"[19.68983179392641, 23.93537370458038, -1.0991056026489758]",0,1.3609431265119984,0.0,0.0,0.004661993318630727,0.0531748707317774,-1.1500523996504437,-1.1107893184564337,0.039263081194009786,0.039263081194009786,-0.3590988266124615,0.3590988266124615,-0.5015516392886639,0.5015516392886639,0.4835441503994815,0.06767678161865967,-0.06703272461891174,0.011069657659390941,0.7887092642180527,0.11388164013624191,0.14662978672444013,-0.07769907143945165,0.14666659116052883,0.1353835372894981,0.1353835372894981,0.8564789941569988,False,True,True,True,0.002008165648070456,0.02131591872679237,,COMPLETE_0.30,0.40000002086162567,CENSORED_NOT_REACHED,0.0033684236628822254,0.0300609153791526,,CENSORED_NOT_REACHED,7,7,5,4,8,False,
C8_to_C9,8,chunk_008,chunk_009,STABLE,True,0.0,0.0,0,0.0,"[19.761247982674153, 23.748307499374366, -1.2077011925560301]",0,1.3609431265119962,0.0,0.0,0.004570428201147133,0.05173606351386928,-1.2572161632272976,-1.219384908363494,0.037831254863803565,0.037831254863803565,-0.35909882661246506,0.35909882661246506,-0.5015516392886639,0.5015516392886639,0.48354415039947174,0.0,0.0,0.0,0.0,0.0,0.14663091000817,-0.0762602642215433,0.1466665932999999,0.06382605574432249,0.06382605574432249,0.6959067257891787,False,True,True,True,0.0019447254860812911,0.021076768959771407,,COMPLETE_0.30,0.40000002086162567,CENSORED_NOT_REACHED,0.0032794907101283853,0.029798190786503836,,CENSORED_NOT_REACHED,,,,,,False,STABLE_CONTROL
C9_to_C10,9,chunk_009,chunk_010,EVOLVING,False,0.0,0.0,0,0.0,"[19.81448699553214, 23.555049439937804, -1.2921166642600987]",0,1.3760534514211236,0.0,0.0,0.006302361401206966,0.07593711486954646,-1.3658185098995663,-1.2930427103956714,0.07277579950389512,0.07277579950389512,-0.19674944229834335,0.19674944229834335,-0.25457457546144724,0.25457457546144724,0.25342773054428047,0.20614133808768148,0.19459712505340576,0.24697706382721663,-15.489364688424224,0.2703404128551483,0.14663019352147358,-0.0770979665492888,0.14666659179011005,0.14716198061991126,0.14716198061991126,0.5248512489767352,False,True,True,True,0.002688919167626844,0.019471472635514863,,COMPLETE_0.30,0.40000002086162567,CENSORED_NOT_REACHED,0.004081958081479396,0.025330010886731112,,CENSORED_NOT_REACHED,5,5,4,8,7,False,
C10_to_C11,10,chunk_010,chunk_011,STABLE,True,0.0,0.0,0,0.0,"[19.851186324988962, 23.35814810015996, -1.3608699063519036]",0,1.3760534514211216,0.0,0.0,0.0040025223711138876,0.007265234441145462,-1.3674429967374282,-1.3617959524874625,0.005647044249965649,0.005647044249965649,-0.19674944229834246,0.19674944229834246,-0.25457457546144724,0.25457457546144724,0.2534277305443249,0.0,0.0,0.0,0.0,0.0,0.1466651879562361,-0.008426086120887799,0.14666666599545786,0.1200884126801039,0.1200884126801039,0.3615289551985679,False,True,True,True,,,,INCOMPLETE_0.30_NO_EXTRAPOLATION,0.10000000521540642,INCOMPLETE_0.30,,,,INCOMPLETE_0.30,,,,,,False,STABLE_CONTROL
