source,baseline,canonical_nodes_to_baseline,baseline_nodes_to_canonical,symmetric_vertex_XY_max_m,symmetric_vertex_yaw_max_rad
OSA03_R00,B_ENTRY,"{""XY_max_m"":0.10280323569958778,""XY_RMS_m"":0.05742301905722298,""yaw_max_rad"":0.3099054534728465,""yaw_RMS_rad"":0.09806908130656167}","{""XY_max_m"":0.10554310253172167,""XY_RMS_m"":0.06445874612354871,""yaw_max_rad"":0.31778549145886537,""yaw_RMS_rad"":0.11977267873713532}",0.10554310253172167,0.31778549145886537
OSA03_R00,HERMITE,"{""XY_max_m"":0.10280323569958778,""XY_RMS_m"":0.05742279603036137,""yaw_max_rad"":0.3091537538186877,""yaw_RMS_rad"":0.09783153913289169}","{""XY_max_m"":0.10554310253172167,""XY_RMS_m"":0.06331945912040461,""yaw_max_rad"":0.31778549145886537,""yaw_RMS_rad"":0.1153220000769424}",0.10554310253172167,0.31778549145886537
OSA03_R00,V2_SINGLE_NODE,"{""XY_max_m"":0.10280323569958778,""XY_RMS_m"":0.05742321067529781,""yaw_max_rad"":0.31022296967977514,""yaw_RMS_rad"":0.09816941881658366}","{""XY_max_m"":0.10554310253172167,""XY_RMS_m"":0.06325015666060903,""yaw_max_rad"":0.31778549145886537,""yaw_RMS_rad"":0.11570472290590812}",0.10554310253172167,0.31778549145886537
E1,B_ENTRY,"{""XY_max_m"":0.10452135030099274,""XY_RMS_m"":0.06558161244143396,""yaw_max_rad"":0.19139489543345478,""yaw_RMS_rad"":0.0725865035611857}","{""XY_max_m"":0.15857751134111892,""XY_RMS_m"":0.09746988335628448,""yaw_max_rad"":0.19749837761779654,""yaw_RMS_rad"":0.09588481472450965}",0.15857751134111892,0.19749837761779654
E1,HERMITE,"{""XY_max_m"":0.10452135030099274,""XY_RMS_m"":0.06558161244143396,""yaw_max_rad"":0.19139489543345478,""yaw_RMS_rad"":0.0725865035611857}","{""XY_max_m"":0.15857751134111892,""XY_RMS_m"":0.10302113649429535,""yaw_max_rad"":0.19749837761779654,""yaw_RMS_rad"":0.09319300981374301}",0.15857751134111892,0.19749837761779654
E1,V2_SINGLE_NODE,"{""XY_max_m"":0.10452135030099274,""XY_RMS_m"":0.06558161244143396,""yaw_max_rad"":0.19139489543345478,""yaw_RMS_rad"":0.0725865035611857}","{""XY_max_m"":0.15857751134111892,""XY_RMS_m"":0.10285044716106269,""yaw_max_rad"":0.19749837761779654,""yaw_RMS_rad"":0.0931937045245927}",0.15857751134111892,0.19749837761779654
E2,B_ENTRY,"{""XY_max_m"":0.08667277814498471,""XY_RMS_m"":0.054442239972291695,""yaw_max_rad"":0.13616416219746919,""yaw_RMS_rad"":0.06212347746257364}","{""XY_max_m"":0.1564945404947123,""XY_RMS_m"":0.08989172148241789,""yaw_max_rad"":0.13587750615691085,""yaw_RMS_rad"":0.0747694319278815}",0.1564945404947123,0.13616416219746919
E2,HERMITE,"{""XY_max_m"":0.08667277814498471,""XY_RMS_m"":0.054442239972291695,""yaw_max_rad"":0.13616416219746919,""yaw_RMS_rad"":0.06212347746257364}","{""XY_max_m"":0.1564945404947123,""XY_RMS_m"":0.09743245485553242,""yaw_max_rad"":0.13587750615691085,""yaw_RMS_rad"":0.07117306055816527}",0.1564945404947123,0.13616416219746919
E2,V2_SINGLE_NODE,"{""XY_max_m"":0.08667277814498471,""XY_RMS_m"":0.054442239972291695,""yaw_max_rad"":0.13616416219746919,""yaw_RMS_rad"":0.06212347746257364}","{""XY_max_m"":0.1564945404947123,""XY_RMS_m"":0.09730299762762659,""yaw_max_rad"":0.13587750615691085,""yaw_RMS_rad"":0.07117326838414112}",0.1564945404947123,0.13616416219746919
E3,B_ENTRY,"{""XY_max_m"":0.041110785545747666,""XY_RMS_m"":0.018786511138154716,""yaw_max_rad"":0.1304101771325339,""yaw_RMS_rad"":0.08139691178468518}","{""XY_max_m"":0.15192866628664847,""XY_RMS_m"":0.06920864889320635,""yaw_max_rad"":0.2606374220993146,""yaw_RMS_rad"":0.1184511030992154}",0.15192866628664847,0.2606374220993146
E3,HERMITE,"{""XY_max_m"":0.041110785545747666,""XY_RMS_m"":0.018786511138154716,""yaw_max_rad"":0.1304101771325339,""yaw_RMS_rad"":0.08139691178468518}","{""XY_max_m"":0.15192866628664847,""XY_RMS_m"":0.07947855191632239,""yaw_max_rad"":0.2606374220993146,""yaw_RMS_rad"":0.12740047639933214}",0.15192866628664847,0.2606374220993146
E3,V2_SINGLE_NODE,"{""XY_max_m"":0.041110785545747666,""XY_RMS_m"":0.018786511138154716,""yaw_max_rad"":0.1304101771325339,""yaw_RMS_rad"":0.08139691178468518}","{""XY_max_m"":0.15192866628664847,""XY_RMS_m"":0.07934030496446885,""yaw_max_rad"":0.2606374220993146,""yaw_RMS_rad"":0.12740182828246002}",0.15192866628664847,0.2606374220993146
E4,B_ENTRY,"{""XY_max_m"":0.04552245960828386,""XY_RMS_m"":0.02612295806837682,""yaw_max_rad"":0.05906555186829143,""yaw_RMS_rad"":0.02715377055960852}","{""XY_max_m"":0.1502474442610702,""XY_RMS_m"":0.08443722374292167,""yaw_max_rad"":0.09192072248079652,""yaw_RMS_rad"":0.03957109230012127}",0.1502474442610702,0.09192072248079652
E4,HERMITE,"{""XY_max_m"":0.04552245960828386,""XY_RMS_m"":0.02612295806837682,""yaw_max_rad"":0.05906555186829143,""yaw_RMS_rad"":0.02715377055960852}","{""XY_max_m"":0.1502474442610702,""XY_RMS_m"":0.09196979866821181,""yaw_max_rad"":0.09192072248079652,""yaw_RMS_rad"":0.038836416215122634}",0.1502474442610702,0.09192072248079652
E4,V2_SINGLE_NODE,"{""XY_max_m"":0.04552245960828386,""XY_RMS_m"":0.02612295806837682,""yaw_max_rad"":0.05906555186829143,""yaw_RMS_rad"":0.02715377055960852}","{""XY_max_m"":0.1502474442610702,""XY_RMS_m"":0.09191462674060848,""yaw_max_rad"":0.09192072248079652,""yaw_RMS_rad"":0.038836576840964074}",0.1502474442610702,0.09192072248079652
